Filename,Folder,Format,UniProt_ID,PDB_ID,Has_Match_In_Other_Folder
clean_Q92185.pdb,AlphaFold,PDB,clean_Q92185,N/A,False
clean_Q9HCQ5.pdb,AlphaFold,PDB,clean_Q9HCQ5,N/A,False
clean_Q9BQQ7.pdb,AlphaFold,PDB,clean_Q9BQQ7,N/A,False
clean_P54259.pdb,AlphaFold,PDB,clean_P54259,N/A,False
clean_Q9ULP9.pdb,AlphaFold,PDB,clean_Q9ULP9,N/A,False
clean_Q8WVR3.pdb,AlphaFold,PDB,clean_Q8WVR3,N/A,False
clean_Q9UIR0.pdb,AlphaFold,PDB,clean_Q9UIR0,N/A,False
clean_Q969Z0.pdb,AlphaFold,PDB,clean_Q969Z0,N/A,False
clean_Q8TF63.pdb,AlphaFold,PDB,clean_Q8TF63,N/A,False
clean_P42694.pdb,AlphaFold,PDB,clean_P42694,N/A,False
clean_Q9GZY8.pdb,AlphaFold,PDB,clean_Q9GZY8,N/A,False
clean_P0DI82.pdb,AlphaFold,PDB,clean_P0DI82,N/A,False
clean_Q96NR3.pdb,AlphaFold,PDB,clean_Q96NR3,N/A,False
clean_Q8WWZ7.pdb,AlphaFold,PDB,clean_Q8WWZ7,N/A,False
clean_Q5VZY2.pdb,AlphaFold,PDB,clean_Q5VZY2,N/A,False
clean_Q9Y6N8.pdb,AlphaFold,PDB,clean_Q9Y6N8,N/A,False
clean_Q96NB1.pdb,AlphaFold,PDB,clean_Q96NB1,N/A,False
clean_Q8IY22.pdb,AlphaFold,PDB,clean_Q8IY22,N/A,False
clean_Q2QGD7.pdb,AlphaFold,PDB,clean_Q2QGD7,N/A,False
clean_Q969S2.pdb,AlphaFold,PDB,clean_Q969S2,N/A,False
clean_Q5JQC4.pdb,AlphaFold,PDB,clean_Q5JQC4,N/A,False
clean_Q96JG6.pdb,AlphaFold,PDB,clean_Q96JG6,N/A,False
clean_Q02221.pdb,AlphaFold,PDB,clean_Q02221,N/A,False
clean_Q9UH92.pdb,AlphaFold,PDB,clean_Q9UH92,N/A,False
clean_Q13887.pdb,AlphaFold,PDB,clean_Q13887,N/A,False
clean_Q9HCH3.pdb,AlphaFold,PDB,clean_Q9HCH3,N/A,False
clean_Q56P03.pdb,AlphaFold,PDB,clean_Q56P03,N/A,False
clean_O95810.pdb,AlphaFold,PDB,clean_O95810,N/A,False
clean_Q8IZS8.pdb,AlphaFold,PDB,clean_Q8IZS8,N/A,False
clean_Q13367.pdb,AlphaFold,PDB,clean_Q13367,N/A,False
clean_Q9BWV2.pdb,AlphaFold,PDB,clean_Q9BWV2,N/A,False
clean_O00358.pdb,AlphaFold,PDB,clean_O00358,N/A,False
clean_Q9NY47.pdb,AlphaFold,PDB,clean_Q9NY47,N/A,False
clean_O43895.pdb,AlphaFold,PDB,clean_O43895,N/A,False
clean_Q9H0R3.pdb,AlphaFold,PDB,clean_Q9H0R3,N/A,False
clean_Q9BST9.pdb,AlphaFold,PDB,clean_Q9BST9,N/A,False
clean_Q9P0W8.pdb,AlphaFold,PDB,clean_Q9P0W8,N/A,False
clean_O43687.pdb,AlphaFold,PDB,clean_O43687,N/A,False
clean_Q8WXS8.pdb,AlphaFold,PDB,clean_Q8WXS8,N/A,False
clean_Q8WXE1.pdb,AlphaFold,PDB,clean_Q8WXE1,N/A,False
clean_Q6UB35.pdb,AlphaFold,PDB,clean_Q6UB35,N/A,False
clean_A8MQT2.pdb,AlphaFold,PDB,clean_A8MQT2,N/A,False
clean_P49447.pdb,AlphaFold,PDB,clean_P49447,N/A,False
clean_O43427.pdb,AlphaFold,PDB,clean_O43427,N/A,False
clean_Q86UN3.pdb,AlphaFold,PDB,clean_Q86UN3,N/A,False
clean_P26006.pdb,AlphaFold,PDB,clean_P26006,N/A,False
clean_Q9NQ25.pdb,AlphaFold,PDB,clean_Q9NQ25,N/A,False
clean_Q7Z2X4.pdb,AlphaFold,PDB,clean_Q7Z2X4,N/A,False
clean_P30301.pdb,AlphaFold,PDB,clean_P30301,N/A,False
clean_Q8IYB4.pdb,AlphaFold,PDB,clean_Q8IYB4,N/A,False
clean_Q5T011.pdb,AlphaFold,PDB,clean_Q5T011,N/A,False
clean_O60266.pdb,AlphaFold,PDB,clean_O60266,N/A,False
clean_O95996.pdb,AlphaFold,PDB,clean_O95996,N/A,False
clean_Q8NER5.pdb,AlphaFold,PDB,clean_Q8NER5,N/A,False
clean_P40145.pdb,AlphaFold,PDB,clean_P40145,N/A,False
clean_Q5DX21.pdb,AlphaFold,PDB,clean_Q5DX21,N/A,False
clean_Q99608.pdb,AlphaFold,PDB,clean_Q99608,N/A,False
clean_Q9BXL6.pdb,AlphaFold,PDB,clean_Q9BXL6,N/A,False
clean_Q7Z5J4.pdb,AlphaFold,PDB,clean_Q7Z5J4,N/A,False
clean_Q9UBJ2.pdb,AlphaFold,PDB,clean_Q9UBJ2,N/A,False
clean_O43505.pdb,AlphaFold,PDB,clean_O43505,N/A,False
clean_Q96DB2.pdb,AlphaFold,PDB,clean_Q96DB2,N/A,False
clean_Q9BY76.pdb,AlphaFold,PDB,clean_Q9BY76,N/A,False
clean_Q10571.pdb,AlphaFold,PDB,clean_Q10571,N/A,False
clean_Q9UIG8.pdb,AlphaFold,PDB,clean_Q9UIG8,N/A,False
clean_O15078.pdb,AlphaFold,PDB,clean_O15078,N/A,False
clean_Q86X76.pdb,AlphaFold,PDB,clean_Q86X76,N/A,False
clean_O95394.pdb,AlphaFold,PDB,clean_O95394,N/A,False
clean_Q8N490.pdb,AlphaFold,PDB,clean_Q8N490,N/A,False
clean_P58513.pdb,AlphaFold,PDB,clean_P58513,N/A,False
clean_Q7Z442.pdb,AlphaFold,PDB,clean_Q7Z442,N/A,False
clean_Q9NYA3.pdb,AlphaFold,PDB,clean_Q9NYA3,N/A,False
clean_Q93098.pdb,AlphaFold,PDB,clean_Q93098,N/A,False
clean_Q86Y13.pdb,AlphaFold,PDB,clean_Q86Y13,N/A,False
clean_Q8NHY3.pdb,AlphaFold,PDB,clean_Q8NHY3,N/A,False
clean_Q7Z7G8.pdb,AlphaFold,PDB,clean_Q7Z7G8,N/A,False
clean_Q9P0J7.pdb,AlphaFold,PDB,clean_Q9P0J7,N/A,False
clean_Q5VT25.pdb,AlphaFold,PDB,clean_Q5VT25,N/A,False
clean_D6RIA3.pdb,AlphaFold,PDB,clean_D6RIA3,N/A,False
clean_Q969Q6.pdb,AlphaFold,PDB,clean_Q969Q6,N/A,False
clean_Q8IUM7.pdb,AlphaFold,PDB,clean_Q8IUM7,N/A,False
clean_Q9UBX5.pdb,AlphaFold,PDB,clean_Q9UBX5,N/A,False
clean_P22676.pdb,AlphaFold,PDB,clean_P22676,N/A,False
clean_O60687.pdb,AlphaFold,PDB,clean_O60687,N/A,False
clean_O95741.pdb,AlphaFold,PDB,clean_O95741,N/A,False
clean_Q14929.pdb,AlphaFold,PDB,clean_Q14929,N/A,False
clean_Q67FW5.pdb,AlphaFold,PDB,clean_Q67FW5,N/A,False
clean_Q96AQ7.pdb,AlphaFold,PDB,clean_Q96AQ7,N/A,False
clean_Q9BQ70.pdb,AlphaFold,PDB,clean_Q9BQ70,N/A,False
clean_Q7L622.pdb,AlphaFold,PDB,clean_Q7L622,N/A,False
clean_O43182.pdb,AlphaFold,PDB,clean_O43182,N/A,False
clean_O43448.pdb,AlphaFold,PDB,clean_O43448,N/A,False
clean_P23276.pdb,AlphaFold,PDB,clean_P23276,N/A,False
clean_Q8WXH2.pdb,AlphaFold,PDB,clean_Q8WXH2,N/A,False
clean_Q9ULE6.pdb,AlphaFold,PDB,clean_Q9ULE6,N/A,False
clean_O60220.pdb,AlphaFold,PDB,clean_O60220,N/A,False
clean_Q8WXX7.pdb,AlphaFold,PDB,clean_Q8WXX7,N/A,False
clean_Q14123.pdb,AlphaFold,PDB,clean_Q14123,N/A,False
clean_Q9UHQ1.pdb,AlphaFold,PDB,clean_Q9UHQ1,N/A,False
clean_Q04727.pdb,AlphaFold,PDB,clean_Q04727,N/A,False
clean_Q9H4D0.pdb,AlphaFold,PDB,clean_Q9H4D0,N/A,False
clean_Q8NDQ6.pdb,AlphaFold,PDB,clean_Q8NDQ6,N/A,False
clean_Q8IWL1.pdb,AlphaFold,PDB,clean_Q8IWL1,N/A,False
clean_P48634.pdb,AlphaFold,PDB,clean_P48634,N/A,False
clean_I3L3R5.pdb,AlphaFold,PDB,clean_I3L3R5,N/A,False
clean_O95674.pdb,AlphaFold,PDB,clean_O95674,N/A,False
clean_P60323.pdb,AlphaFold,PDB,clean_P60323,N/A,False
clean_Q96GR2.pdb,AlphaFold,PDB,clean_Q96GR2,N/A,False
clean_Q9H1K4.pdb,AlphaFold,PDB,clean_Q9H1K4,N/A,False
clean_Q1AE95.pdb,AlphaFold,PDB,clean_Q1AE95,N/A,False
clean_Q15916.pdb,AlphaFold,PDB,clean_Q15916,N/A,False
clean_Q8N474.pdb,AlphaFold,PDB,clean_Q8N474,N/A,False
clean_A8MT69.pdb,AlphaFold,PDB,clean_A8MT69,N/A,False
clean_Q96SL1.pdb,AlphaFold,PDB,clean_Q96SL1,N/A,False
clean_O95864.pdb,AlphaFold,PDB,clean_O95864,N/A,False
clean_Q9UQC9.pdb,AlphaFold,PDB,clean_Q9UQC9,N/A,False
clean_Q96PV4.pdb,AlphaFold,PDB,clean_Q96PV4,N/A,False
clean_A0A1W2PPL8.pdb,AlphaFold,PDB,clean_A0A1W2PPL8,N/A,False
clean_Q9GZR5.pdb,AlphaFold,PDB,clean_Q9GZR5,N/A,False
clean_Q9GZX3.pdb,AlphaFold,PDB,clean_Q9GZX3,N/A,False
clean_Q86SI9.pdb,AlphaFold,PDB,clean_Q86SI9,N/A,False
clean_Q9Y3D2.pdb,AlphaFold,PDB,clean_Q9Y3D2,N/A,False
clean_O14986.pdb,AlphaFold,PDB,clean_O14986,N/A,False
clean_Q9C0I1.pdb,AlphaFold,PDB,clean_Q9C0I1,N/A,False
clean_Q96LR4.pdb,AlphaFold,PDB,clean_Q96LR4,N/A,False
clean_Q8WWB3.pdb,AlphaFold,PDB,clean_Q8WWB3,N/A,False
clean_Q86VW0.pdb,AlphaFold,PDB,clean_Q86VW0,N/A,False
clean_O75935.pdb,AlphaFold,PDB,clean_O75935,N/A,False
clean_P59942.pdb,AlphaFold,PDB,clean_P59942,N/A,False
clean_Q86SE5.pdb,AlphaFold,PDB,clean_Q86SE5,N/A,False
clean_Q9BQ87.pdb,AlphaFold,PDB,clean_Q9BQ87,N/A,False
clean_O60512.pdb,AlphaFold,PDB,clean_O60512,N/A,False
clean_Q7Z412.pdb,AlphaFold,PDB,clean_Q7Z412,N/A,False
clean_Q8WXS3.pdb,AlphaFold,PDB,clean_Q8WXS3,N/A,False
clean_Q9BQL6.pdb,AlphaFold,PDB,clean_Q9BQL6,N/A,False
clean_Q9NP58.pdb,AlphaFold,PDB,clean_Q9NP58,N/A,False
clean_P0CJ70.pdb,AlphaFold,PDB,clean_P0CJ70,N/A,False
clean_Q12770.pdb,AlphaFold,PDB,clean_Q12770,N/A,False
clean_Q9H2M3.pdb,AlphaFold,PDB,clean_Q9H2M3,N/A,False
clean_Q9NR64.pdb,AlphaFold,PDB,clean_Q9NR64,N/A,False
clean_Q8WUY8.pdb,AlphaFold,PDB,clean_Q8WUY8,N/A,False
clean_Q9UKA4.pdb,AlphaFold,PDB,clean_Q9UKA4,N/A,False
clean_Q15109.pdb,AlphaFold,PDB,clean_Q15109,N/A,False
clean_Q96G30.pdb,AlphaFold,PDB,clean_Q96G30,N/A,False
clean_Q76KD6.pdb,AlphaFold,PDB,clean_Q76KD6,N/A,False
clean_Q9P0K9.pdb,AlphaFold,PDB,clean_Q9P0K9,N/A,False
clean_Q9UBB6.pdb,AlphaFold,PDB,clean_Q9UBB6,N/A,False
clean_Q8WWZ4.pdb,AlphaFold,PDB,clean_Q8WWZ4,N/A,False
clean_Q7RTT9.pdb,AlphaFold,PDB,clean_Q7RTT9,N/A,False
clean_P35610.pdb,AlphaFold,PDB,clean_P35610,N/A,False
clean_Q9BPW9.pdb,AlphaFold,PDB,clean_Q9BPW9,N/A,False
clean_Q8IWL2.pdb,AlphaFold,PDB,clean_Q8IWL2,N/A,False
clean_P57087.pdb,AlphaFold,PDB,clean_P57087,N/A,False
clean_Q9NVV5.pdb,AlphaFold,PDB,clean_Q9NVV5,N/A,False
clean_P35504.pdb,AlphaFold,PDB,clean_P35504,N/A,False
clean_Q9BYG0.pdb,AlphaFold,PDB,clean_Q9BYG0,N/A,False
clean_Q8TCT6.pdb,AlphaFold,PDB,clean_Q8TCT6,N/A,False
clean_A0A590UK83.pdb,AlphaFold,PDB,clean_A0A590UK83,N/A,False
clean_Q9NZM6.pdb,AlphaFold,PDB,clean_Q9NZM6,N/A,False
clean_Q15049.pdb,AlphaFold,PDB,clean_Q15049,N/A,False
clean_Q9Y394.pdb,AlphaFold,PDB,clean_Q9Y394,N/A,False
clean_Q92765.pdb,AlphaFold,PDB,clean_Q92765,N/A,False
clean_Q9HAW7.pdb,AlphaFold,PDB,clean_Q9HAW7,N/A,False
clean_O14594.pdb,AlphaFold,PDB,clean_O14594,N/A,False
clean_Q96Q89.pdb,AlphaFold,PDB,clean_Q96Q89,N/A,False
clean_O00626.pdb,AlphaFold,PDB,clean_O00626,N/A,False
clean_Q8IUQ0.pdb,AlphaFold,PDB,clean_Q8IUQ0,N/A,False
clean_Q5GLZ8.pdb,AlphaFold,PDB,clean_Q5GLZ8,N/A,False
clean_Q15349.pdb,AlphaFold,PDB,clean_Q15349,N/A,False
clean_Q9NZ53.pdb,AlphaFold,PDB,clean_Q9NZ53,N/A,False
clean_Q9P227.pdb,AlphaFold,PDB,clean_Q9P227,N/A,False
clean_Q13685.pdb,AlphaFold,PDB,clean_Q13685,N/A,False
clean_Q5BLP8.pdb,AlphaFold,PDB,clean_Q5BLP8,N/A,False
clean_Q6PFW1.pdb,AlphaFold,PDB,clean_Q6PFW1,N/A,False
clean_P27695.pdb,AlphaFold,PDB,clean_P27695,N/A,False
clean_P0DW13.pdb,AlphaFold,PDB,clean_P0DW13,N/A,False
clean_Q7Z7A4.pdb,AlphaFold,PDB,clean_Q7Z7A4,N/A,False
clean_Q9NPJ6.pdb,AlphaFold,PDB,clean_Q9NPJ6,N/A,False
clean_Q92604.pdb,AlphaFold,PDB,clean_Q92604,N/A,False
clean_Q9BZ72.pdb,AlphaFold,PDB,clean_Q9BZ72,N/A,False
clean_Q8IZD6.pdb,AlphaFold,PDB,clean_Q8IZD6,N/A,False
clean_Q53EU6.pdb,AlphaFold,PDB,clean_Q53EU6,N/A,False
clean_Q16558.pdb,AlphaFold,PDB,clean_Q16558,N/A,False
clean_Q86V86.pdb,AlphaFold,PDB,clean_Q86V86,N/A,False
clean_O95406.pdb,AlphaFold,PDB,clean_O95406,N/A,False
clean_P48029.pdb,AlphaFold,PDB,clean_P48029,N/A,False
clean_Q9H0C2.pdb,AlphaFold,PDB,clean_Q9H0C2,N/A,False
clean_Q9HCI5.pdb,AlphaFold,PDB,clean_Q9HCI5,N/A,False
clean_Q9NYP3.pdb,AlphaFold,PDB,clean_Q9NYP3,N/A,False
clean_Q15760.pdb,AlphaFold,PDB,clean_Q15760,N/A,False
clean_Q5TA89.pdb,AlphaFold,PDB,clean_Q5TA89,N/A,False
clean_Q401N2.pdb,AlphaFold,PDB,clean_Q401N2,N/A,False
clean_Q08462.pdb,AlphaFold,PDB,clean_Q08462,N/A,False
clean_O14756.pdb,AlphaFold,PDB,clean_O14756,N/A,False
clean_Q9BU40.pdb,AlphaFold,PDB,clean_Q9BU40,N/A,False
clean_Q9NZS2.pdb,AlphaFold,PDB,clean_Q9NZS2,N/A,False
clean_Q99424.pdb,AlphaFold,PDB,clean_Q99424,N/A,False
clean_O43916.pdb,AlphaFold,PDB,clean_O43916,N/A,False
clean_Q15633.pdb,AlphaFold,PDB,clean_Q15633,N/A,False
clean_Q32ZL2.pdb,AlphaFold,PDB,clean_Q32ZL2,N/A,False
clean_Q9NPE2.pdb,AlphaFold,PDB,clean_Q9NPE2,N/A,False
clean_Q8WUD6.pdb,AlphaFold,PDB,clean_Q8WUD6,N/A,False
clean_Q53FV1.pdb,AlphaFold,PDB,clean_Q53FV1,N/A,False
clean_Q6PCB7.pdb,AlphaFold,PDB,clean_Q6PCB7,N/A,False
clean_Q9H8M7.pdb,AlphaFold,PDB,clean_Q9H8M7,N/A,False
clean_O75493.pdb,AlphaFold,PDB,clean_O75493,N/A,False
clean_Q8NC69.pdb,AlphaFold,PDB,clean_Q8NC69,N/A,False
clean_Q8WXU2.pdb,AlphaFold,PDB,clean_Q8WXU2,N/A,False
clean_Q70EL4.pdb,AlphaFold,PDB,clean_Q70EL4,N/A,False
clean_P02655.pdb,AlphaFold,PDB,clean_P02655,N/A,False
clean_Q9UEY8.pdb,AlphaFold,PDB,clean_Q9UEY8,N/A,False
clean_O75161.pdb,AlphaFold,PDB,clean_O75161,N/A,False
clean_Q8TB61.pdb,AlphaFold,PDB,clean_Q8TB61,N/A,False
clean_Q9UQP3.pdb,AlphaFold,PDB,clean_Q9UQP3,N/A,False
clean_P46721.pdb,AlphaFold,PDB,clean_P46721,N/A,False
clean_Q8IV36.pdb,AlphaFold,PDB,clean_Q8IV36,N/A,False
clean_Q9UBI4.pdb,AlphaFold,PDB,clean_Q9UBI4,N/A,False
clean_Q15777.pdb,AlphaFold,PDB,clean_Q15777,N/A,False
clean_Q4G0U5.pdb,AlphaFold,PDB,clean_Q4G0U5,N/A,False
clean_Q96L33.pdb,AlphaFold,PDB,clean_Q96L33,N/A,False
clean_P51689.pdb,AlphaFold,PDB,clean_P51689,N/A,False
clean_Q6P4F1.pdb,AlphaFold,PDB,clean_Q6P4F1,N/A,False
clean_Q70Z53.pdb,AlphaFold,PDB,clean_Q70Z53,N/A,False
clean_Q96IZ7.pdb,AlphaFold,PDB,clean_Q96IZ7,N/A,False
clean_P0CJ69.pdb,AlphaFold,PDB,clean_P0CJ69,N/A,False
clean_Q9C0K3.pdb,AlphaFold,PDB,clean_Q9C0K3,N/A,False
clean_Q9NYB5.pdb,AlphaFold,PDB,clean_Q9NYB5,N/A,False
clean_Q9Y4A0.pdb,AlphaFold,PDB,clean_Q9Y4A0,N/A,False
clean_Q9UF33.pdb,AlphaFold,PDB,clean_Q9UF33,N/A,False
clean_Q9P2X7.pdb,AlphaFold,PDB,clean_Q9P2X7,N/A,False
clean_A1KXE4.pdb,AlphaFold,PDB,clean_A1KXE4,N/A,False
clean_Q8TAD7.pdb,AlphaFold,PDB,clean_Q8TAD7,N/A,False
clean_Q02446.pdb,AlphaFold,PDB,clean_Q02446,N/A,False
clean_O60258.pdb,AlphaFold,PDB,clean_O60258,N/A,False
clean_Q66PJ3.pdb,AlphaFold,PDB,clean_Q66PJ3,N/A,False
clean_Q9UBL0.pdb,AlphaFold,PDB,clean_Q9UBL0,N/A,False
clean_Q9H1Z8.pdb,AlphaFold,PDB,clean_Q9H1Z8,N/A,False
clean_Q8IZ57.pdb,AlphaFold,PDB,clean_Q8IZ57,N/A,False
clean_P85298.pdb,AlphaFold,PDB,clean_P85298,N/A,False
clean_Q14642.pdb,AlphaFold,PDB,clean_Q14642,N/A,False
clean_O14817.pdb,AlphaFold,PDB,clean_O14817,N/A,False
clean_Q96AX9.pdb,AlphaFold,PDB,clean_Q96AX9,N/A,False
clean_Q8N859.pdb,AlphaFold,PDB,clean_Q8N859,N/A,False
clean_Q5W041.pdb,AlphaFold,PDB,clean_Q5W041,N/A,False
clean_Q12802.pdb,AlphaFold,PDB,clean_Q12802,N/A,False
clean_Q96MB7.pdb,AlphaFold,PDB,clean_Q96MB7,N/A,False
clean_P85299.pdb,AlphaFold,PDB,clean_P85299,N/A,False
clean_Q6T4R5.pdb,AlphaFold,PDB,clean_Q6T4R5,N/A,False
clean_Q4VXU2.pdb,AlphaFold,PDB,clean_Q4VXU2,N/A,False
clean_Q13516.pdb,AlphaFold,PDB,clean_Q13516,N/A,False
clean_Q9Y5R2.pdb,AlphaFold,PDB,clean_Q9Y5R2,N/A,False
clean_Q93052.pdb,AlphaFold,PDB,clean_Q93052,N/A,False
clean_Q5JVS0.pdb,AlphaFold,PDB,clean_Q5JVS0,N/A,False
clean_Q6TFL4.pdb,AlphaFold,PDB,clean_Q6TFL4,N/A,False
clean_Q96G28.pdb,AlphaFold,PDB,clean_Q96G28,N/A,False
clean_Q96P44.pdb,AlphaFold,PDB,clean_Q96P44,N/A,False
clean_Q96EU7.pdb,AlphaFold,PDB,clean_Q96EU7,N/A,False
clean_Q96PC2.pdb,AlphaFold,PDB,clean_Q96PC2,N/A,False
clean_Q9UKQ2.pdb,AlphaFold,PDB,clean_Q9UKQ2,N/A,False
clean_Q6ZWT7.pdb,AlphaFold,PDB,clean_Q6ZWT7,N/A,False
clean_Q9UKU0.pdb,AlphaFold,PDB,clean_Q9UKU0,N/A,False
clean_Q8NFZ3.pdb,AlphaFold,PDB,clean_Q8NFZ3,N/A,False
clean_Q9BZC7.pdb,AlphaFold,PDB,clean_Q9BZC7,N/A,False
clean_Q16617.pdb,AlphaFold,PDB,clean_Q16617,N/A,False
clean_Q13099.pdb,AlphaFold,PDB,clean_Q13099,N/A,False
clean_Q92963.pdb,AlphaFold,PDB,clean_Q92963,N/A,False
clean_P0CJ77.pdb,AlphaFold,PDB,clean_P0CJ77,N/A,False
clean_O95803.pdb,AlphaFold,PDB,clean_O95803,N/A,False
clean_O60443.pdb,AlphaFold,PDB,clean_O60443,N/A,False
clean_Q2VY69.pdb,AlphaFold,PDB,clean_Q2VY69,N/A,False
clean_Q8NFD2.pdb,AlphaFold,PDB,clean_Q8NFD2,N/A,False
clean_O14544.pdb,AlphaFold,PDB,clean_O14544,N/A,False
clean_Q6ZUJ8.pdb,AlphaFold,PDB,clean_Q6ZUJ8,N/A,False
clean_O75838.pdb,AlphaFold,PDB,clean_O75838,N/A,False
clean_P0DW14.pdb,AlphaFold,PDB,clean_P0DW14,N/A,False
clean_Q8WUY3.pdb,AlphaFold,PDB,clean_Q8WUY3,N/A,False
clean_Q70YC5.pdb,AlphaFold,PDB,clean_Q70YC5,N/A,False
clean_Q96S79.pdb,AlphaFold,PDB,clean_Q96S79,N/A,False
clean_Q9H503.pdb,AlphaFold,PDB,clean_Q9H503,N/A,False
clean_O75132.pdb,AlphaFold,PDB,clean_O75132,N/A,False
clean_P41231.pdb,AlphaFold,PDB,clean_P41231,N/A,False
clean_Q9ULP0.pdb,AlphaFold,PDB,clean_Q9ULP0,N/A,False
clean_Q96E35.pdb,AlphaFold,PDB,clean_Q96E35,N/A,False
clean_O60831.pdb,AlphaFold,PDB,clean_O60831,N/A,False
clean_Q7Z6G3.pdb,AlphaFold,PDB,clean_Q7Z6G3,N/A,False
clean_P98169.pdb,AlphaFold,PDB,clean_P98169,N/A,False
clean_Q9NQZ8.pdb,AlphaFold,PDB,clean_Q9NQZ8,N/A,False
clean_Q08426.pdb,AlphaFold,PDB,clean_Q08426,N/A,False
clean_Q9UQ07.pdb,AlphaFold,PDB,clean_Q9UQ07,N/A,False
clean_Q9H3U7.pdb,AlphaFold,PDB,clean_Q9H3U7,N/A,False
clean_Q15067.pdb,AlphaFold,PDB,clean_Q15067,N/A,False
clean_Q14686.pdb,AlphaFold,PDB,clean_Q14686,N/A,False
clean_Q9BXS0.pdb,AlphaFold,PDB,clean_Q9BXS0,N/A,False
clean_Q86UK0.pdb,AlphaFold,PDB,clean_Q86UK0,N/A,False
clean_Q9H3T3.pdb,AlphaFold,PDB,clean_Q9H3T3,N/A,False
clean_O75061.pdb,AlphaFold,PDB,clean_O75061,N/A,False
clean_Q96A46.pdb,AlphaFold,PDB,clean_Q96A46,N/A,False
clean_Q92558.pdb,AlphaFold,PDB,clean_Q92558,N/A,False
clean_Q9BXU9.pdb,AlphaFold,PDB,clean_Q9BXU9,N/A,False
clean_Q86UN2.pdb,AlphaFold,PDB,clean_Q86UN2,N/A,False
clean_O94991.pdb,AlphaFold,PDB,clean_O94991,N/A,False
clean_Q9H8E8.pdb,AlphaFold,PDB,clean_Q9H8E8,N/A,False
clean_P22459.pdb,AlphaFold,PDB,clean_P22459,N/A,False
clean_Q14147.pdb,AlphaFold,PDB,clean_Q14147,N/A,False
clean_O43296.pdb,AlphaFold,PDB,clean_O43296,N/A,False
clean_Q9P0K7.pdb,AlphaFold,PDB,clean_Q9P0K7,N/A,False
clean_Q16048.pdb,AlphaFold,PDB,clean_Q16048,N/A,False
clean_Q96AA8.pdb,AlphaFold,PDB,clean_Q96AA8,N/A,False
clean_Q9H4E5.pdb,AlphaFold,PDB,clean_Q9H4E5,N/A,False
clean_Q9Y673.pdb,AlphaFold,PDB,clean_Q9Y673,N/A,False
clean_Q9NY65.pdb,AlphaFold,PDB,clean_Q9NY65,N/A,False
clean_P57737.pdb,AlphaFold,PDB,clean_P57737,N/A,False
clean_Q8N3Y3.pdb,AlphaFold,PDB,clean_Q8N3Y3,N/A,False
clean_P21673.pdb,AlphaFold,PDB,clean_P21673,N/A,False
clean_Q8WVD3.pdb,AlphaFold,PDB,clean_Q8WVD3,N/A,False
clean_O14682.pdb,AlphaFold,PDB,clean_O14682,N/A,False
clean_Q9NRF9.pdb,AlphaFold,PDB,clean_Q9NRF9,N/A,False
clean_Q9UII5.pdb,AlphaFold,PDB,clean_Q9UII5,N/A,False
clean_Q9P273.pdb,AlphaFold,PDB,clean_Q9P273,N/A,False
clean_Q8IZ81.pdb,AlphaFold,PDB,clean_Q8IZ81,N/A,False
clean_A1A519.pdb,AlphaFold,PDB,clean_A1A519,N/A,False
clean_Q9Y336.pdb,AlphaFold,PDB,clean_Q9Y336,N/A,False
clean_O75044.pdb,AlphaFold,PDB,clean_O75044,N/A,False
clean_Q04725.pdb,AlphaFold,PDB,clean_Q04725,N/A,False
clean_Q8IZ52.pdb,AlphaFold,PDB,clean_Q8IZ52,N/A,False
clean_Q96EF6.pdb,AlphaFold,PDB,clean_Q96EF6,N/A,False
clean_Q16842.pdb,AlphaFold,PDB,clean_Q16842,N/A,False
clean_Q86VE9.pdb,AlphaFold,PDB,clean_Q86VE9,N/A,False
clean_Q9NUQ7.pdb,AlphaFold,PDB,clean_Q9NUQ7,N/A,False
clean_Q9HD15.pdb,AlphaFold,PDB,clean_Q9HD15,N/A,False
clean_Q99622.pdb,AlphaFold,PDB,clean_Q99622,N/A,False
clean_Q99572.pdb,AlphaFold,PDB,clean_Q99572,N/A,False
clean_Q9P2S5.pdb,AlphaFold,PDB,clean_Q9P2S5,N/A,False
clean_Q3KNW5.pdb,AlphaFold,PDB,clean_Q3KNW5,N/A,False
clean_Q9NYA4.pdb,AlphaFold,PDB,clean_Q9NYA4,N/A,False
clean_Q13424.pdb,AlphaFold,PDB,clean_Q13424,N/A,False
clean_Q96HF1.pdb,AlphaFold,PDB,clean_Q96HF1,N/A,False
clean_Q9UQ49.pdb,AlphaFold,PDB,clean_Q9UQ49,N/A,False
clean_Q9UBM8.pdb,AlphaFold,PDB,clean_Q9UBM8,N/A,False
clean_Q96JF0.pdb,AlphaFold,PDB,clean_Q96JF0,N/A,False
clean_O43760.pdb,AlphaFold,PDB,clean_O43760,N/A,False
clean_Q14206.pdb,AlphaFold,PDB,clean_Q14206,N/A,False
clean_Q6ZWL3.pdb,AlphaFold,PDB,clean_Q6ZWL3,N/A,False
clean_Q96LW9.pdb,AlphaFold,PDB,clean_Q96LW9,N/A,False
clean_Q9Y4A8.pdb,AlphaFold,PDB,clean_Q9Y4A8,N/A,False
clean_Q8WXH5.pdb,AlphaFold,PDB,clean_Q8WXH5,N/A,False
clean_O75170.pdb,AlphaFold,PDB,clean_O75170,N/A,False
clean_Q96P68.pdb,AlphaFold,PDB,clean_Q96P68,N/A,False
clean_Q86WI3.pdb,AlphaFold,PDB,clean_Q86WI3,N/A,False
clean_Q8WXA3.pdb,AlphaFold,PDB,clean_Q8WXA3,N/A,False
clean_Q99819.pdb,AlphaFold,PDB,clean_Q99819,N/A,False
clean_Q8NCN2.pdb,AlphaFold,PDB,clean_Q8NCN2,N/A,False
clean_O75896.pdb,AlphaFold,PDB,clean_O75896,N/A,False
clean_Q6PI25.pdb,AlphaFold,PDB,clean_Q6PI25,N/A,False
clean_Q13564.pdb,AlphaFold,PDB,clean_Q13564,N/A,False
clean_Q8TDS5.pdb,AlphaFold,PDB,clean_Q8TDS5,N/A,False
clean_Q9UQ03.pdb,AlphaFold,PDB,clean_Q9UQ03,N/A,False
clean_P23634.pdb,AlphaFold,PDB,clean_P23634,N/A,False
clean_O95263.pdb,AlphaFold,PDB,clean_O95263,N/A,False
clean_Q92851.pdb,AlphaFold,PDB,clean_Q92851,N/A,False
clean_Q12800.pdb,AlphaFold,PDB,clean_Q12800,N/A,False
clean_Q9BV35.pdb,AlphaFold,PDB,clean_Q9BV35,N/A,False
clean_Q7L3B6.pdb,AlphaFold,PDB,clean_Q7L3B6,N/A,False
clean_P27539.pdb,AlphaFold,PDB,clean_P27539,N/A,False
clean_Q9Y6T7.pdb,AlphaFold,PDB,clean_Q9Y6T7,N/A,False
clean_Q9UHE5.pdb,AlphaFold,PDB,clean_Q9UHE5,N/A,False
clean_P78371.pdb,AlphaFold,PDB,clean_P78371,N/A,False
clean_P34949.pdb,AlphaFold,PDB,clean_P34949,N/A,False
clean_Q7Z434.pdb,AlphaFold,PDB,clean_Q7Z434,N/A,False
clean_Q9BPV8.pdb,AlphaFold,PDB,clean_Q9BPV8,N/A,False
clean_Q13228.pdb,AlphaFold,PDB,clean_Q13228,N/A,False
clean_Q9UHF7.pdb,AlphaFold,PDB,clean_Q9UHF7,N/A,False
clean_P33121.pdb,AlphaFold,PDB,clean_P33121,N/A,False
clean_Q8TD10.pdb,AlphaFold,PDB,clean_Q8TD10,N/A,False
clean_P07602.pdb,AlphaFold,PDB,clean_P07602,N/A,False
clean_Q86SK9.pdb,AlphaFold,PDB,clean_Q86SK9,N/A,False
clean_Q8WU68.pdb,AlphaFold,PDB,clean_Q8WU68,N/A,False
clean_Q99502.pdb,AlphaFold,PDB,clean_Q99502,N/A,False
clean_Q96NL8.pdb,AlphaFold,PDB,clean_Q96NL8,N/A,False
clean_Q9BXX2.pdb,AlphaFold,PDB,clean_Q9BXX2,N/A,False
clean_Q8IWX8.pdb,AlphaFold,PDB,clean_Q8IWX8,N/A,False
clean_P55291.pdb,AlphaFold,PDB,clean_P55291,N/A,False
clean_O43852.pdb,AlphaFold,PDB,clean_O43852,N/A,False
clean_P28370.pdb,AlphaFold,PDB,clean_P28370,N/A,False
clean_Q6X4W1.pdb,AlphaFold,PDB,clean_Q6X4W1,N/A,False
clean_Q8N2F6.pdb,AlphaFold,PDB,clean_Q8N2F6,N/A,False
clean_Q9H3M0.pdb,AlphaFold,PDB,clean_Q9H3M0,N/A,False
clean_Q9NRR5.pdb,AlphaFold,PDB,clean_Q9NRR5,N/A,False
clean_Q96RU7.pdb,AlphaFold,PDB,clean_Q96RU7,N/A,False
clean_O14657.pdb,AlphaFold,PDB,clean_O14657,N/A,False
clean_Q96NT5.pdb,AlphaFold,PDB,clean_Q96NT5,N/A,False
clean_Q9UN71.pdb,AlphaFold,PDB,clean_Q9UN71,N/A,False
clean_Q15111.pdb,AlphaFold,PDB,clean_Q15111,N/A,False
clean_O00142.pdb,AlphaFold,PDB,clean_O00142,N/A,False
clean_Q8NG48.pdb,AlphaFold,PDB,clean_Q8NG48,N/A,False
clean_Q5VWX1.pdb,AlphaFold,PDB,clean_Q5VWX1,N/A,False
clean_Q86UA6.pdb,AlphaFold,PDB,clean_Q86UA6,N/A,False
clean_Q9ULD0.pdb,AlphaFold,PDB,clean_Q9ULD0,N/A,False
clean_P0C869.pdb,AlphaFold,PDB,clean_P0C869,N/A,False
clean_P98153.pdb,AlphaFold,PDB,clean_P98153,N/A,False
clean_Q9P2U7.pdb,AlphaFold,PDB,clean_Q9P2U7,N/A,False
clean_Q8IUH2.pdb,AlphaFold,PDB,clean_Q8IUH2,N/A,False
clean_Q9NRE2.pdb,AlphaFold,PDB,clean_Q9NRE2,N/A,False
clean_Q8TDN1.pdb,AlphaFold,PDB,clean_Q8TDN1,N/A,False
clean_Q9H765.pdb,AlphaFold,PDB,clean_Q9H765,N/A,False
clean_Q7L7X3.pdb,AlphaFold,PDB,clean_Q7L7X3,N/A,False
clean_Q9H015.pdb,AlphaFold,PDB,clean_Q9H015,N/A,False
clean_Q9HBY8.pdb,AlphaFold,PDB,clean_Q9HBY8,N/A,False
clean_Q53GA4.pdb,AlphaFold,PDB,clean_Q53GA4,N/A,False
clean_Q8N5V2.pdb,AlphaFold,PDB,clean_Q8N5V2,N/A,False
clean_P40205.pdb,AlphaFold,PDB,clean_P40205,N/A,False
clean_Q9NUM3.pdb,AlphaFold,PDB,clean_Q9NUM3,N/A,False
clean_Q86VQ1.pdb,AlphaFold,PDB,clean_Q86VQ1,N/A,False
clean_Q9NRA0.pdb,AlphaFold,PDB,clean_Q9NRA0,N/A,False
clean_Q99612.pdb,AlphaFold,PDB,clean_Q99612,N/A,False
clean_Q9BTV5.pdb,AlphaFold,PDB,clean_Q9BTV5,N/A,False
clean_Q9HD89.pdb,AlphaFold,PDB,clean_Q9HD89,N/A,False
clean_Q7M4L6.pdb,AlphaFold,PDB,clean_Q7M4L6,N/A,False
clean_Q9UIK5.pdb,AlphaFold,PDB,clean_Q9UIK5,N/A,False
clean_P55107.pdb,AlphaFold,PDB,clean_P55107,N/A,False
clean_O75808.pdb,AlphaFold,PDB,clean_O75808,N/A,False
clean_P55327.pdb,AlphaFold,PDB,clean_P55327,N/A,False
clean_Q9GZR7.pdb,AlphaFold,PDB,clean_Q9GZR7,N/A,False
clean_Q8IVL0.pdb,AlphaFold,PDB,clean_Q8IVL0,N/A,False
clean_Q6ZMB0.pdb,AlphaFold,PDB,clean_Q6ZMB0,N/A,False
clean_A6NNN8.pdb,AlphaFold,PDB,clean_A6NNN8,N/A,False
clean_Q15319.pdb,AlphaFold,PDB,clean_Q15319,N/A,False
clean_Q9UPY6.pdb,AlphaFold,PDB,clean_Q9UPY6,N/A,False
clean_Q9NZS9.pdb,AlphaFold,PDB,clean_Q9NZS9,N/A,False
clean_Q9NS66.pdb,AlphaFold,PDB,clean_Q9NS66,N/A,False
clean_Q8N7B1.pdb,AlphaFold,PDB,clean_Q8N7B1,N/A,False
clean_O95236.pdb,AlphaFold,PDB,clean_O95236,N/A,False
clean_Q6UWP7.pdb,AlphaFold,PDB,clean_Q6UWP7,N/A,False
clean_Q96DU9.pdb,AlphaFold,PDB,clean_Q96DU9,N/A,False
clean_Q96ST3.pdb,AlphaFold,PDB,clean_Q96ST3,N/A,False
clean_Q96EV8.pdb,AlphaFold,PDB,clean_Q96EV8,N/A,False
clean_Q92954.pdb,AlphaFold,PDB,clean_Q92954,N/A,False
clean_Q8NCL4.pdb,AlphaFold,PDB,clean_Q8NCL4,N/A,False
clean_P55287.pdb,AlphaFold,PDB,clean_P55287,N/A,False
clean_O15466.pdb,AlphaFold,PDB,clean_O15466,N/A,False
clean_O15534.pdb,AlphaFold,PDB,clean_O15534,N/A,False
clean_Q96KR7.pdb,AlphaFold,PDB,clean_Q96KR7,N/A,False
clean_Q8N119.pdb,AlphaFold,PDB,clean_Q8N119,N/A,False
clean_Q9H2A9.pdb,AlphaFold,PDB,clean_Q9H2A9,N/A,False
clean_Q7Z6R9.pdb,AlphaFold,PDB,clean_Q7Z6R9,N/A,False
clean_Q9NWK9.pdb,AlphaFold,PDB,clean_Q9NWK9,N/A,False
clean_O95232.pdb,AlphaFold,PDB,clean_O95232,N/A,False
clean_P52823.pdb,AlphaFold,PDB,clean_P52823,N/A,False
clean_Q15173.pdb,AlphaFold,PDB,clean_Q15173,N/A,False
clean_Q7Z3S7.pdb,AlphaFold,PDB,clean_Q7Z3S7,N/A,False
clean_Q8NG41.pdb,AlphaFold,PDB,clean_Q8NG41,N/A,False
clean_O14910.pdb,AlphaFold,PDB,clean_O14910,N/A,False
clean_Q9BZG2.pdb,AlphaFold,PDB,clean_Q9BZG2,N/A,False
clean_O95073.pdb,AlphaFold,PDB,clean_O95073,N/A,False
clean_O95185.pdb,AlphaFold,PDB,clean_O95185,N/A,False
clean_Q96S99.pdb,AlphaFold,PDB,clean_Q96S99,N/A,False
clean_O75363.pdb,AlphaFold,PDB,clean_O75363,N/A,False
clean_O14795.pdb,AlphaFold,PDB,clean_O14795,N/A,False
clean_P22310.pdb,AlphaFold,PDB,clean_P22310,N/A,False
clean_Q9BRP4.pdb,AlphaFold,PDB,clean_Q9BRP4,N/A,False
clean_O43174.pdb,AlphaFold,PDB,clean_O43174,N/A,False
clean_Q5JXC2.pdb,AlphaFold,PDB,clean_Q5JXC2,N/A,False
clean_Q9H7N4.pdb,AlphaFold,PDB,clean_Q9H7N4,N/A,False
clean_Q8NHU3.pdb,AlphaFold,PDB,clean_Q8NHU3,N/A,False
clean_Q9Y6A1.pdb,AlphaFold,PDB,clean_Q9Y6A1,N/A,False
clean_P41222.pdb,AlphaFold,PDB,clean_P41222,N/A,False
clean_Q96QS3.pdb,AlphaFold,PDB,clean_Q96QS3,N/A,False
clean_Q9UGQ3.pdb,AlphaFold,PDB,clean_Q9UGQ3,N/A,False
clean_Q8N135.pdb,AlphaFold,PDB,clean_Q8N135,N/A,False
clean_Q13495.pdb,AlphaFold,PDB,clean_Q13495,N/A,False
clean_Q9UK76.pdb,AlphaFold,PDB,clean_Q9UK76,N/A,False
clean_P38936.pdb,AlphaFold,PDB,clean_P38936,N/A,False
clean_Q9NRG0.pdb,AlphaFold,PDB,clean_Q9NRG0,N/A,False
clean_Q6P2S7.pdb,AlphaFold,PDB,clean_Q6P2S7,N/A,False
clean_Q6ZN04.pdb,AlphaFold,PDB,clean_Q6ZN04,N/A,False
clean_Q5VV67.pdb,AlphaFold,PDB,clean_Q5VV67,N/A,False
clean_O43301.pdb,AlphaFold,PDB,clean_O43301,N/A,False
clean_Q9NX40.pdb,AlphaFold,PDB,clean_Q9NX40,N/A,False
clean_O15266.pdb,AlphaFold,PDB,clean_O15266,N/A,False
clean_Q9NXH9.pdb,AlphaFold,PDB,clean_Q9NXH9,N/A,False
clean_Q92766.pdb,AlphaFold,PDB,clean_Q92766,N/A,False
clean_P98168.pdb,AlphaFold,PDB,clean_P98168,N/A,False
clean_Q9UPP2.pdb,AlphaFold,PDB,clean_Q9UPP2,N/A,False
clean_Q9GZV7.pdb,AlphaFold,PDB,clean_Q9GZV7,N/A,False
clean_P61952.pdb,AlphaFold,PDB,clean_P61952,N/A,False
clean_Q8IVF4.pdb,AlphaFold,PDB,clean_Q8IVF4,N/A,False
clean_Q9HAY6.pdb,AlphaFold,PDB,clean_Q9HAY6,N/A,False
clean_Q9NS67.pdb,AlphaFold,PDB,clean_Q9NS67,N/A,False
clean_Q86YS6.pdb,AlphaFold,PDB,clean_Q86YS6,N/A,False
clean_Q9NXK6.pdb,AlphaFold,PDB,clean_Q9NXK6,N/A,False
clean_Q9HB58.pdb,AlphaFold,PDB,clean_Q9HB58,N/A,False
clean_P98174.pdb,AlphaFold,PDB,clean_P98174,N/A,False
clean_Q6UXD5.pdb,AlphaFold,PDB,clean_Q6UXD5,N/A,False
clean_Q5VUB5.pdb,AlphaFold,PDB,clean_Q5VUB5,N/A,False
clean_Q8NFX7.pdb,AlphaFold,PDB,clean_Q8NFX7,N/A,False
clean_P52739.pdb,AlphaFold,PDB,clean_P52739,N/A,False
clean_P0DMR3.pdb,AlphaFold,PDB,clean_P0DMR3,N/A,False
clean_Q9H2U2.pdb,AlphaFold,PDB,clean_Q9H2U2,N/A,False
clean_P51957.pdb,AlphaFold,PDB,clean_P51957,N/A,False
clean_Q92903.pdb,AlphaFold,PDB,clean_Q92903,N/A,False
clean_O60516.pdb,AlphaFold,PDB,clean_O60516,N/A,False
clean_Q13275.pdb,AlphaFold,PDB,clean_Q13275,N/A,False
clean_Q9UKP4.pdb,AlphaFold,PDB,clean_Q9UKP4,N/A,False
clean_Q9BWQ8.pdb,AlphaFold,PDB,clean_Q9BWQ8,N/A,False
clean_O43761.pdb,AlphaFold,PDB,clean_O43761,N/A,False
clean_P57775.pdb,AlphaFold,PDB,clean_P57775,N/A,False
clean_O14514.pdb,AlphaFold,PDB,clean_O14514,N/A,False
clean_Q9P291.pdb,AlphaFold,PDB,clean_Q9P291,N/A,False
clean_Q86UP2.pdb,AlphaFold,PDB,clean_Q86UP2,N/A,False
clean_Q9H2C1.pdb,AlphaFold,PDB,clean_Q9H2C1,N/A,False
clean_Q8WXA8.pdb,AlphaFold,PDB,clean_Q8WXA8,N/A,False
clean_Q01954.pdb,AlphaFold,PDB,clean_Q01954,N/A,False
clean_Q05513.pdb,AlphaFold,PDB,clean_Q05513,N/A,False
clean_O14804.pdb,AlphaFold,PDB,clean_O14804,N/A,False
clean_P05109.pdb,AlphaFold,PDB,clean_P05109,N/A,False
clean_Q9H4G0.pdb,AlphaFold,PDB,clean_Q9H4G0,N/A,False
clean_Q86UG4.pdb,AlphaFold,PDB,clean_Q86UG4,N/A,False
clean_P56693.pdb,AlphaFold,PDB,clean_P56693,N/A,False
clean_Q02040.pdb,AlphaFold,PDB,clean_Q02040,N/A,False
clean_O00622.pdb,AlphaFold,PDB,clean_O00622,N/A,False
clean_Q9Y2B4.pdb,AlphaFold,PDB,clean_Q9Y2B4,N/A,False
clean_Q8TCT0.pdb,AlphaFold,PDB,clean_Q8TCT0,N/A,False
clean_Q96RI8.pdb,AlphaFold,PDB,clean_Q96RI8,N/A,False
clean_Q86VL8.pdb,AlphaFold,PDB,clean_Q86VL8,N/A,False
clean_Q693B1.pdb,AlphaFold,PDB,clean_Q693B1,N/A,False
clean_O76050.pdb,AlphaFold,PDB,clean_O76050,N/A,False
clean_Q504Y0.pdb,AlphaFold,PDB,clean_Q504Y0,N/A,False
clean_Q8WUJ3.pdb,AlphaFold,PDB,clean_Q8WUJ3,N/A,False
clean_Q8NHG8.pdb,AlphaFold,PDB,clean_Q8NHG8,N/A,False
clean_Q5F1R6.pdb,AlphaFold,PDB,clean_Q5F1R6,N/A,False
clean_Q9ULR5.pdb,AlphaFold,PDB,clean_Q9ULR5,N/A,False
clean_Q9BXC0.pdb,AlphaFold,PDB,clean_Q9BXC0,N/A,False
clean_Q14916.pdb,AlphaFold,PDB,clean_Q14916,N/A,False
clean_P10451.pdb,AlphaFold,PDB,clean_P10451,N/A,False
clean_O95156.pdb,AlphaFold,PDB,clean_O95156,N/A,False
clean_Q15392.pdb,AlphaFold,PDB,clean_Q15392,N/A,False
clean_Q6P1K1.pdb,AlphaFold,PDB,clean_Q6P1K1,N/A,False
clean_O95661.pdb,AlphaFold,PDB,clean_O95661,N/A,False
clean_Q14129.pdb,AlphaFold,PDB,clean_Q14129,N/A,False
clean_Q9Y675.pdb,AlphaFold,PDB,clean_Q9Y675,N/A,False
clean_Q7Z6B7.pdb,AlphaFold,PDB,clean_Q7Z6B7,N/A,False
clean_Q969Z4.pdb,AlphaFold,PDB,clean_Q969Z4,N/A,False
clean_Q2V2M9.pdb,AlphaFold,PDB,clean_Q2V2M9,N/A,False
clean_Q13546.pdb,AlphaFold,PDB,clean_Q13546,N/A,False
clean_Q7RTS9.pdb,AlphaFold,PDB,clean_Q7RTS9,N/A,False
clean_Q9H5V7.pdb,AlphaFold,PDB,clean_Q9H5V7,N/A,False
clean_Q16650.pdb,AlphaFold,PDB,clean_Q16650,N/A,False
clean_O60503.pdb,AlphaFold,PDB,clean_O60503,N/A,False
clean_P12829.pdb,AlphaFold,PDB,clean_P12829,N/A,False
clean_Q12893.pdb,AlphaFold,PDB,clean_Q12893,N/A,False
clean_Q12979.pdb,AlphaFold,PDB,clean_Q12979,N/A,False
clean_Q96PE5.pdb,AlphaFold,PDB,clean_Q96PE5,N/A,False
clean_Q92536.pdb,AlphaFold,PDB,clean_Q92536,N/A,False
clean_Q33E94.pdb,AlphaFold,PDB,clean_Q33E94,N/A,False
clean_Q9Y2I6.pdb,AlphaFold,PDB,clean_Q9Y2I6,N/A,False
clean_Q96JJ7.pdb,AlphaFold,PDB,clean_Q96JJ7,N/A,False
clean_Q8IVF7.pdb,AlphaFold,PDB,clean_Q8IVF7,N/A,False
clean_Q9Y272.pdb,AlphaFold,PDB,clean_Q9Y272,N/A,False
clean_Q13286.pdb,AlphaFold,PDB,clean_Q13286,N/A,False
clean_Q9H7Z7.pdb,AlphaFold,PDB,clean_Q9H7Z7,N/A,False
clean_Q5VW36.pdb,AlphaFold,PDB,clean_Q5VW36,N/A,False
clean_Q9NRY6.pdb,AlphaFold,PDB,clean_Q9NRY6,N/A,False
clean_Q9C0C2.pdb,AlphaFold,PDB,clean_Q9C0C2,N/A,False
clean_Q8WYR1.pdb,AlphaFold,PDB,clean_Q8WYR1,N/A,False
clean_Q8TBE1.pdb,AlphaFold,PDB,clean_Q8TBE1,N/A,False
clean_Q8N1M1.pdb,AlphaFold,PDB,clean_Q8N1M1,N/A,False
clean_Q08117.pdb,AlphaFold,PDB,clean_Q08117,N/A,False
clean_Q8NC24.pdb,AlphaFold,PDB,clean_Q8NC24,N/A,False
clean_Q9GZN2.pdb,AlphaFold,PDB,clean_Q9GZN2,N/A,False
clean_Q8NCW6.pdb,AlphaFold,PDB,clean_Q8NCW6,N/A,False
clean_Q99547.pdb,AlphaFold,PDB,clean_Q99547,N/A,False
clean_Q92667.pdb,AlphaFold,PDB,clean_Q92667,N/A,False
clean_P0C0E4.pdb,AlphaFold,PDB,clean_P0C0E4,N/A,False
clean_Q7L775.pdb,AlphaFold,PDB,clean_Q7L775,N/A,False
clean_Q4VNC1.pdb,AlphaFold,PDB,clean_Q4VNC1,N/A,False
clean_Q92581.pdb,AlphaFold,PDB,clean_Q92581,N/A,False
clean_O60337.pdb,AlphaFold,PDB,clean_O60337,N/A,False
clean_P49590.pdb,AlphaFold,PDB,clean_P49590,N/A,False
clean_Q5QGS0.pdb,AlphaFold,PDB,clean_Q5QGS0,N/A,False
clean_Q9P0S3.pdb,AlphaFold,PDB,clean_Q9P0S3,N/A,False
clean_P22612.pdb,AlphaFold,PDB,clean_P22612,N/A,False
clean_Q8IWZ3.pdb,AlphaFold,PDB,clean_Q8IWZ3,N/A,False
clean_O95208.pdb,AlphaFold,PDB,clean_O95208,N/A,False
clean_Q96A23.pdb,AlphaFold,PDB,clean_Q96A23,N/A,False
clean_P49619.pdb,AlphaFold,PDB,clean_P49619,N/A,False
clean_O43593.pdb,AlphaFold,PDB,clean_O43593,N/A,False
clean_Q9BY60.pdb,AlphaFold,PDB,clean_Q9BY60,N/A,False
clean_Q9P0J1.pdb,AlphaFold,PDB,clean_Q9P0J1,N/A,False
clean_Q969T3.pdb,AlphaFold,PDB,clean_Q969T3,N/A,False
clean_Q9NS85.pdb,AlphaFold,PDB,clean_Q9NS85,N/A,False
clean_Q8TEW6.pdb,AlphaFold,PDB,clean_Q8TEW6,N/A,False
clean_Q9BZG8.pdb,AlphaFold,PDB,clean_Q9BZG8,N/A,False
clean_Q9BQY9.pdb,AlphaFold,PDB,clean_Q9BQY9,N/A,False
clean_P52738.pdb,AlphaFold,PDB,clean_P52738,N/A,False
clean_Q86XG9.pdb,AlphaFold,PDB,clean_Q86XG9,N/A,False
clean_Q12837.pdb,AlphaFold,PDB,clean_Q12837,N/A,False
clean_Q8WWY8.pdb,AlphaFold,PDB,clean_Q8WWY8,N/A,False
clean_Q6PGN9.pdb,AlphaFold,PDB,clean_Q6PGN9,N/A,False
clean_Q8WTV1.pdb,AlphaFold,PDB,clean_Q8WTV1,N/A,False
clean_P09455.pdb,AlphaFold,PDB,clean_P09455,N/A,False
clean_Q7Z7M8.pdb,AlphaFold,PDB,clean_Q7Z7M8,N/A,False
clean_Q70IA6.pdb,AlphaFold,PDB,clean_Q70IA6,N/A,False
clean_Q7Z5J1.pdb,AlphaFold,PDB,clean_Q7Z5J1,N/A,False
clean_Q8IVB4.pdb,AlphaFold,PDB,clean_Q8IVB4,N/A,False
clean_P48065.pdb,AlphaFold,PDB,clean_P48065,N/A,False
clean_Q17R89.pdb,AlphaFold,PDB,clean_Q17R89,N/A,False
clean_Q9BQA5.pdb,AlphaFold,PDB,clean_Q9BQA5,N/A,False
clean_Q96RI1.pdb,AlphaFold,PDB,clean_Q96RI1,N/A,False
clean_Q9BYB4.pdb,AlphaFold,PDB,clean_Q9BYB4,N/A,False
clean_Q8TEU8.pdb,AlphaFold,PDB,clean_Q8TEU8,N/A,False
clean_Q7Z7H3.pdb,AlphaFold,PDB,clean_Q7Z7H3,N/A,False
clean_Q9Y5K3.pdb,AlphaFold,PDB,clean_Q9Y5K3,N/A,False
clean_O43511.pdb,AlphaFold,PDB,clean_O43511,N/A,False
clean_O00624.pdb,AlphaFold,PDB,clean_O00624,N/A,False
clean_Q9UI47.pdb,AlphaFold,PDB,clean_Q9UI47,N/A,False
clean_Q96S38.pdb,AlphaFold,PDB,clean_Q96S38,N/A,False
clean_Q9NZ32.pdb,AlphaFold,PDB,clean_Q9NZ32,N/A,False
clean_Q9NRJ4.pdb,AlphaFold,PDB,clean_Q9NRJ4,N/A,False
clean_P60602.pdb,AlphaFold,PDB,clean_P60602,N/A,False
clean_P21589.pdb,AlphaFold,PDB,clean_P21589,N/A,False
clean_Q9UBU2.pdb,AlphaFold,PDB,clean_Q9UBU2,N/A,False
clean_Q96FN4.pdb,AlphaFold,PDB,clean_Q96FN4,N/A,False
clean_Q9P2H0.pdb,AlphaFold,PDB,clean_Q9P2H0,N/A,False
clean_Q9NWT1.pdb,AlphaFold,PDB,clean_Q9NWT1,N/A,False
clean_Q13536.pdb,AlphaFold,PDB,clean_Q13536,N/A,False
clean_Q8TDF5.pdb,AlphaFold,PDB,clean_Q8TDF5,N/A,False
clean_Q05084.pdb,AlphaFold,PDB,clean_Q05084,N/A,False
clean_Q8IYJ3.pdb,AlphaFold,PDB,clean_Q8IYJ3,N/A,False
clean_P61601.pdb,AlphaFold,PDB,clean_P61601,N/A,False
clean_Q9NZR4.pdb,AlphaFold,PDB,clean_Q9NZR4,N/A,False
clean_Q96G61.pdb,AlphaFold,PDB,clean_Q96G61,N/A,False
clean_Q9BT67.pdb,AlphaFold,PDB,clean_Q9BT67,N/A,False
clean_Q2M3C7.pdb,AlphaFold,PDB,clean_Q2M3C7,N/A,False
clean_O00519.pdb,AlphaFold,PDB,clean_O00519,N/A,False
clean_Q96KP1.pdb,AlphaFold,PDB,clean_Q96KP1,N/A,False
clean_P80723.pdb,AlphaFold,PDB,clean_P80723,N/A,False
clean_A6NMB1.pdb,AlphaFold,PDB,clean_A6NMB1,N/A,False
clean_Q6PIY7.pdb,AlphaFold,PDB,clean_Q6PIY7,N/A,False
clean_Q86YC3.pdb,AlphaFold,PDB,clean_Q86YC3,N/A,False
clean_O00744.pdb,AlphaFold,PDB,clean_O00744,N/A,False
clean_Q8TE85.pdb,AlphaFold,PDB,clean_Q8TE85,N/A,False
clean_Q6UVY6.pdb,AlphaFold,PDB,clean_Q6UVY6,N/A,False
clean_Q15424.pdb,AlphaFold,PDB,clean_Q15424,N/A,False
clean_Q8N3T1.pdb,AlphaFold,PDB,clean_Q8N3T1,N/A,False
clean_Q9NRR6.pdb,AlphaFold,PDB,clean_Q9NRR6,N/A,False
clean_Q96J66.pdb,AlphaFold,PDB,clean_Q96J66,N/A,False
clean_Q717R9.pdb,AlphaFold,PDB,clean_Q717R9,N/A,False
clean_Q13671.pdb,AlphaFold,PDB,clean_Q13671,N/A,False
clean_P50150.pdb,AlphaFold,PDB,clean_P50150,N/A,False
clean_Q9H2G4.pdb,AlphaFold,PDB,clean_Q9H2G4,N/A,False
clean_Q49AN0.pdb,AlphaFold,PDB,clean_Q49AN0,N/A,False
clean_P00797.pdb,AlphaFold,PDB,clean_P00797,N/A,False
clean_Q9BXQ6.pdb,AlphaFold,PDB,clean_Q9BXQ6,N/A,False
clean_Q06413.pdb,AlphaFold,PDB,clean_Q06413,N/A,False
clean_P31629.pdb,AlphaFold,PDB,clean_P31629,N/A,False
clean_Q9UJ14.pdb,AlphaFold,PDB,clean_Q9UJ14,N/A,False
clean_Q3ZCQ8.pdb,AlphaFold,PDB,clean_Q3ZCQ8,N/A,False
clean_Q8IZC4.pdb,AlphaFold,PDB,clean_Q8IZC4,N/A,False
clean_Q8N6N3.pdb,AlphaFold,PDB,clean_Q8N6N3,N/A,False
clean_Q96P69.pdb,AlphaFold,PDB,clean_Q96P69,N/A,False
clean_Q6ZSZ6.pdb,AlphaFold,PDB,clean_Q6ZSZ6,N/A,False
clean_Q9P1A6.pdb,AlphaFold,PDB,clean_Q9P1A6,N/A,False
clean_Q9UNK0.pdb,AlphaFold,PDB,clean_Q9UNK0,N/A,False
clean_Q96FT7.pdb,AlphaFold,PDB,clean_Q96FT7,N/A,False
clean_Q14C87.pdb,AlphaFold,PDB,clean_Q14C87,N/A,False
clean_Q92561.pdb,AlphaFold,PDB,clean_Q92561,N/A,False
clean_O75677.pdb,AlphaFold,PDB,clean_O75677,N/A,False
clean_P19224.pdb,AlphaFold,PDB,clean_P19224,N/A,False
clean_Q9BXI3.pdb,AlphaFold,PDB,clean_Q9BXI3,N/A,False
clean_Q9UKG4.pdb,AlphaFold,PDB,clean_Q9UKG4,N/A,False
clean_Q9NZN3.pdb,AlphaFold,PDB,clean_Q9NZN3,N/A,False
clean_Q99463.pdb,AlphaFold,PDB,clean_Q99463,N/A,False
clean_O60243.pdb,AlphaFold,PDB,clean_O60243,N/A,False
clean_O14905.pdb,AlphaFold,PDB,clean_O14905,N/A,False
clean_O95153.pdb,AlphaFold,PDB,clean_O95153,N/A,False
clean_Q99698.pdb,AlphaFold,PDB,clean_Q99698,N/A,False
clean_Q7L7V1.pdb,AlphaFold,PDB,clean_Q7L7V1,N/A,False
clean_P12034.pdb,AlphaFold,PDB,clean_P12034,N/A,False
clean_Q6PKX4.pdb,AlphaFold,PDB,clean_Q6PKX4,N/A,False
clean_Q9NP80.pdb,AlphaFold,PDB,clean_Q9NP80,N/A,False
clean_Q9BX10.pdb,AlphaFold,PDB,clean_Q9BX10,N/A,False
clean_Q6NT16.pdb,AlphaFold,PDB,clean_Q6NT16,N/A,False
clean_Q9Y5X4.pdb,AlphaFold,PDB,clean_Q9Y5X4,N/A,False
clean_Q9BV94.pdb,AlphaFold,PDB,clean_Q9BV94,N/A,False
clean_Q9HB19.pdb,AlphaFold,PDB,clean_Q9HB19,N/A,False
clean_Q70EK9.pdb,AlphaFold,PDB,clean_Q70EK9,N/A,False
clean_P78367.pdb,AlphaFold,PDB,clean_P78367,N/A,False
clean_Q8N0X2.pdb,AlphaFold,PDB,clean_Q8N0X2,N/A,False
clean_Q9UL41.pdb,AlphaFold,PDB,clean_Q9UL41,N/A,False
clean_P16389.pdb,AlphaFold,PDB,clean_P16389,N/A,False
clean_P61550.pdb,AlphaFold,PDB,clean_P61550,N/A,False
clean_A0A1B0GTK4.pdb,AlphaFold,PDB,clean_A0A1B0GTK4,N/A,False
clean_Q8TCV5.pdb,AlphaFold,PDB,clean_Q8TCV5,N/A,False
clean_O75911.pdb,AlphaFold,PDB,clean_O75911,N/A,False
clean_Q9C0K1.pdb,AlphaFold,PDB,clean_Q9C0K1,N/A,False
clean_Q969P0.pdb,AlphaFold,PDB,clean_Q969P0,N/A,False
clean_Q9UKU6.pdb,AlphaFold,PDB,clean_Q9UKU6,N/A,False
clean_P78317.pdb,AlphaFold,PDB,clean_P78317,N/A,False
clean_O95424.pdb,AlphaFold,PDB,clean_O95424,N/A,False
clean_P51816.pdb,AlphaFold,PDB,clean_P51816,N/A,False
clean_Q8IUD2.pdb,AlphaFold,PDB,clean_Q8IUD2,N/A,False
clean_Q92681.pdb,AlphaFold,PDB,clean_Q92681,N/A,False
clean_Q58G82.pdb,AlphaFold,PDB,clean_Q58G82,N/A,False
clean_Q14094.pdb,AlphaFold,PDB,clean_Q14094,N/A,False
clean_Q7Z4T8.pdb,AlphaFold,PDB,clean_Q7Z4T8,N/A,False
clean_Q6XD76.pdb,AlphaFold,PDB,clean_Q6XD76,N/A,False
clean_Q8N0V4.pdb,AlphaFold,PDB,clean_Q8N0V4,N/A,False
clean_Q96BD0.pdb,AlphaFold,PDB,clean_Q96BD0,N/A,False
clean_O60656.pdb,AlphaFold,PDB,clean_O60656,N/A,False
clean_O95922.pdb,AlphaFold,PDB,clean_O95922,N/A,False
clean_Q12851.pdb,AlphaFold,PDB,clean_Q12851,N/A,False
clean_Q9BZA7.pdb,AlphaFold,PDB,clean_Q9BZA7,N/A,False
clean_P56559.pdb,AlphaFold,PDB,clean_P56559,N/A,False
clean_Q5BIV9.pdb,AlphaFold,PDB,clean_Q5BIV9,N/A,False
clean_Q01851.pdb,AlphaFold,PDB,clean_Q01851,N/A,False
clean_Q96JI7.pdb,AlphaFold,PDB,clean_Q96JI7,N/A,False
clean_P22309.pdb,AlphaFold,PDB,clean_P22309,N/A,False
clean_O43768.pdb,AlphaFold,PDB,clean_O43768,N/A,False
clean_Q5MIZ7.pdb,AlphaFold,PDB,clean_Q5MIZ7,N/A,False
clean_Q9UHG2.pdb,AlphaFold,PDB,clean_Q9UHG2,N/A,False
clean_Q9H239.pdb,AlphaFold,PDB,clean_Q9H239,N/A,False
clean_Q96A11.pdb,AlphaFold,PDB,clean_Q96A11,N/A,False
clean_O43529.pdb,AlphaFold,PDB,clean_O43529,N/A,False
clean_A0A1W2PQ09.pdb,AlphaFold,PDB,clean_A0A1W2PQ09,N/A,False
clean_P10911.pdb,AlphaFold,PDB,clean_P10911,N/A,False
clean_Q9NTI2.pdb,AlphaFold,PDB,clean_Q9NTI2,N/A,False
clean_P52737.pdb,AlphaFold,PDB,clean_P52737,N/A,False
clean_Q8N3Y7.pdb,AlphaFold,PDB,clean_Q8N3Y7,N/A,False
clean_Q86UP3.pdb,AlphaFold,PDB,clean_Q86UP3,N/A,False
clean_Q5VU43.pdb,AlphaFold,PDB,clean_Q5VU43,N/A,False
clean_P20336.pdb,AlphaFold,PDB,clean_P20336,N/A,False
clean_Q8NB66.pdb,AlphaFold,PDB,clean_Q8NB66,N/A,False
clean_Q86VZ1.pdb,AlphaFold,PDB,clean_Q86VZ1,N/A,False
clean_Q96FN5.pdb,AlphaFold,PDB,clean_Q96FN5,N/A,False
clean_O43688.pdb,AlphaFold,PDB,clean_O43688,N/A,False
clean_Q4AE62.pdb,AlphaFold,PDB,clean_Q4AE62,N/A,False
clean_Q2TAP0.pdb,AlphaFold,PDB,clean_Q2TAP0,N/A,False
clean_Q9P2E8.pdb,AlphaFold,PDB,clean_Q9P2E8,N/A,False
clean_Q9BZM6.pdb,AlphaFold,PDB,clean_Q9BZM6,N/A,False
clean_O14628.pdb,AlphaFold,PDB,clean_O14628,N/A,False
clean_Q8N3H0.pdb,AlphaFold,PDB,clean_Q8N3H0,N/A,False
clean_P51956.pdb,AlphaFold,PDB,clean_P51956,N/A,False
clean_Q16619.pdb,AlphaFold,PDB,clean_Q16619,N/A,False
clean_Q5JUW0.pdb,AlphaFold,PDB,clean_Q5JUW0,N/A,False
clean_Q8IY17.pdb,AlphaFold,PDB,clean_Q8IY17,N/A,False
clean_Q7Z5A8.pdb,AlphaFold,PDB,clean_Q7Z5A8,N/A,False
clean_Q8IY49.pdb,AlphaFold,PDB,clean_Q8IY49,N/A,False
clean_P39210.pdb,AlphaFold,PDB,clean_P39210,N/A,False
clean_Q9BZJ6.pdb,AlphaFold,PDB,clean_Q9BZJ6,N/A,False
clean_Q96NT1.pdb,AlphaFold,PDB,clean_Q96NT1,N/A,False
clean_Q9NP56.pdb,AlphaFold,PDB,clean_Q9NP56,N/A,False
clean_Q8TE02.pdb,AlphaFold,PDB,clean_Q8TE02,N/A,False
clean_Q13634.pdb,AlphaFold,PDB,clean_Q13634,N/A,False
clean_Q5VWW1.pdb,AlphaFold,PDB,clean_Q5VWW1,N/A,False
clean_Q8N6I1.pdb,AlphaFold,PDB,clean_Q8N6I1,N/A,False
clean_P78396.pdb,AlphaFold,PDB,clean_P78396,N/A,False
clean_O43462.pdb,AlphaFold,PDB,clean_O43462,N/A,False
clean_O96002.pdb,AlphaFold,PDB,clean_O96002,N/A,False
clean_Q8IZJ3.pdb,AlphaFold,PDB,clean_Q8IZJ3,N/A,False
clean_Q9H0N0.pdb,AlphaFold,PDB,clean_Q9H0N0,N/A,False
clean_Q6Y2X3.pdb,AlphaFold,PDB,clean_Q6Y2X3,N/A,False
clean_Q7Z7G0.pdb,AlphaFold,PDB,clean_Q7Z7G0,N/A,False
clean_Q8N1G2.pdb,AlphaFold,PDB,clean_Q8N1G2,N/A,False
clean_Q5VXU3.pdb,AlphaFold,PDB,clean_Q5VXU3,N/A,False
clean_O15079.pdb,AlphaFold,PDB,clean_O15079,N/A,False
clean_Q8IUK5.pdb,AlphaFold,PDB,clean_Q8IUK5,N/A,False
clean_Q9UPZ9.pdb,AlphaFold,PDB,clean_Q9UPZ9,N/A,False
clean_P51814.pdb,AlphaFold,PDB,clean_P51814,N/A,False
clean_P29474.pdb,AlphaFold,PDB,clean_P29474,N/A,False
clean_Q9NS56.pdb,AlphaFold,PDB,clean_Q9NS56,N/A,False
clean_Q6ZMQ8.pdb,AlphaFold,PDB,clean_Q6ZMQ8,N/A,False
clean_Q9NXH3.pdb,AlphaFold,PDB,clean_Q9NXH3,N/A,False
clean_Q8N118.pdb,AlphaFold,PDB,clean_Q8N118,N/A,False
clean_Q8N2A8.pdb,AlphaFold,PDB,clean_Q8N2A8,N/A,False
clean_Q8WZ33.pdb,AlphaFold,PDB,clean_Q8WZ33,N/A,False
clean_Q14576.pdb,AlphaFold,PDB,clean_Q14576,N/A,False
clean_Q8WXD2.pdb,AlphaFold,PDB,clean_Q8WXD2,N/A,False
clean_O75783.pdb,AlphaFold,PDB,clean_O75783,N/A,False
clean_Q8N163.pdb,AlphaFold,PDB,clean_Q8N163,N/A,False
clean_Q149M9.pdb,AlphaFold,PDB,clean_Q149M9,N/A,False
clean_O43653.pdb,AlphaFold,PDB,clean_O43653,N/A,False
clean_Q3SY69.pdb,AlphaFold,PDB,clean_Q3SY69,N/A,False
clean_Q9NSD7.pdb,AlphaFold,PDB,clean_Q9NSD7,N/A,False
clean_Q10713.pdb,AlphaFold,PDB,clean_Q10713,N/A,False
clean_Q9H665.pdb,AlphaFold,PDB,clean_Q9H665,N/A,False
clean_Q99928.pdb,AlphaFold,PDB,clean_Q99928,N/A,False
clean_Q8WU03.pdb,AlphaFold,PDB,clean_Q8WU03,N/A,False
clean_Q9UN88.pdb,AlphaFold,PDB,clean_Q9UN88,N/A,False
clean_P20264.pdb,AlphaFold,PDB,clean_P20264,N/A,False
clean_Q01638.pdb,AlphaFold,PDB,clean_Q01638,N/A,False
clean_Q9UKS6.pdb,AlphaFold,PDB,clean_Q9UKS6,N/A,False
clean_Q86VZ6.pdb,AlphaFold,PDB,clean_Q86VZ6,N/A,False
clean_Q13905.pdb,AlphaFold,PDB,clean_Q13905,N/A,False
clean_Q14CZ7.pdb,AlphaFold,PDB,clean_Q14CZ7,N/A,False
clean_Q92896.pdb,AlphaFold,PDB,clean_Q92896,N/A,False
clean_Q9UFN0.pdb,AlphaFold,PDB,clean_Q9UFN0,N/A,False
clean_Q5QFB9.pdb,AlphaFold,PDB,clean_Q5QFB9,N/A,False
clean_Q9ULJ1.pdb,AlphaFold,PDB,clean_Q9ULJ1,N/A,False
clean_Q9Y6L6.pdb,AlphaFold,PDB,clean_Q9Y6L6,N/A,False
clean_Q8NC56.pdb,AlphaFold,PDB,clean_Q8NC56,N/A,False
clean_P56715.pdb,AlphaFold,PDB,clean_P56715,N/A,False
clean_Q9Y5Y3.pdb,AlphaFold,PDB,clean_Q9Y5Y3,N/A,False
clean_Q0VD83.pdb,AlphaFold,PDB,clean_Q0VD83,N/A,False
clean_Q8TAE7.pdb,AlphaFold,PDB,clean_Q8TAE7,N/A,False
clean_Q6ZUX7.pdb,AlphaFold,PDB,clean_Q6ZUX7,N/A,False
clean_Q9BUV0.pdb,AlphaFold,PDB,clean_Q9BUV0,N/A,False
clean_Q9HC58.pdb,AlphaFold,PDB,clean_Q9HC58,N/A,False
clean_P52736.pdb,AlphaFold,PDB,clean_P52736,N/A,False
clean_O43347.pdb,AlphaFold,PDB,clean_O43347,N/A,False
clean_O75781.pdb,AlphaFold,PDB,clean_O75781,N/A,False
clean_Q496M5.pdb,AlphaFold,PDB,clean_Q496M5,N/A,False
clean_P98173.pdb,AlphaFold,PDB,clean_P98173,N/A,False
clean_Q13573.pdb,AlphaFold,PDB,clean_Q13573,N/A,False
clean_Q9BRU2.pdb,AlphaFold,PDB,clean_Q9BRU2,N/A,False
clean_O43295.pdb,AlphaFold,PDB,clean_O43295,N/A,False
clean_Q9BX67.pdb,AlphaFold,PDB,clean_Q9BX67,N/A,False
clean_P78357.pdb,AlphaFold,PDB,clean_P78357,N/A,False
clean_P0C7P2.pdb,AlphaFold,PDB,clean_P0C7P2,N/A,False
clean_Q9BSF8.pdb,AlphaFold,PDB,clean_Q9BSF8,N/A,False
clean_O95670.pdb,AlphaFold,PDB,clean_O95670,N/A,False
clean_O75665.pdb,AlphaFold,PDB,clean_O75665,N/A,False
clean_P16949.pdb,AlphaFold,PDB,clean_P16949,N/A,False
clean_Q6UY14.pdb,AlphaFold,PDB,clean_Q6UY14,N/A,False
clean_Q96J65.pdb,AlphaFold,PDB,clean_Q96J65,N/A,False
clean_Q96CJ1.pdb,AlphaFold,PDB,clean_Q96CJ1,N/A,False
clean_Q15391.pdb,AlphaFold,PDB,clean_Q15391,N/A,False
clean_Q9UJX6.pdb,AlphaFold,PDB,clean_Q9UJX6,N/A,False
clean_Q8TB37.pdb,AlphaFold,PDB,clean_Q8TB37,N/A,False
clean_Q9Y619.pdb,AlphaFold,PDB,clean_Q9Y619,N/A,False
clean_P32242.pdb,AlphaFold,PDB,clean_P32242,N/A,False
clean_P48145.pdb,AlphaFold,PDB,clean_P48145,N/A,False
clean_O14773.pdb,AlphaFold,PDB,clean_O14773,N/A,False
clean_Q99829.pdb,AlphaFold,PDB,clean_Q99829,N/A,False
clean_Q13610.pdb,AlphaFold,PDB,clean_Q13610,N/A,False
clean_Q6PUV4.pdb,AlphaFold,PDB,clean_Q6PUV4,N/A,False
clean_Q9HAV0.pdb,AlphaFold,PDB,clean_Q9HAV0,N/A,False
clean_Q7Z5B4.pdb,AlphaFold,PDB,clean_Q7Z5B4,N/A,False
clean_Q12894.pdb,AlphaFold,PDB,clean_Q12894,N/A,False
clean_Q9NR81.pdb,AlphaFold,PDB,clean_Q9NR81,N/A,False
clean_O75678.pdb,AlphaFold,PDB,clean_O75678,N/A,False
clean_Q01814.pdb,AlphaFold,PDB,clean_Q01814,N/A,False
clean_Q86UY8.pdb,AlphaFold,PDB,clean_Q86UY8,N/A,False
clean_P15259.pdb,AlphaFold,PDB,clean_P15259,N/A,False
clean_Q9Y5Q0.pdb,AlphaFold,PDB,clean_Q9Y5Q0,N/A,False
clean_P31150.pdb,AlphaFold,PDB,clean_P31150,N/A,False
clean_Q9H2A7.pdb,AlphaFold,PDB,clean_Q9H2A7,N/A,False
clean_Q14956.pdb,AlphaFold,PDB,clean_Q14956,N/A,False
clean_Q9H116.pdb,AlphaFold,PDB,clean_Q9H116,N/A,False
clean_Q9BY71.pdb,AlphaFold,PDB,clean_Q9BY71,N/A,False
clean_Q5D862.pdb,AlphaFold,PDB,clean_Q5D862,N/A,False
clean_Q6UY27.pdb,AlphaFold,PDB,clean_Q6UY27,N/A,False
clean_Q96EG1.pdb,AlphaFold,PDB,clean_Q96EG1,N/A,False
clean_O75711.pdb,AlphaFold,PDB,clean_O75711,N/A,False
clean_Q9P2K1.pdb,AlphaFold,PDB,clean_Q9P2K1,N/A,False
clean_Q06495.pdb,AlphaFold,PDB,clean_Q06495,N/A,False
clean_Q13474.pdb,AlphaFold,PDB,clean_Q13474,N/A,False
clean_P55060.pdb,AlphaFold,PDB,clean_P55060,N/A,False
clean_Q8NFM7.pdb,AlphaFold,PDB,clean_Q8NFM7,N/A,False
clean_O94956.pdb,AlphaFold,PDB,clean_O94956,N/A,False
clean_Q9UK23.pdb,AlphaFold,PDB,clean_Q9UK23,N/A,False
clean_Q9H5K3.pdb,AlphaFold,PDB,clean_Q9H5K3,N/A,False
clean_Q9UBY5.pdb,AlphaFold,PDB,clean_Q9UBY5,N/A,False
clean_Q969J2.pdb,AlphaFold,PDB,clean_Q969J2,N/A,False
clean_Q15761.pdb,AlphaFold,PDB,clean_Q15761,N/A,False
clean_Q9BXL8.pdb,AlphaFold,PDB,clean_Q9BXL8,N/A,False
clean_Q9UK28.pdb,AlphaFold,PDB,clean_Q9UK28,N/A,False
clean_O14978.pdb,AlphaFold,PDB,clean_O14978,N/A,False
clean_Q5TAG4.pdb,AlphaFold,PDB,clean_Q5TAG4,N/A,False
clean_Q86V21.pdb,AlphaFold,PDB,clean_Q86V21,N/A,False
clean_Q96F05.pdb,AlphaFold,PDB,clean_Q96F05,N/A,False
clean_O75355.pdb,AlphaFold,PDB,clean_O75355,N/A,False
clean_Q6UUV7.pdb,AlphaFold,PDB,clean_Q6UUV7,N/A,False
clean_Q53R12.pdb,AlphaFold,PDB,clean_Q53R12,N/A,False
clean_Q8TCC7.pdb,AlphaFold,PDB,clean_Q8TCC7,N/A,False
clean_Q9NSC2.pdb,AlphaFold,PDB,clean_Q9NSC2,N/A,False
clean_Q9NPI5.pdb,AlphaFold,PDB,clean_Q9NPI5,N/A,False
clean_Q8IWZ6.pdb,AlphaFold,PDB,clean_Q8IWZ6,N/A,False
clean_A2RRD8.pdb,AlphaFold,PDB,clean_A2RRD8,N/A,False
clean_Q7Z692.pdb,AlphaFold,PDB,clean_Q7Z692,N/A,False
clean_Q96BU1.pdb,AlphaFold,PDB,clean_Q96BU1,N/A,False
clean_Q8TF74.pdb,AlphaFold,PDB,clean_Q8TF74,N/A,False
clean_Q9NX47.pdb,AlphaFold,PDB,clean_Q9NX47,N/A,False
clean_Q8NEL9.pdb,AlphaFold,PDB,clean_Q8NEL9,N/A,False
clean_O76031.pdb,AlphaFold,PDB,clean_O76031,N/A,False
clean_Q9H307.pdb,AlphaFold,PDB,clean_Q9H307,N/A,False
clean_Q9H329.pdb,AlphaFold,PDB,clean_Q9H329,N/A,False
clean_Q9BWW7.pdb,AlphaFold,PDB,clean_Q9BWW7,N/A,False
clean_P22694.pdb,AlphaFold,PDB,clean_P22694,N/A,False
clean_Q96D09.pdb,AlphaFold,PDB,clean_Q96D09,N/A,False
clean_Q9UBM7.pdb,AlphaFold,PDB,clean_Q9UBM7,N/A,False
clean_Q6UWY0.pdb,AlphaFold,PDB,clean_Q6UWY0,N/A,False
clean_Q86VZ5.pdb,AlphaFold,PDB,clean_Q86VZ5,N/A,False
clean_Q9NX78.pdb,AlphaFold,PDB,clean_Q9NX78,N/A,False
clean_O60478.pdb,AlphaFold,PDB,clean_O60478,N/A,False
clean_Q8TER5.pdb,AlphaFold,PDB,clean_Q8TER5,N/A,False
clean_Q66K74.pdb,AlphaFold,PDB,clean_Q66K74,N/A,False
clean_Q86WB0.pdb,AlphaFold,PDB,clean_Q86WB0,N/A,False
clean_Q9NQ84.pdb,AlphaFold,PDB,clean_Q9NQ84,N/A,False
clean_Q9H2G2.pdb,AlphaFold,PDB,clean_Q9H2G2,N/A,False
clean_Q9NZH0.pdb,AlphaFold,PDB,clean_Q9NZH0,N/A,False
clean_Q8TBR7.pdb,AlphaFold,PDB,clean_Q8TBR7,N/A,False
clean_O00462.pdb,AlphaFold,PDB,clean_O00462,N/A,False
clean_Q9Y257.pdb,AlphaFold,PDB,clean_Q9Y257,N/A,False
clean_Q3V5L5.pdb,AlphaFold,PDB,clean_Q3V5L5,N/A,False
clean_Q8TE60.pdb,AlphaFold,PDB,clean_Q8TE60,N/A,False
clean_O14880.pdb,AlphaFold,PDB,clean_O14880,N/A,False
clean_Q53R41.pdb,AlphaFold,PDB,clean_Q53R41,N/A,False
clean_P55058.pdb,AlphaFold,PDB,clean_P55058,N/A,False
clean_Q9H0V9.pdb,AlphaFold,PDB,clean_Q9H0V9,N/A,False
clean_Q9BQC3.pdb,AlphaFold,PDB,clean_Q9BQC3,N/A,False
clean_O75410.pdb,AlphaFold,PDB,clean_O75410,N/A,False
clean_Q9BQT9.pdb,AlphaFold,PDB,clean_Q9BQT9,N/A,False
clean_Q96BI1.pdb,AlphaFold,PDB,clean_Q96BI1,N/A,False
clean_Q96PQ1.pdb,AlphaFold,PDB,clean_Q96PQ1,N/A,False
clean_Q9H0D6.pdb,AlphaFold,PDB,clean_Q9H0D6,N/A,False
clean_F7VJQ1.pdb,AlphaFold,PDB,clean_F7VJQ1,N/A,False
clean_Q6XR72.pdb,AlphaFold,PDB,clean_Q6XR72,N/A,False
clean_O94941.pdb,AlphaFold,PDB,clean_O94941,N/A,False
clean_Q12926.pdb,AlphaFold,PDB,clean_Q12926,N/A,False
clean_Q6Q759.pdb,AlphaFold,PDB,clean_Q6Q759,N/A,False
clean_Q9H6D8.pdb,AlphaFold,PDB,clean_Q9H6D8,N/A,False
clean_Q99797.pdb,AlphaFold,PDB,clean_Q99797,N/A,False
clean_O95196.pdb,AlphaFold,PDB,clean_O95196,N/A,False
clean_Q9GZU5.pdb,AlphaFold,PDB,clean_Q9GZU5,N/A,False
clean_P50416.pdb,AlphaFold,PDB,clean_P50416,N/A,False
clean_Q9HAW9.pdb,AlphaFold,PDB,clean_Q9HAW9,N/A,False
clean_P48048.pdb,AlphaFold,PDB,clean_P48048,N/A,False
clean_P13611.pdb,AlphaFold,PDB,clean_P13611,N/A,False
clean_Q12981.pdb,AlphaFold,PDB,clean_Q12981,N/A,False
clean_O14827.pdb,AlphaFold,PDB,clean_O14827,N/A,False
clean_Q9Y247.pdb,AlphaFold,PDB,clean_Q9Y247,N/A,False
clean_Q9NZD8.pdb,AlphaFold,PDB,clean_Q9NZD8,N/A,False
clean_O75752.pdb,AlphaFold,PDB,clean_O75752,N/A,False
clean_O00193.pdb,AlphaFold,PDB,clean_O00193,N/A,False
clean_Q6Y1H2.pdb,AlphaFold,PDB,clean_Q6Y1H2,N/A,False
clean_P04156.pdb,AlphaFold,PDB,clean_P04156,N/A,False
clean_Q8N8U9.pdb,AlphaFold,PDB,clean_Q8N8U9,N/A,False
clean_Q16586.pdb,AlphaFold,PDB,clean_Q16586,N/A,False
clean_P48146.pdb,AlphaFold,PDB,clean_P48146,N/A,False
clean_Q9BYT1.pdb,AlphaFold,PDB,clean_Q9BYT1,N/A,False
clean_Q6U736.pdb,AlphaFold,PDB,clean_Q6U736,N/A,False
clean_O60285.pdb,AlphaFold,PDB,clean_O60285,N/A,False
clean_Q6ZRP7.pdb,AlphaFold,PDB,clean_Q6ZRP7,N/A,False
clean_Q6H9L7.pdb,AlphaFold,PDB,clean_Q6H9L7,N/A,False
clean_Q9NR63.pdb,AlphaFold,PDB,clean_Q9NR63,N/A,False
clean_P07437.pdb,AlphaFold,PDB,clean_P07437,N/A,False
clean_P52797.pdb,AlphaFold,PDB,clean_P52797,N/A,False
clean_P10644.pdb,AlphaFold,PDB,clean_P10644,N/A,False
clean_Q9NX36.pdb,AlphaFold,PDB,clean_Q9NX36,N/A,False
clean_Q9ULD8.pdb,AlphaFold,PDB,clean_Q9ULD8,N/A,False
clean_P56945.pdb,AlphaFold,PDB,clean_P56945,N/A,False
clean_Q8N1I0.pdb,AlphaFold,PDB,clean_Q8N1I0,N/A,False
clean_Q15170.pdb,AlphaFold,PDB,clean_Q15170,N/A,False
clean_Q96Q05.pdb,AlphaFold,PDB,clean_Q96Q05,N/A,False
clean_Q5JT25.pdb,AlphaFold,PDB,clean_Q5JT25,N/A,False
clean_Q7Z5A9.pdb,AlphaFold,PDB,clean_Q7Z5A9,N/A,False
clean_O75881.pdb,AlphaFold,PDB,clean_O75881,N/A,False
clean_O94812.pdb,AlphaFold,PDB,clean_O94812,N/A,False
clean_Q9H1H9.pdb,AlphaFold,PDB,clean_Q9H1H9,N/A,False
clean_Q8IXB3.pdb,AlphaFold,PDB,clean_Q8IXB3,N/A,False
clean_Q96GM1.pdb,AlphaFold,PDB,clean_Q96GM1,N/A,False
clean_Q13535.pdb,AlphaFold,PDB,clean_Q13535,N/A,False
clean_Q9BZJ7.pdb,AlphaFold,PDB,clean_Q9BZJ7,N/A,False
clean_Q8TAM6.pdb,AlphaFold,PDB,clean_Q8TAM6,N/A,False
clean_O75952.pdb,AlphaFold,PDB,clean_O75952,N/A,False
clean_Q99767.pdb,AlphaFold,PDB,clean_Q99767,N/A,False
clean_Q9BXY5.pdb,AlphaFold,PDB,clean_Q9BXY5,N/A,False
clean_O94823.pdb,AlphaFold,PDB,clean_O94823,N/A,False
clean_Q6ZQW0.pdb,AlphaFold,PDB,clean_Q6ZQW0,N/A,False
clean_Q9NZV1.pdb,AlphaFold,PDB,clean_Q9NZV1,N/A,False
clean_Q9UKI2.pdb,AlphaFold,PDB,clean_Q9UKI2,N/A,False
clean_Q9P2U8.pdb,AlphaFold,PDB,clean_Q9P2U8,N/A,False
clean_Q8IWE5.pdb,AlphaFold,PDB,clean_Q8IWE5,N/A,False
clean_Q16585.pdb,AlphaFold,PDB,clean_Q16585,N/A,False
clean_Q8NBR0.pdb,AlphaFold,PDB,clean_Q8NBR0,N/A,False
clean_O75074.pdb,AlphaFold,PDB,clean_O75074,N/A,False
clean_A5PL33.pdb,AlphaFold,PDB,clean_A5PL33,N/A,False
clean_Q6NWY9.pdb,AlphaFold,PDB,clean_Q6NWY9,N/A,False
clean_Q9BPW4.pdb,AlphaFold,PDB,clean_Q9BPW4,N/A,False
clean_P49335.pdb,AlphaFold,PDB,clean_P49335,N/A,False
clean_Q70YC4.pdb,AlphaFold,PDB,clean_Q70YC4,N/A,False
clean_Q8IZH2.pdb,AlphaFold,PDB,clean_Q8IZH2,N/A,False
clean_Q0D2K0.pdb,AlphaFold,PDB,clean_Q0D2K0,N/A,False
clean_Q7Z2Q7.pdb,AlphaFold,PDB,clean_Q7Z2Q7,N/A,False
clean_O95294.pdb,AlphaFold,PDB,clean_O95294,N/A,False
clean_Q9UBL6.pdb,AlphaFold,PDB,clean_Q9UBL6,N/A,False
clean_Q9H305.pdb,AlphaFold,PDB,clean_Q9H305,N/A,False
clean_O75445.pdb,AlphaFold,PDB,clean_O75445,N/A,False
clean_Q8WZ74.pdb,AlphaFold,PDB,clean_Q8WZ74,N/A,False
clean_Q8WTS1.pdb,AlphaFold,PDB,clean_Q8WTS1,N/A,False
clean_Q9Y625.pdb,AlphaFold,PDB,clean_Q9Y625,N/A,False
clean_Q4G0X4.pdb,AlphaFold,PDB,clean_Q4G0X4,N/A,False
clean_Q8ND90.pdb,AlphaFold,PDB,clean_Q8ND90,N/A,False
clean_Q9H4X1.pdb,AlphaFold,PDB,clean_Q9H4X1,N/A,False
clean_Q9Y2W3.pdb,AlphaFold,PDB,clean_Q9Y2W3,N/A,False
clean_Q96KK3.pdb,AlphaFold,PDB,clean_Q96KK3,N/A,False
clean_Q9UIX4.pdb,AlphaFold,PDB,clean_Q9UIX4,N/A,False
clean_Q15555.pdb,AlphaFold,PDB,clean_Q15555,N/A,False
clean_Q08828.pdb,AlphaFold,PDB,clean_Q08828,N/A,False
clean_Q7Z6Z6.pdb,AlphaFold,PDB,clean_Q7Z6Z6,N/A,False
clean_A6NK89.pdb,AlphaFold,PDB,clean_A6NK89,N/A,False
clean_O95237.pdb,AlphaFold,PDB,clean_O95237,N/A,False
clean_Q15327.pdb,AlphaFold,PDB,clean_Q15327,N/A,False
clean_Q9Y4X5.pdb,AlphaFold,PDB,clean_Q9Y4X5,N/A,False
clean_Q9H6X2.pdb,AlphaFold,PDB,clean_Q9H6X2,N/A,False
clean_O94760.pdb,AlphaFold,PDB,clean_O94760,N/A,False
clean_Q99689.pdb,AlphaFold,PDB,clean_Q99689,N/A,False
clean_Q9NQR4.pdb,AlphaFold,PDB,clean_Q9NQR4,N/A,False
clean_Q14CB8.pdb,AlphaFold,PDB,clean_Q14CB8,N/A,False
clean_Q5SYE7.pdb,AlphaFold,PDB,clean_Q5SYE7,N/A,False
clean_Q11128.pdb,AlphaFold,PDB,clean_Q11128,N/A,False
clean_Q86V15.pdb,AlphaFold,PDB,clean_Q86V15,N/A,False
clean_O14735.pdb,AlphaFold,PDB,clean_O14735,N/A,False
clean_Q8N4C8.pdb,AlphaFold,PDB,clean_Q8N4C8,N/A,False
clean_A6XGL0.pdb,AlphaFold,PDB,clean_A6XGL0,N/A,False
clean_Q99884.pdb,AlphaFold,PDB,clean_Q99884,N/A,False
clean_Q9UL36.pdb,AlphaFold,PDB,clean_Q9UL36,N/A,False
clean_Q7Z408.pdb,AlphaFold,PDB,clean_Q7Z408,N/A,False
clean_Q13319.pdb,AlphaFold,PDB,clean_Q13319,N/A,False
clean_A1L020.pdb,AlphaFold,PDB,clean_A1L020,N/A,False
clean_Q6PIL6.pdb,AlphaFold,PDB,clean_Q6PIL6,N/A,False
clean_Q14296.pdb,AlphaFold,PDB,clean_Q14296,N/A,False
clean_Q9HA38.pdb,AlphaFold,PDB,clean_Q9HA38,N/A,False
clean_Q969K3.pdb,AlphaFold,PDB,clean_Q969K3,N/A,False
clean_O15321.pdb,AlphaFold,PDB,clean_O15321,N/A,False
clean_Q7L9L4.pdb,AlphaFold,PDB,clean_Q7L9L4,N/A,False
clean_Q9ULS5.pdb,AlphaFold,PDB,clean_Q9ULS5,N/A,False
clean_Q6ZPB5.pdb,AlphaFold,PDB,clean_Q6ZPB5,N/A,False
clean_Q8NFW8.pdb,AlphaFold,PDB,clean_Q8NFW8,N/A,False
clean_Q9NYU2.pdb,AlphaFold,PDB,clean_Q9NYU2,N/A,False
clean_Q86UW7.pdb,AlphaFold,PDB,clean_Q86UW7,N/A,False
clean_O95157.pdb,AlphaFold,PDB,clean_O95157,N/A,False
clean_Q9H2J7.pdb,AlphaFold,PDB,clean_Q9H2J7,N/A,False
clean_Q96KP6.pdb,AlphaFold,PDB,clean_Q96KP6,N/A,False
clean_Q70J99.pdb,AlphaFold,PDB,clean_Q70J99,N/A,False
clean_Q8IYX1.pdb,AlphaFold,PDB,clean_Q8IYX1,N/A,False
clean_Q9P0M2.pdb,AlphaFold,PDB,clean_Q9P0M2,N/A,False
clean_Q00005.pdb,AlphaFold,PDB,clean_Q00005,N/A,False
clean_Q8TDC3.pdb,AlphaFold,PDB,clean_Q8TDC3,N/A,False
clean_Q8WYA0.pdb,AlphaFold,PDB,clean_Q8WYA0,N/A,False
clean_Q9H0E9.pdb,AlphaFold,PDB,clean_Q9H0E9,N/A,False
clean_Q9NZV7.pdb,AlphaFold,PDB,clean_Q9NZV7,N/A,False
clean_Q14565.pdb,AlphaFold,PDB,clean_Q14565,N/A,False
clean_O94988.pdb,AlphaFold,PDB,clean_O94988,N/A,False
clean_O15354.pdb,AlphaFold,PDB,clean_O15354,N/A,False
clean_P57055.pdb,AlphaFold,PDB,clean_P57055,N/A,False
clean_O60909.pdb,AlphaFold,PDB,clean_O60909,N/A,False
clean_Q9UBP4.pdb,AlphaFold,PDB,clean_Q9UBP4,N/A,False
clean_Q70SY1.pdb,AlphaFold,PDB,clean_Q70SY1,N/A,False
clean_P29122.pdb,AlphaFold,PDB,clean_P29122,N/A,False
clean_O75920.pdb,AlphaFold,PDB,clean_O75920,N/A,False
clean_Q9UF11.pdb,AlphaFold,PDB,clean_Q9UF11,N/A,False
clean_Q14184.pdb,AlphaFold,PDB,clean_Q14184,N/A,False
clean_Q8WWR8.pdb,AlphaFold,PDB,clean_Q8WWR8,N/A,False
clean_Q9HCS5.pdb,AlphaFold,PDB,clean_Q9HCS5,N/A,False
clean_O43555.pdb,AlphaFold,PDB,clean_O43555,N/A,False
clean_O75553.pdb,AlphaFold,PDB,clean_O75553,N/A,False
clean_Q9HBT6.pdb,AlphaFold,PDB,clean_Q9HBT6,N/A,False
clean_P51861.pdb,AlphaFold,PDB,clean_P51861,N/A,False
clean_P50539.pdb,AlphaFold,PDB,clean_P50539,N/A,False
clean_Q969P6.pdb,AlphaFold,PDB,clean_Q969P6,N/A,False
clean_Q7Z6K1.pdb,AlphaFold,PDB,clean_Q7Z6K1,N/A,False
clean_Q9P2M7.pdb,AlphaFold,PDB,clean_Q9P2M7,N/A,False
clean_Q96KR1.pdb,AlphaFold,PDB,clean_Q96KR1,N/A,False
clean_Q8TDB4.pdb,AlphaFold,PDB,clean_Q8TDB4,N/A,False
clean_Q8NHE4.pdb,AlphaFold,PDB,clean_Q8NHE4,N/A,False
clean_O60447.pdb,AlphaFold,PDB,clean_O60447,N/A,False
clean_Q9HCN8.pdb,AlphaFold,PDB,clean_Q9HCN8,N/A,False
clean_Q8NFW9.pdb,AlphaFold,PDB,clean_Q8NFW9,N/A,False
clean_P55286.pdb,AlphaFold,PDB,clean_P55286,N/A,False
clean_Q8NI17.pdb,AlphaFold,PDB,clean_Q8NI17,N/A,False
clean_P35612.pdb,AlphaFold,PDB,clean_P35612,N/A,False
clean_Q8TEY5.pdb,AlphaFold,PDB,clean_Q8TEY5,N/A,False
clean_Q9ULX5.pdb,AlphaFold,PDB,clean_Q9ULX5,N/A,False
clean_O15400.pdb,AlphaFold,PDB,clean_O15400,N/A,False
clean_Q17RD7.pdb,AlphaFold,PDB,clean_Q17RD7,N/A,False
clean_Q8IWX5.pdb,AlphaFold,PDB,clean_Q8IWX5,N/A,False
clean_Q9H2P0.pdb,AlphaFold,PDB,clean_Q9H2P0,N/A,False
clean_Q9H9B1.pdb,AlphaFold,PDB,clean_Q9H9B1,N/A,False
clean_Q9Y216.pdb,AlphaFold,PDB,clean_Q9Y216,N/A,False
clean_O95450.pdb,AlphaFold,PDB,clean_O95450,N/A,False
clean_P49918.pdb,AlphaFold,PDB,clean_P49918,N/A,False
clean_Q9BQD1.pdb,AlphaFold,PDB,clean_Q9BQD1,N/A,False
clean_Q9NS71.pdb,AlphaFold,PDB,clean_Q9NS71,N/A,False
clean_Q96T23.pdb,AlphaFold,PDB,clean_Q96T23,N/A,False
clean_Q9BT40.pdb,AlphaFold,PDB,clean_Q9BT40,N/A,False
clean_Q9NZJ7.pdb,AlphaFold,PDB,clean_Q9NZJ7,N/A,False
clean_Q8NFU0.pdb,AlphaFold,PDB,clean_Q8NFU0,N/A,False
clean_A0A1W2PR64.pdb,AlphaFold,PDB,clean_A0A1W2PR64,N/A,False
clean_O75335.pdb,AlphaFold,PDB,clean_O75335,N/A,False
clean_Q9C056.pdb,AlphaFold,PDB,clean_Q9C056,N/A,False
clean_Q15043.pdb,AlphaFold,PDB,clean_Q15043,N/A,False
clean_Q6ZSA7.pdb,AlphaFold,PDB,clean_Q6ZSA7,N/A,False
clean_Q9NSA2.pdb,AlphaFold,PDB,clean_Q9NSA2,N/A,False
clean_Q8TD22.pdb,AlphaFold,PDB,clean_Q8TD22,N/A,False
clean_O75093.pdb,AlphaFold,PDB,clean_O75093,N/A,False
clean_Q6UWR7.pdb,AlphaFold,PDB,clean_Q6UWR7,N/A,False
clean_Q8IW52.pdb,AlphaFold,PDB,clean_Q8IW52,N/A,False
clean_Q13023.pdb,AlphaFold,PDB,clean_Q13023,N/A,False
clean_Q9BZF3.pdb,AlphaFold,PDB,clean_Q9BZF3,N/A,False
clean_O15225.pdb,AlphaFold,PDB,clean_O15225,N/A,False
clean_Q13242.pdb,AlphaFold,PDB,clean_Q13242,N/A,False
clean_Q8WY22.pdb,AlphaFold,PDB,clean_Q8WY22,N/A,False
clean_Q99680.pdb,AlphaFold,PDB,clean_Q99680,N/A,False
clean_Q9UDY4.pdb,AlphaFold,PDB,clean_Q9UDY4,N/A,False
clean_A7MCY6.pdb,AlphaFold,PDB,clean_A7MCY6,N/A,False
clean_Q9UBG3.pdb,AlphaFold,PDB,clean_Q9UBG3,N/A,False
clean_Q9NZN4.pdb,AlphaFold,PDB,clean_Q9NZN4,N/A,False
clean_Q9Y226.pdb,AlphaFold,PDB,clean_Q9Y226,N/A,False
clean_Q9HDB5.pdb,AlphaFold,PDB,clean_Q9HDB5,N/A,False
clean_Q8NB59.pdb,AlphaFold,PDB,clean_Q8NB59,N/A,False
clean_Q86SJ6.pdb,AlphaFold,PDB,clean_Q86SJ6,N/A,False
clean_O60830.pdb,AlphaFold,PDB,clean_O60830,N/A,False
clean_Q6PI77.pdb,AlphaFold,PDB,clean_Q6PI77,N/A,False
clean_Q9NTJ5.pdb,AlphaFold,PDB,clean_Q9NTJ5,N/A,False
clean_P25106.pdb,AlphaFold,PDB,clean_P25106,N/A,False
clean_Q96BA8.pdb,AlphaFold,PDB,clean_Q96BA8,N/A,False
clean_Q8N6C5.pdb,AlphaFold,PDB,clean_Q8N6C5,N/A,False
clean_Q8N568.pdb,AlphaFold,PDB,clean_Q8N568,N/A,False
clean_Q96H12.pdb,AlphaFold,PDB,clean_Q96H12,N/A,False
clean_Q13057.pdb,AlphaFold,PDB,clean_Q13057,N/A,False
clean_Q4V9L6.pdb,AlphaFold,PDB,clean_Q4V9L6,N/A,False
clean_O60282.pdb,AlphaFold,PDB,clean_O60282,N/A,False
clean_P41247.pdb,AlphaFold,PDB,clean_P41247,N/A,False
clean_Q08J23.pdb,AlphaFold,PDB,clean_Q08J23,N/A,False
clean_Q9H8X2.pdb,AlphaFold,PDB,clean_Q9H8X2,N/A,False
clean_Q99487.pdb,AlphaFold,PDB,clean_Q99487,N/A,False
clean_Q9C0K0.pdb,AlphaFold,PDB,clean_Q9C0K0,N/A,False
clean_Q5W0V3.pdb,AlphaFold,PDB,clean_Q5W0V3,N/A,False
clean_Q6IS24.pdb,AlphaFold,PDB,clean_Q6IS24,N/A,False
clean_O94933.pdb,AlphaFold,PDB,clean_O94933,N/A,False
clean_O75185.pdb,AlphaFold,PDB,clean_O75185,N/A,False
clean_Q9NQY0.pdb,AlphaFold,PDB,clean_Q9NQY0,N/A,False
clean_Q9BTF0.pdb,AlphaFold,PDB,clean_Q9BTF0,N/A,False
clean_Q7Z7B0.pdb,AlphaFold,PDB,clean_Q7Z7B0,N/A,False
clean_O95359.pdb,AlphaFold,PDB,clean_O95359,N/A,False
clean_Q86YF9.pdb,AlphaFold,PDB,clean_Q86YF9,N/A,False
clean_Q9UM63.pdb,AlphaFold,PDB,clean_Q9UM63,N/A,False
clean_Q96DZ9.pdb,AlphaFold,PDB,clean_Q96DZ9,N/A,False
clean_Q9Y4C0.pdb,AlphaFold,PDB,clean_Q9Y4C0,N/A,False
clean_Q16363.pdb,AlphaFold,PDB,clean_Q16363,N/A,False
clean_Q5T0F9.pdb,AlphaFold,PDB,clean_Q5T0F9,N/A,False
clean_Q7KZN9.pdb,AlphaFold,PDB,clean_Q7KZN9,N/A,False
clean_Q5VIY5.pdb,AlphaFold,PDB,clean_Q5VIY5,N/A,False
clean_Q96JE9.pdb,AlphaFold,PDB,clean_Q96JE9,N/A,False
clean_P11055.pdb,AlphaFold,PDB,clean_P11055,N/A,False
clean_P61371.pdb,AlphaFold,PDB,clean_P61371,N/A,False
clean_O95057.pdb,AlphaFold,PDB,clean_O95057,N/A,False
clean_Q13278.pdb,AlphaFold,PDB,clean_Q13278,N/A,False
clean_Q96FL9.pdb,AlphaFold,PDB,clean_Q96FL9,N/A,False
clean_Q99943.pdb,AlphaFold,PDB,clean_Q99943,N/A,False
clean_O00341.pdb,AlphaFold,PDB,clean_O00341,N/A,False
clean_O96017.pdb,AlphaFold,PDB,clean_O96017,N/A,False
clean_Q969N4.pdb,AlphaFold,PDB,clean_Q969N4,N/A,False
clean_Q6UXI9.pdb,AlphaFold,PDB,clean_Q6UXI9,N/A,False
clean_Q969M3.pdb,AlphaFold,PDB,clean_Q969M3,N/A,False
clean_Q9Y4L1.pdb,AlphaFold,PDB,clean_Q9Y4L1,N/A,False
clean_Q8NEA6.pdb,AlphaFold,PDB,clean_Q8NEA6,N/A,False
clean_O14640.pdb,AlphaFold,PDB,clean_O14640,N/A,False
clean_Q9H2D6.pdb,AlphaFold,PDB,clean_Q9H2D6,N/A,False
clean_Q14202.pdb,AlphaFold,PDB,clean_Q14202,N/A,False
clean_Q9BZD7.pdb,AlphaFold,PDB,clean_Q9BZD7,N/A,False
clean_O14503.pdb,AlphaFold,PDB,clean_O14503,N/A,False
clean_Q9BRK0.pdb,AlphaFold,PDB,clean_Q9BRK0,N/A,False
clean_O00400.pdb,AlphaFold,PDB,clean_O00400,N/A,False
clean_A8MQ27.pdb,AlphaFold,PDB,clean_A8MQ27,N/A,False
clean_P13861.pdb,AlphaFold,PDB,clean_P13861,N/A,False
clean_Q2NKQ1.pdb,AlphaFold,PDB,clean_Q2NKQ1,N/A,False
clean_Q96M96.pdb,AlphaFold,PDB,clean_Q96M96,N/A,False
clean_Q6EMK4.pdb,AlphaFold,PDB,clean_Q6EMK4,N/A,False
clean_Q6L8G5.pdb,AlphaFold,PDB,clean_Q6L8G5,N/A,False
clean_A5PKW4.pdb,AlphaFold,PDB,clean_A5PKW4,N/A,False
clean_O60248.pdb,AlphaFold,PDB,clean_O60248,N/A,False
clean_Q5DT21.pdb,AlphaFold,PDB,clean_Q5DT21,N/A,False
clean_P31152.pdb,AlphaFold,PDB,clean_P31152,N/A,False
clean_Q8TCW9.pdb,AlphaFold,PDB,clean_Q8TCW9,N/A,False
clean_O15126.pdb,AlphaFold,PDB,clean_O15126,N/A,False
clean_Q9C0J9.pdb,AlphaFold,PDB,clean_Q9C0J9,N/A,False
clean_Q8TAC9.pdb,AlphaFold,PDB,clean_Q8TAC9,N/A,False
clean_Q8TCJ0.pdb,AlphaFold,PDB,clean_Q8TCJ0,N/A,False
clean_Q9UP79.pdb,AlphaFold,PDB,clean_Q9UP79,N/A,False
clean_Q14940.pdb,AlphaFold,PDB,clean_Q14940,N/A,False
clean_Q9P2X3.pdb,AlphaFold,PDB,clean_Q9P2X3,N/A,False
clean_Q9NS39.pdb,AlphaFold,PDB,clean_Q9NS39,N/A,False
clean_Q86Y25.pdb,AlphaFold,PDB,clean_Q86Y25,N/A,False
clean_Q6STE5.pdb,AlphaFold,PDB,clean_Q6STE5,N/A,False
clean_Q52LW3.pdb,AlphaFold,PDB,clean_Q52LW3,N/A,False
clean_Q16143.pdb,AlphaFold,PDB,clean_Q16143,N/A,False
clean_Q16587.pdb,AlphaFold,PDB,clean_Q16587,N/A,False
clean_Q96G01.pdb,AlphaFold,PDB,clean_Q96G01,N/A,False
clean_Q96PE3.pdb,AlphaFold,PDB,clean_Q96PE3,N/A,False
clean_P78333.pdb,AlphaFold,PDB,clean_P78333,N/A,False
clean_Q5VX71.pdb,AlphaFold,PDB,clean_Q5VX71,N/A,False
clean_Q16445.pdb,AlphaFold,PDB,clean_Q16445,N/A,False
clean_Q8WXG6.pdb,AlphaFold,PDB,clean_Q8WXG6,N/A,False
clean_O60237.pdb,AlphaFold,PDB,clean_O60237,N/A,False
clean_P31512.pdb,AlphaFold,PDB,clean_P31512,N/A,False
clean_O60427.pdb,AlphaFold,PDB,clean_O60427,N/A,False
clean_P0DI81.pdb,AlphaFold,PDB,clean_P0DI81,N/A,False
clean_Q8IWU5.pdb,AlphaFold,PDB,clean_Q8IWU5,N/A,False
clean_Q9UNP4.pdb,AlphaFold,PDB,clean_Q9UNP4,N/A,False
clean_Q92569.pdb,AlphaFold,PDB,clean_Q92569,N/A,False
clean_Q9H9P8.pdb,AlphaFold,PDB,clean_Q9H9P8,N/A,False
clean_Q9NQ31.pdb,AlphaFold,PDB,clean_Q9NQ31,N/A,False
clean_Q9HCG7.pdb,AlphaFold,PDB,clean_Q9HCG7,N/A,False
clean_Q9NZM4.pdb,AlphaFold,PDB,clean_Q9NZM4,N/A,False
clean_Q8ND71.pdb,AlphaFold,PDB,clean_Q8ND71,N/A,False
clean_O14512.pdb,AlphaFold,PDB,clean_O14512,N/A,False
clean_P78395.pdb,AlphaFold,PDB,clean_P78395,N/A,False
clean_Q9UIL8.pdb,AlphaFold,PDB,clean_Q9UIL8,N/A,False
clean_O15442.pdb,AlphaFold,PDB,clean_O15442,N/A,False
clean_Q14722.pdb,AlphaFold,PDB,clean_Q14722,N/A,False
clean_Q9Y5X9.pdb,AlphaFold,PDB,clean_Q9Y5X9,N/A,False
clean_Q9BXJ3.pdb,AlphaFold,PDB,clean_Q9BXJ3,N/A,False
clean_P35503.pdb,AlphaFold,PDB,clean_P35503,N/A,False
clean_O94772.pdb,AlphaFold,PDB,clean_O94772,N/A,False
clean_O94763.pdb,AlphaFold,PDB,clean_O94763,N/A,False
clean_Q5I7T1.pdb,AlphaFold,PDB,clean_Q5I7T1,N/A,False
clean_Q93097.pdb,AlphaFold,PDB,clean_Q93097,N/A,False
clean_Q8WXF0.pdb,AlphaFold,PDB,clean_Q8WXF0,N/A,False
clean_Q9ULL4.pdb,AlphaFold,PDB,clean_Q9ULL4,N/A,False
clean_Q99677.pdb,AlphaFold,PDB,clean_Q99677,N/A,False
clean_Q9UBS9.pdb,AlphaFold,PDB,clean_Q9UBS9,N/A,False
clean_Q9BZQ4.pdb,AlphaFold,PDB,clean_Q9BZQ4,N/A,False
clean_P61366.pdb,AlphaFold,PDB,clean_P61366,N/A,False
clean_Q8IWB1.pdb,AlphaFold,PDB,clean_Q8IWB1,N/A,False
clean_Q5XKL5.pdb,AlphaFold,PDB,clean_Q5XKL5,N/A,False
clean_Q8IWU2.pdb,AlphaFold,PDB,clean_Q8IWU2,N/A,False
clean_Q9H6U6.pdb,AlphaFold,PDB,clean_Q9H6U6,N/A,False
clean_O15370.pdb,AlphaFold,PDB,clean_O15370,N/A,False
clean_Q13415.pdb,AlphaFold,PDB,clean_Q13415,N/A,False
clean_P06280.pdb,AlphaFold,PDB,clean_P06280,N/A,False
clean_Q9NZC4.pdb,AlphaFold,PDB,clean_Q9NZC4,N/A,False
clean_Q9NY97.pdb,AlphaFold,PDB,clean_Q9NY97,N/A,False
clean_A5D8W1.pdb,AlphaFold,PDB,clean_A5D8W1,N/A,False
clean_Q96Q07.pdb,AlphaFold,PDB,clean_Q96Q07,N/A,False
clean_O60890.pdb,AlphaFold,PDB,clean_O60890,N/A,False
clean_O75077.pdb,AlphaFold,PDB,clean_O75077,N/A,False
clean_Q13277.pdb,AlphaFold,PDB,clean_Q13277,N/A,False
clean_Q8IY26.pdb,AlphaFold,PDB,clean_Q8IY26,N/A,False
clean_Q8IYR6.pdb,AlphaFold,PDB,clean_Q8IYR6,N/A,False
clean_P48066.pdb,AlphaFold,PDB,clean_P48066,N/A,False
clean_Q7Z5A7.pdb,AlphaFold,PDB,clean_Q7Z5A7,N/A,False
clean_O43439.pdb,AlphaFold,PDB,clean_O43439,N/A,False
clean_Q8TED9.pdb,AlphaFold,PDB,clean_Q8TED9,N/A,False
clean_P51878.pdb,AlphaFold,PDB,clean_P51878,N/A,False
clean_Q8NFT8.pdb,AlphaFold,PDB,clean_Q8NFT8,N/A,False
clean_Q8TB68.pdb,AlphaFold,PDB,clean_Q8TB68,N/A,False
clean_P51811.pdb,AlphaFold,PDB,clean_P51811,N/A,False
clean_Q8IUI8.pdb,AlphaFold,PDB,clean_Q8IUI8,N/A,False
clean_Q8IWU4.pdb,AlphaFold,PDB,clean_Q8IWU4,N/A,False
clean_Q9Y693.pdb,AlphaFold,PDB,clean_Q9Y693,N/A,False
clean_Q96A99.pdb,AlphaFold,PDB,clean_Q96A99,N/A,False
clean_P56730.pdb,AlphaFold,PDB,clean_P56730,N/A,False
clean_O94985.pdb,AlphaFold,PDB,clean_O94985,N/A,False
clean_P54750.pdb,AlphaFold,PDB,clean_P54750,N/A,False
clean_Q7RTY8.pdb,AlphaFold,PDB,clean_Q7RTY8,N/A,False
clean_Q7RTS1.pdb,AlphaFold,PDB,clean_Q7RTS1,N/A,False
clean_Q7Z407.pdb,AlphaFold,PDB,clean_Q7Z407,N/A,False
clean_Q9Y4C5.pdb,AlphaFold,PDB,clean_Q9Y4C5,N/A,False
clean_E2RYF7.pdb,AlphaFold,PDB,clean_E2RYF7,N/A,False
clean_P23786.pdb,AlphaFold,PDB,clean_P23786,N/A,False
clean_Q9Y5X5.pdb,AlphaFold,PDB,clean_Q9Y5X5,N/A,False
clean_Q9NPF8.pdb,AlphaFold,PDB,clean_Q9NPF8,N/A,False
clean_Q6XPS3.pdb,AlphaFold,PDB,clean_Q6XPS3,N/A,False
clean_O43379.pdb,AlphaFold,PDB,clean_O43379,N/A,False
clean_Q96RE9.pdb,AlphaFold,PDB,clean_Q96RE9,N/A,False
clean_Q86VP3.pdb,AlphaFold,PDB,clean_Q86VP3,N/A,False
clean_Q8NF86.pdb,AlphaFold,PDB,clean_Q8NF86,N/A,False
clean_Q96EP9.pdb,AlphaFold,PDB,clean_Q96EP9,N/A,False
clean_O75912.pdb,AlphaFold,PDB,clean_O75912,N/A,False
clean_Q9HCM3.pdb,AlphaFold,PDB,clean_Q9HCM3,N/A,False
clean_O60725.pdb,AlphaFold,PDB,clean_O60725,N/A,False
clean_Q1MSJ5.pdb,AlphaFold,PDB,clean_Q1MSJ5,N/A,False
clean_Q6ZSY5.pdb,AlphaFold,PDB,clean_Q6ZSY5,N/A,False
clean_P52594.pdb,AlphaFold,PDB,clean_P52594,N/A,False
clean_O95832.pdb,AlphaFold,PDB,clean_O95832,N/A,False
clean_P48664.pdb,AlphaFold,PDB,clean_P48664,N/A,False
clean_Q9Y3C5.pdb,AlphaFold,PDB,clean_Q9Y3C5,N/A,False
clean_A6NLC8.pdb,AlphaFold,PDB,clean_A6NLC8,N/A,False
clean_O75420.pdb,AlphaFold,PDB,clean_O75420,N/A,False
clean_Q76EJ3.pdb,AlphaFold,PDB,clean_Q76EJ3,N/A,False
clean_Q96BW1.pdb,AlphaFold,PDB,clean_Q96BW1,N/A,False
clean_Q92629.pdb,AlphaFold,PDB,clean_Q92629,N/A,False
clean_Q96AP0.pdb,AlphaFold,PDB,clean_Q96AP0,N/A,False
clean_Q9BZ71.pdb,AlphaFold,PDB,clean_Q9BZ71,N/A,False
clean_Q9NPH5.pdb,AlphaFold,PDB,clean_Q9NPH5,N/A,False
clean_P54803.pdb,AlphaFold,PDB,clean_P54803,N/A,False
clean_O43155.pdb,AlphaFold,PDB,clean_O43155,N/A,False
clean_Q9Y289.pdb,AlphaFold,PDB,clean_Q9Y289,N/A,False
clean_Q7L5A8.pdb,AlphaFold,PDB,clean_Q7L5A8,N/A,False
clean_Q8NDV1.pdb,AlphaFold,PDB,clean_Q8NDV1,N/A,False
clean_Q96N96.pdb,AlphaFold,PDB,clean_Q96N96,N/A,False
clean_Q9BPY8.pdb,AlphaFold,PDB,clean_Q9BPY8,N/A,False
clean_O60941.pdb,AlphaFold,PDB,clean_O60941,N/A,False
clean_Q6UX65.pdb,AlphaFold,PDB,clean_Q6UX65,N/A,False
clean_Q9NY93.pdb,AlphaFold,PDB,clean_Q9NY93,N/A,False
clean_Q8NFJ5.pdb,AlphaFold,PDB,clean_Q8NFJ5,N/A,False
clean_Q86YW7.pdb,AlphaFold,PDB,clean_Q86YW7,N/A,False
clean_Q9BXW6.pdb,AlphaFold,PDB,clean_Q9BXW6,N/A,False
clean_O75900.pdb,AlphaFold,PDB,clean_O75900,N/A,False
clean_Q13509.pdb,AlphaFold,PDB,clean_Q13509,N/A,False
clean_P15169.pdb,AlphaFold,PDB,clean_P15169,N/A,False
clean_P98077.pdb,AlphaFold,PDB,clean_P98077,N/A,False
clean_Q9UPV9.pdb,AlphaFold,PDB,clean_Q9UPV9,N/A,False
clean_Q96T92.pdb,AlphaFold,PDB,clean_Q96T92,N/A,False
clean_Q9NPG1.pdb,AlphaFold,PDB,clean_Q9NPG1,N/A,False
clean_Q9NUQ3.pdb,AlphaFold,PDB,clean_Q9NUQ3,N/A,False
clean_Q8IZJ1.pdb,AlphaFold,PDB,clean_Q8IZJ1,N/A,False
clean_Q6ZSM3.pdb,AlphaFold,PDB,clean_Q6ZSM3,N/A,False
clean_Q76G19.pdb,AlphaFold,PDB,clean_Q76G19,N/A,False
clean_Q9NQ79.pdb,AlphaFold,PDB,clean_Q9NQ79,N/A,False
clean_Q9BUM1.pdb,AlphaFold,PDB,clean_Q9BUM1,N/A,False
clean_Q9BXF6.pdb,AlphaFold,PDB,clean_Q9BXF6,N/A,False
clean_P0DMW2.pdb,AlphaFold,PDB,clean_P0DMW2,N/A,False
clean_O43610.pdb,AlphaFold,PDB,clean_O43610,N/A,False
clean_Q8IXF0.pdb,AlphaFold,PDB,clean_Q8IXF0,N/A,False
clean_O00192.pdb,AlphaFold,PDB,clean_O00192,N/A,False
clean_P34995.pdb,AlphaFold,PDB,clean_P34995,N/A,False
clean_Q8N7G0.pdb,AlphaFold,PDB,clean_Q8N7G0,N/A,False
clean_Q14774.pdb,AlphaFold,PDB,clean_Q14774,N/A,False
clean_Q68DX3.pdb,AlphaFold,PDB,clean_Q68DX3,N/A,False
clean_P09544.pdb,AlphaFold,PDB,clean_P09544,N/A,False
clean_Q00973.pdb,AlphaFold,PDB,clean_Q00973,N/A,False
clean_P29374.pdb,AlphaFold,PDB,clean_P29374,N/A,False
clean_O15405.pdb,AlphaFold,PDB,clean_O15405,N/A,False
clean_Q9BXP2.pdb,AlphaFold,PDB,clean_Q9BXP2,N/A,False
clean_Q8WTX9.pdb,AlphaFold,PDB,clean_Q8WTX9,N/A,False
clean_Q9BQ16.pdb,AlphaFold,PDB,clean_Q9BQ16,N/A,False
clean_P49585.pdb,AlphaFold,PDB,clean_P49585,N/A,False
clean_Q9BQJ4.pdb,AlphaFold,PDB,clean_Q9BQJ4,N/A,False
clean_Q99576.pdb,AlphaFold,PDB,clean_Q99576,N/A,False
clean_O43490.pdb,AlphaFold,PDB,clean_O43490,N/A,False
clean_Q8NFJ8.pdb,AlphaFold,PDB,clean_Q8NFJ8,N/A,False
clean_Q9NZQ8.pdb,AlphaFold,PDB,clean_Q9NZQ8,N/A,False
clean_Q8NBC4.pdb,AlphaFold,PDB,clean_Q8NBC4,N/A,False
clean_O76081.pdb,AlphaFold,PDB,clean_O76081,N/A,False
clean_Q8IWL8.pdb,AlphaFold,PDB,clean_Q8IWL8,N/A,False
clean_Q9NRW7.pdb,AlphaFold,PDB,clean_Q9NRW7,N/A,False
clean_Q9P2R3.pdb,AlphaFold,PDB,clean_Q9P2R3,N/A,False
clean_Q8WU79.pdb,AlphaFold,PDB,clean_Q8WU79,N/A,False
clean_Q9UPU3.pdb,AlphaFold,PDB,clean_Q9UPU3,N/A,False
clean_Q8TAK6.pdb,AlphaFold,PDB,clean_Q8TAK6,N/A,False
clean_Q14CN2.pdb,AlphaFold,PDB,clean_Q14CN2,N/A,False
clean_Q49A17.pdb,AlphaFold,PDB,clean_Q49A17,N/A,False
clean_O95379.pdb,AlphaFold,PDB,clean_O95379,N/A,False
clean_P49842.pdb,AlphaFold,PDB,clean_P49842,N/A,False
clean_P31146.pdb,AlphaFold,PDB,clean_P31146,N/A,False
clean_Q96RP7.pdb,AlphaFold,PDB,clean_Q96RP7,N/A,False
clean_Q9H254.pdb,AlphaFold,PDB,clean_Q9H254,N/A,False
clean_Q96NY7.pdb,AlphaFold,PDB,clean_Q96NY7,N/A,False
clean_Q6ZUT3.pdb,AlphaFold,PDB,clean_Q6ZUT3,N/A,False
clean_Q9Y4B6.pdb,AlphaFold,PDB,clean_Q9Y4B6,N/A,False
clean_A0A087X1C5.pdb,AlphaFold,PDB,clean_A0A087X1C5,N/A,False
clean_P59510.pdb,AlphaFold,PDB,clean_P59510,N/A,False
clean_Q92949.pdb,AlphaFold,PDB,clean_Q92949,N/A,False
clean_Q9H5Y7.pdb,AlphaFold,PDB,clean_Q9H5Y7,N/A,False
clean_Q8N8I0.pdb,AlphaFold,PDB,clean_Q8N8I0,N/A,False
clean_O15482.pdb,AlphaFold,PDB,clean_O15482,N/A,False
clean_O60268.pdb,AlphaFold,PDB,clean_O60268,N/A,False
clean_P55283.pdb,AlphaFold,PDB,clean_P55283,N/A,False
clean_Q9UL54.pdb,AlphaFold,PDB,clean_Q9UL54,N/A,False
clean_P35557.pdb,AlphaFold,PDB,clean_P35557,N/A,False
clean_Q96PB7.pdb,AlphaFold,PDB,clean_Q96PB7,N/A,False
clean_Q9UGU0.pdb,AlphaFold,PDB,clean_Q9UGU0,N/A,False
clean_Q6PIU1.pdb,AlphaFold,PDB,clean_Q6PIU1,N/A,False
clean_Q96FC9.pdb,AlphaFold,PDB,clean_Q96FC9,N/A,False
clean_Q7Z419.pdb,AlphaFold,PDB,clean_Q7Z419,N/A,False
clean_Q9HCF6.pdb,AlphaFold,PDB,clean_Q9HCF6,N/A,False
clean_Q96QE2.pdb,AlphaFold,PDB,clean_Q96QE2,N/A,False
clean_O95707.pdb,AlphaFold,PDB,clean_O95707,N/A,False
clean_O94915.pdb,AlphaFold,PDB,clean_O94915,N/A,False
clean_Q8WU17.pdb,AlphaFold,PDB,clean_Q8WU17,N/A,False
clean_Q8TF17.pdb,AlphaFold,PDB,clean_Q8TF17,N/A,False
clean_Q9Y278.pdb,AlphaFold,PDB,clean_Q9Y278,N/A,False
clean_Q8ND04.pdb,AlphaFold,PDB,clean_Q8ND04,N/A,False
clean_Q96K21.pdb,AlphaFold,PDB,clean_Q96K21,N/A,False
clean_Q5T6X5.pdb,AlphaFold,PDB,clean_Q5T6X5,N/A,False
clean_Q8N9F0.pdb,AlphaFold,PDB,clean_Q8N9F0,N/A,False
clean_Q9UQ05.pdb,AlphaFold,PDB,clean_Q9UQ05,N/A,False
clean_Q9ULX6.pdb,AlphaFold,PDB,clean_Q9ULX6,N/A,False
clean_Q9UF12.pdb,AlphaFold,PDB,clean_Q9UF12,N/A,False
clean_O14513.pdb,AlphaFold,PDB,clean_O14513,N/A,False
clean_P48742.pdb,AlphaFold,PDB,clean_P48742,N/A,False
clean_P08949.pdb,AlphaFold,PDB,clean_P08949,N/A,False
clean_Q6TCH4.pdb,AlphaFold,PDB,clean_Q6TCH4,N/A,False
clean_Q9NYW8.pdb,AlphaFold,PDB,clean_Q9NYW8,N/A,False
clean_Q9Y4R7.pdb,AlphaFold,PDB,clean_Q9Y4R7,N/A,False
clean_P62841.pdb,AlphaFold,PDB,clean_P62841,N/A,False
clean_Q53F39.pdb,AlphaFold,PDB,clean_Q53F39,N/A,False
clean_O75072.pdb,AlphaFold,PDB,clean_O75072,N/A,False
clean_P08247.pdb,AlphaFold,PDB,clean_P08247,N/A,False
clean_Q9UHD8.pdb,AlphaFold,PDB,clean_Q9UHD8,N/A,False
clean_P33151.pdb,AlphaFold,PDB,clean_P33151,N/A,False
clean_A0A1W2PPW3.pdb,AlphaFold,PDB,clean_A0A1W2PPW3,N/A,False
clean_Q06945.pdb,AlphaFold,PDB,clean_Q06945,N/A,False
clean_O43283.pdb,AlphaFold,PDB,clean_O43283,N/A,False
clean_Q9UN79.pdb,AlphaFold,PDB,clean_Q9UN79,N/A,False
clean_O00743.pdb,AlphaFold,PDB,clean_O00743,N/A,False
clean_O76024.pdb,AlphaFold,PDB,clean_O76024,N/A,False
clean_Q92845.pdb,AlphaFold,PDB,clean_Q92845,N/A,False
clean_Q9NYK6.pdb,AlphaFold,PDB,clean_Q9NYK6,N/A,False
clean_O00533.pdb,AlphaFold,PDB,clean_O00533,N/A,False
clean_Q9Y561.pdb,AlphaFold,PDB,clean_Q9Y561,N/A,False
clean_Q9BY07.pdb,AlphaFold,PDB,clean_Q9BY07,N/A,False
clean_Q9UJ96.pdb,AlphaFold,PDB,clean_Q9UJ96,N/A,False
clean_Q6ZN01.pdb,AlphaFold,PDB,clean_Q6ZN01,N/A,False
clean_Q9HDD0.pdb,AlphaFold,PDB,clean_Q9HDD0,N/A,False
clean_Q7L8L6.pdb,AlphaFold,PDB,clean_Q7L8L6,N/A,False
clean_Q96HD1.pdb,AlphaFold,PDB,clean_Q96HD1,N/A,False
clean_Q9UI15.pdb,AlphaFold,PDB,clean_Q9UI15,N/A,False
clean_P55289.pdb,AlphaFold,PDB,clean_P55289,N/A,False
clean_Q96A70.pdb,AlphaFold,PDB,clean_Q96A70,N/A,False
clean_Q9NX63.pdb,AlphaFold,PDB,clean_Q9NX63,N/A,False
clean_Q9Y250.pdb,AlphaFold,PDB,clean_Q9Y250,N/A,False
clean_Q9NQV8.pdb,AlphaFold,PDB,clean_Q9NQV8,N/A,False
clean_O75131.pdb,AlphaFold,PDB,clean_O75131,N/A,False
clean_Q8WY21.pdb,AlphaFold,PDB,clean_Q8WY21,N/A,False
clean_Q95460.pdb,AlphaFold,PDB,clean_Q95460,N/A,False
clean_O75078.pdb,AlphaFold,PDB,clean_O75078,N/A,False
clean_Q6UWT2.pdb,AlphaFold,PDB,clean_Q6UWT2,N/A,False
clean_A0A1W2PPH5.pdb,AlphaFold,PDB,clean_A0A1W2PPH5,N/A,False
clean_Q5VTB9.pdb,AlphaFold,PDB,clean_Q5VTB9,N/A,False
clean_Q9NQX7.pdb,AlphaFold,PDB,clean_Q9NQX7,N/A,False
clean_Q9NV64.pdb,AlphaFold,PDB,clean_Q9NV64,N/A,False
clean_Q6P1Q0.pdb,AlphaFold,PDB,clean_Q6P1Q0,N/A,False
clean_Q9UKF2.pdb,AlphaFold,PDB,clean_Q9UKF2,N/A,False
clean_P50749.pdb,AlphaFold,PDB,clean_P50749,N/A,False
clean_Q93086.pdb,AlphaFold,PDB,clean_Q93086,N/A,False
clean_A0A1W2PPE2.pdb,AlphaFold,PDB,clean_A0A1W2PPE2,N/A,False
clean_Q7Z401.pdb,AlphaFold,PDB,clean_Q7Z401,N/A,False
clean_O15198.pdb,AlphaFold,PDB,clean_O15198,N/A,False
clean_P49184.pdb,AlphaFold,PDB,clean_P49184,N/A,False
clean_Q99607.pdb,AlphaFold,PDB,clean_Q99607,N/A,False
clean_O43184.pdb,AlphaFold,PDB,clean_O43184,N/A,False
clean_A0PJY2.pdb,AlphaFold,PDB,clean_A0PJY2,N/A,False
clean_Q9NPC3.pdb,AlphaFold,PDB,clean_Q9NPC3,N/A,False
clean_Q9UBZ4.pdb,AlphaFold,PDB,clean_Q9UBZ4,N/A,False
clean_P56975.pdb,AlphaFold,PDB,clean_P56975,N/A,False
clean_Q8TEW8.pdb,AlphaFold,PDB,clean_Q8TEW8,N/A,False
clean_Q96G23.pdb,AlphaFold,PDB,clean_Q96G23,N/A,False
clean_O94850.pdb,AlphaFold,PDB,clean_O94850,N/A,False
clean_Q71F56.pdb,AlphaFold,PDB,clean_Q71F56,N/A,False
clean_Q9UGI6.pdb,AlphaFold,PDB,clean_Q9UGI6,N/A,False
clean_Q99542.pdb,AlphaFold,PDB,clean_Q99542,N/A,False
clean_P0DTE4.pdb,AlphaFold,PDB,clean_P0DTE4,N/A,False
clean_Q562E7.pdb,AlphaFold,PDB,clean_Q562E7,N/A,False
clean_Q5HYR2.pdb,AlphaFold,PDB,clean_Q5HYR2,N/A,False
clean_Q6ZT62.pdb,AlphaFold,PDB,clean_Q6ZT62,N/A,False
clean_Q5H9R7.pdb,AlphaFold,PDB,clean_Q5H9R7,N/A,False
clean_P05111.pdb,AlphaFold,PDB,clean_P05111,N/A,False
clean_Q8WUX1.pdb,AlphaFold,PDB,clean_Q8WUX1,N/A,False
clean_Q495T6.pdb,AlphaFold,PDB,clean_Q495T6,N/A,False
clean_Q8TDW7.pdb,AlphaFold,PDB,clean_Q8TDW7,N/A,False
clean_Q71H61.pdb,AlphaFold,PDB,clean_Q71H61,N/A,False
clean_P0CJ71.pdb,AlphaFold,PDB,clean_P0CJ71,N/A,False
clean_Q8IZU8.pdb,AlphaFold,PDB,clean_Q8IZU8,N/A,False
clean_P28290.pdb,AlphaFold,PDB,clean_P28290,N/A,False
clean_Q76N32.pdb,AlphaFold,PDB,clean_Q76N32,N/A,False
clean_Q96MV8.pdb,AlphaFold,PDB,clean_Q96MV8,N/A,False
clean_O94827.pdb,AlphaFold,PDB,clean_O94827,N/A,False
clean_O60477.pdb,AlphaFold,PDB,clean_O60477,N/A,False
clean_O95201.pdb,AlphaFold,PDB,clean_O95201,N/A,False
clean_P0DW12.pdb,AlphaFold,PDB,clean_P0DW12,N/A,False
clean_Q6R6M4.pdb,AlphaFold,PDB,clean_Q6R6M4,N/A,False
clean_Q15643.pdb,AlphaFold,PDB,clean_Q15643,N/A,False
clean_Q9NPF2.pdb,AlphaFold,PDB,clean_Q9NPF2,N/A,False
clean_Q96RL6.pdb,AlphaFold,PDB,clean_Q96RL6,N/A,False
clean_Q8N2H9.pdb,AlphaFold,PDB,clean_Q8N2H9,N/A,False
clean_Q9UHJ6.pdb,AlphaFold,PDB,clean_Q9UHJ6,N/A,False
clean_A0A1W2PP81.pdb,AlphaFold,PDB,clean_A0A1W2PP81,N/A,False
clean_Q969F0.pdb,AlphaFold,PDB,clean_Q969F0,N/A,False
clean_O95800.pdb,AlphaFold,PDB,clean_O95800,N/A,False
clean_O76062.pdb,AlphaFold,PDB,clean_O76062,N/A,False
clean_Q9NRU3.pdb,AlphaFold,PDB,clean_Q9NRU3,N/A,False
clean_Q9GZP7.pdb,AlphaFold,PDB,clean_Q9GZP7,N/A,False
clean_P48739.pdb,AlphaFold,PDB,clean_P48739,N/A,False
clean_Q86WA9.pdb,AlphaFold,PDB,clean_Q86WA9,N/A,False
clean_O60907.pdb,AlphaFold,PDB,clean_O60907,N/A,False
clean_Q5M7Z0.pdb,AlphaFold,PDB,clean_Q5M7Z0,N/A,False
clean_Q8WWX8.pdb,AlphaFold,PDB,clean_Q8WWX8,N/A,False
clean_Q96N16.pdb,AlphaFold,PDB,clean_Q96N16,N/A,False
clean_Q49MI3.pdb,AlphaFold,PDB,clean_Q49MI3,N/A,False
clean_Q7Z333.pdb,AlphaFold,PDB,clean_Q7Z333,N/A,False
clean_Q86YR7.pdb,AlphaFold,PDB,clean_Q86YR7,N/A,False
clean_Q9Y661.pdb,AlphaFold,PDB,clean_Q9Y661,N/A,False
clean_P02814.pdb,AlphaFold,PDB,clean_P02814,N/A,False
clean_Q12841.pdb,AlphaFold,PDB,clean_Q12841,N/A,False
clean_Q9HC10.pdb,AlphaFold,PDB,clean_Q9HC10,N/A,False
clean_Q8ND83.pdb,AlphaFold,PDB,clean_Q8ND83,N/A,False
clean_P49798.pdb,AlphaFold,PDB,clean_P49798,N/A,False
clean_Q96NL0.pdb,AlphaFold,PDB,clean_Q96NL0,N/A,False
clean_Q538Z0.pdb,AlphaFold,PDB,clean_Q538Z0,N/A,False
clean_Q9P2E5.pdb,AlphaFold,PDB,clean_Q9P2E5,N/A,False
clean_P62760.pdb,AlphaFold,PDB,clean_P62760,N/A,False
clean_Q5JY77.pdb,AlphaFold,PDB,clean_Q5JY77,N/A,False
clean_O43272.pdb,AlphaFold,PDB,clean_O43272,N/A,False
clean_Q9BWW4.pdb,AlphaFold,PDB,clean_Q9BWW4,N/A,False
clean_Q99755.pdb,AlphaFold,PDB,clean_Q99755,N/A,False
clean_Q96NT0.pdb,AlphaFold,PDB,clean_Q96NT0,N/A,False
clean_Q96QF7.pdb,AlphaFold,PDB,clean_Q96QF7,N/A,False
clean_Q15723.pdb,AlphaFold,PDB,clean_Q15723,N/A,False
clean_Q86XJ1.pdb,AlphaFold,PDB,clean_Q86XJ1,N/A,False
clean_Q9NP31.pdb,AlphaFold,PDB,clean_Q9NP31,N/A,False
clean_P78539.pdb,AlphaFold,PDB,clean_P78539,N/A,False
clean_P17544.pdb,AlphaFold,PDB,clean_P17544,N/A,False
clean_Q86UW8.pdb,AlphaFold,PDB,clean_Q86UW8,N/A,False
clean_O94818.pdb,AlphaFold,PDB,clean_O94818,N/A,False
clean_Q86VW1.pdb,AlphaFold,PDB,clean_Q86VW1,N/A,False
clean_Q14264.pdb,AlphaFold,PDB,clean_Q14264,N/A,False
clean_Q9BYM8.pdb,AlphaFold,PDB,clean_Q9BYM8,N/A,False
clean_Q9Y6M1.pdb,AlphaFold,PDB,clean_Q9Y6M1,N/A,False
clean_Q8TEA8.pdb,AlphaFold,PDB,clean_Q8TEA8,N/A,False
clean_Q8NFJ6.pdb,AlphaFold,PDB,clean_Q8NFJ6,N/A,False
clean_Q14542.pdb,AlphaFold,PDB,clean_Q14542,N/A,False
clean_Q6P1M0.pdb,AlphaFold,PDB,clean_Q6P1M0,N/A,False
clean_Q9UBF1.pdb,AlphaFold,PDB,clean_Q9UBF1,N/A,False
clean_Q15102.pdb,AlphaFold,PDB,clean_Q15102,N/A,False
clean_O95264.pdb,AlphaFold,PDB,clean_O95264,N/A,False
clean_O15553.pdb,AlphaFold,PDB,clean_O15553,N/A,False
clean_Q9P0P0.pdb,AlphaFold,PDB,clean_Q9P0P0,N/A,False
clean_Q9UJQ1.pdb,AlphaFold,PDB,clean_Q9UJQ1,N/A,False
clean_P17026.pdb,AlphaFold,PDB,clean_P17026,N/A,False
clean_P33402.pdb,AlphaFold,PDB,clean_P33402,N/A,False
clean_Q8IYJ0.pdb,AlphaFold,PDB,clean_Q8IYJ0,N/A,False
clean_Q9NR46.pdb,AlphaFold,PDB,clean_Q9NR46,N/A,False
clean_Q9Y536.pdb,AlphaFold,PDB,clean_Q9Y536,N/A,False
clean_Q9Y3L5.pdb,AlphaFold,PDB,clean_Q9Y3L5,N/A,False
clean_Q9Y646.pdb,AlphaFold,PDB,clean_Q9Y646,N/A,False
clean_O00453.pdb,AlphaFold,PDB,clean_O00453,N/A,False
clean_O14829.pdb,AlphaFold,PDB,clean_O14829,N/A,False
clean_Q9UBP0.pdb,AlphaFold,PDB,clean_Q9UBP0,N/A,False
clean_Q9H2H9.pdb,AlphaFold,PDB,clean_Q9H2H9,N/A,False
clean_Q8IWV2.pdb,AlphaFold,PDB,clean_Q8IWV2,N/A,False
clean_O60312.pdb,AlphaFold,PDB,clean_O60312,N/A,False
clean_Q8NF64.pdb,AlphaFold,PDB,clean_Q8NF64,N/A,False
clean_Q8TE56.pdb,AlphaFold,PDB,clean_Q8TE56,N/A,False
clean_Q6XUX3.pdb,AlphaFold,PDB,clean_Q6XUX3,N/A,False
clean_Q643R3.pdb,AlphaFold,PDB,clean_Q643R3,N/A,False
clean_Q9Y5Z6.pdb,AlphaFold,PDB,clean_Q9Y5Z6,N/A,False
clean_Q9H2B4.pdb,AlphaFold,PDB,clean_Q9H2B4,N/A,False
clean_Q9HAW8.pdb,AlphaFold,PDB,clean_Q9HAW8,N/A,False
clean_Q9ULD2.pdb,AlphaFold,PDB,clean_Q9ULD2,N/A,False
clean_Q9BS31.pdb,AlphaFold,PDB,clean_Q9BS31,N/A,False
clean_O14548.pdb,AlphaFold,PDB,clean_O14548,N/A,False
clean_Q0WX57.pdb,AlphaFold,PDB,clean_Q0WX57,N/A,False
clean_Q96MC2.pdb,AlphaFold,PDB,clean_Q96MC2,N/A,False
clean_Q9UET6.pdb,AlphaFold,PDB,clean_Q9UET6,N/A,False
clean_P57103.pdb,AlphaFold,PDB,clean_P57103,N/A,False
clean_O96024.pdb,AlphaFold,PDB,clean_O96024,N/A,False
clean_Q92563.pdb,AlphaFold,PDB,clean_Q92563,N/A,False
clean_Q96EH8.pdb,AlphaFold,PDB,clean_Q96EH8,N/A,False
clean_P56270.pdb,AlphaFold,PDB,clean_P56270,N/A,False
clean_Q9HC21.pdb,AlphaFold,PDB,clean_Q9HC21,N/A,False
clean_Q7RTZ2.pdb,AlphaFold,PDB,clean_Q7RTZ2,N/A,False
clean_Q96NR8.pdb,AlphaFold,PDB,clean_Q96NR8,N/A,False
clean_Q9HCE9.pdb,AlphaFold,PDB,clean_Q9HCE9,N/A,False
clean_Q86YD1.pdb,AlphaFold,PDB,clean_Q86YD1,N/A,False
clean_P54792.pdb,AlphaFold,PDB,clean_P54792,N/A,False
clean_Q8N9B8.pdb,AlphaFold,PDB,clean_Q8N9B8,N/A,False
clean_Q9UBX7.pdb,AlphaFold,PDB,clean_Q9UBX7,N/A,False
clean_Q9P289.pdb,AlphaFold,PDB,clean_Q9P289,N/A,False
clean_Q8TAP9.pdb,AlphaFold,PDB,clean_Q8TAP9,N/A,False
clean_Q7L0X0.pdb,AlphaFold,PDB,clean_Q7L0X0,N/A,False
clean_Q6ZS30.pdb,AlphaFold,PDB,clean_Q6ZS30,N/A,False
clean_Q9NQX5.pdb,AlphaFold,PDB,clean_Q9NQX5,N/A,False
clean_Q99519.pdb,AlphaFold,PDB,clean_Q99519,N/A,False
clean_O95415.pdb,AlphaFold,PDB,clean_O95415,N/A,False
clean_Q9Y234.pdb,AlphaFold,PDB,clean_Q9Y234,N/A,False
clean_O95751.pdb,AlphaFold,PDB,clean_O95751,N/A,False
clean_Q96JG8.pdb,AlphaFold,PDB,clean_Q96JG8,N/A,False
clean_Q76KP1.pdb,AlphaFold,PDB,clean_Q76KP1,N/A,False
clean_Q15041.pdb,AlphaFold,PDB,clean_Q15041,N/A,False
clean_Q9UBX8.pdb,AlphaFold,PDB,clean_Q9UBX8,N/A,False
clean_Q15072.pdb,AlphaFold,PDB,clean_Q15072,N/A,False
clean_Q8N441.pdb,AlphaFold,PDB,clean_Q8N441,N/A,False
clean_P0CW24.pdb,AlphaFold,PDB,clean_P0CW24,N/A,False
clean_Q8N1D0.pdb,AlphaFold,PDB,clean_Q8N1D0,N/A,False
clean_Q5VY43.pdb,AlphaFold,PDB,clean_Q5VY43,N/A,False
clean_Q8WY07.pdb,AlphaFold,PDB,clean_Q8WY07,N/A,False
clean_O75145.pdb,AlphaFold,PDB,clean_O75145,N/A,False
clean_Q9UNY4.pdb,AlphaFold,PDB,clean_Q9UNY4,N/A,False
clean_Q92186.pdb,AlphaFold,PDB,clean_Q92186,N/A,False
clean_Q9Y2C5.pdb,AlphaFold,PDB,clean_Q9Y2C5,N/A,False
clean_Q6ZQY3.pdb,AlphaFold,PDB,clean_Q6ZQY3,N/A,False
clean_A0A1W2PRV1.pdb,AlphaFold,PDB,clean_A0A1W2PRV1,N/A,False
clean_P0CJ72.pdb,AlphaFold,PDB,clean_P0CJ72,N/A,False
clean_Q9UL33.pdb,AlphaFold,PDB,clean_Q9UL33,N/A,False
clean_O95865.pdb,AlphaFold,PDB,clean_O95865,N/A,False
clean_P10915.pdb,AlphaFold,PDB,clean_P10915,N/A,False
clean_Q9Y5L3.pdb,AlphaFold,PDB,clean_Q9Y5L3,N/A,False
clean_O00144.pdb,AlphaFold,PDB,clean_O00144,N/A,False
clean_Q13287.pdb,AlphaFold,PDB,clean_Q13287,N/A,False
clean_Q9GZP0.pdb,AlphaFold,PDB,clean_Q9GZP0,N/A,False
clean_Q8WVL7.pdb,AlphaFold,PDB,clean_Q8WVL7,N/A,False
clean_Q9NYY8.pdb,AlphaFold,PDB,clean_Q9NYY8,N/A,False
clean_Q86X10.pdb,AlphaFold,PDB,clean_Q86X10,N/A,False
clean_O15403.pdb,AlphaFold,PDB,clean_O15403,N/A,False
clean_Q9H172.pdb,AlphaFold,PDB,clean_Q9H172,N/A,False
clean_Q9NV12.pdb,AlphaFold,PDB,clean_Q9NV12,N/A,False
clean_Q3SXY8.pdb,AlphaFold,PDB,clean_Q3SXY8,N/A,False
clean_Q9BZA8.pdb,AlphaFold,PDB,clean_Q9BZA8,N/A,False
clean_Q86X52.pdb,AlphaFold,PDB,clean_Q86X52,N/A,False
clean_Q9C0J1.pdb,AlphaFold,PDB,clean_Q9C0J1,N/A,False
clean_O43623.pdb,AlphaFold,PDB,clean_O43623,N/A,False
clean_P22223.pdb,AlphaFold,PDB,clean_P22223,N/A,False
clean_P50747.pdb,AlphaFold,PDB,clean_P50747,N/A,False
clean_O43815.pdb,AlphaFold,PDB,clean_O43815,N/A,False
clean_Q9NYM4.pdb,AlphaFold,PDB,clean_Q9NYM4,N/A,False
clean_A7E2Y1.pdb,AlphaFold,PDB,clean_A7E2Y1,N/A,False
clean_Q6PJT7.pdb,AlphaFold,PDB,clean_Q6PJT7,N/A,False
clean_Q9BY27.pdb,AlphaFold,PDB,clean_Q9BY27,N/A,False
clean_Q9Y467.pdb,AlphaFold,PDB,clean_Q9Y467,N/A,False
clean_Q9UQB3.pdb,AlphaFold,PDB,clean_Q9UQB3,N/A,False
clean_Q9P035.pdb,AlphaFold,PDB,clean_Q9P035,N/A,False
clean_Q8TC26.pdb,AlphaFold,PDB,clean_Q8TC26,N/A,False
clean_O14975.pdb,AlphaFold,PDB,clean_O14975,N/A,False
clean_O43868.pdb,AlphaFold,PDB,clean_O43868,N/A,False
clean_Q8N987.pdb,AlphaFold,PDB,clean_Q8N987,N/A,False
clean_Q9H0U9.pdb,AlphaFold,PDB,clean_Q9H0U9,N/A,False
clean_A0A455ZAR2.pdb,AlphaFold,PDB,clean_A0A455ZAR2,N/A,False
clean_B2RTY4.pdb,AlphaFold,PDB,clean_B2RTY4,N/A,False
clean_Q9NQZ6.pdb,AlphaFold,PDB,clean_Q9NQZ6,N/A,False
clean_Q9ULZ9.pdb,AlphaFold,PDB,clean_Q9ULZ9,N/A,False
clean_Q9UFW8.pdb,AlphaFold,PDB,clean_Q9UFW8,N/A,False
clean_Q9C0F3.pdb,AlphaFold,PDB,clean_Q9C0F3,N/A,False
clean_Q96JX3.pdb,AlphaFold,PDB,clean_Q96JX3,N/A,False
clean_Q9BSH3.pdb,AlphaFold,PDB,clean_Q9BSH3,N/A,False
clean_Q03052.pdb,AlphaFold,PDB,clean_Q03052,N/A,False
clean_Q6J9G0.pdb,AlphaFold,PDB,clean_Q6J9G0,N/A,False
clean_O94921.pdb,AlphaFold,PDB,clean_O94921,N/A,False
clean_Q6XE24.pdb,AlphaFold,PDB,clean_Q6XE24,N/A,False
clean_O75348.pdb,AlphaFold,PDB,clean_O75348,N/A,False
clean_Q86UW2.pdb,AlphaFold,PDB,clean_Q86UW2,N/A,False
clean_Q70E73.pdb,AlphaFold,PDB,clean_Q70E73,N/A,False
clean_Q9HBW1.pdb,AlphaFold,PDB,clean_Q9HBW1,N/A,False
clean_Q4U2R8.pdb,AlphaFold,PDB,clean_Q4U2R8,N/A,False
clean_Q5VXU1.pdb,AlphaFold,PDB,clean_Q5VXU1,N/A,False
clean_Q8N7X8.pdb,AlphaFold,PDB,clean_Q8N7X8,N/A,False
clean_Q9BYZ6.pdb,AlphaFold,PDB,clean_Q9BYZ6,N/A,False
clean_Q6VVB1.pdb,AlphaFold,PDB,clean_Q6VVB1,N/A,False
clean_Q9NV92.pdb,AlphaFold,PDB,clean_Q9NV92,N/A,False
clean_Q9P2A4.pdb,AlphaFold,PDB,clean_Q9P2A4,N/A,False
clean_Q86YD3.pdb,AlphaFold,PDB,clean_Q86YD3,N/A,False
clean_Q9Y471.pdb,AlphaFold,PDB,clean_Q9Y471,N/A,False
clean_Q9BXX0.pdb,AlphaFold,PDB,clean_Q9BXX0,N/A,False
clean_P0DPB3.pdb,AlphaFold,PDB,clean_P0DPB3,N/A,False
clean_Q8WWQ2.pdb,AlphaFold,PDB,clean_Q8WWQ2,N/A,False
clean_Q9BY79.pdb,AlphaFold,PDB,clean_Q9BY79,N/A,False
clean_Q0GE19.pdb,AlphaFold,PDB,clean_Q0GE19,N/A,False
clean_Q9UBR5.pdb,AlphaFold,PDB,clean_Q9UBR5,N/A,False
clean_Q70JA7.pdb,AlphaFold,PDB,clean_Q70JA7,N/A,False
clean_O95782.pdb,AlphaFold,PDB,clean_O95782,N/A,False
clean_O43541.pdb,AlphaFold,PDB,clean_O43541,N/A,False
clean_Q9UJ55.pdb,AlphaFold,PDB,clean_Q9UJ55,N/A,False
clean_Q96P71.pdb,AlphaFold,PDB,clean_Q96P71,N/A,False
clean_Q9UJ90.pdb,AlphaFold,PDB,clean_Q9UJ90,N/A,False
clean_Q9H061.pdb,AlphaFold,PDB,clean_Q9H061,N/A,False
clean_Q9P2K9.pdb,AlphaFold,PDB,clean_Q9P2K9,N/A,False
clean_O95258.pdb,AlphaFold,PDB,clean_O95258,N/A,False
clean_Q8IYK4.pdb,AlphaFold,PDB,clean_Q8IYK4,N/A,False
clean_Q9NP78.pdb,AlphaFold,PDB,clean_Q9NP78,N/A,False
clean_Q9NRC1.pdb,AlphaFold,PDB,clean_Q9NRC1,N/A,False
clean_O00221.pdb,AlphaFold,PDB,clean_O00221,N/A,False
clean_O94973.pdb,AlphaFold,PDB,clean_O94973,N/A,False
clean_Q8IUC8.pdb,AlphaFold,PDB,clean_Q8IUC8,N/A,False
clean_P04350.pdb,AlphaFold,PDB,clean_P04350,N/A,False
clean_Q75V66.pdb,AlphaFold,PDB,clean_Q75V66,N/A,False
clean_Q9BZZ2.pdb,AlphaFold,PDB,clean_Q9BZZ2,N/A,False
clean_Q9UKX5.pdb,AlphaFold,PDB,clean_Q9UKX5,N/A,False
clean_Q8NFZ8.pdb,AlphaFold,PDB,clean_Q8NFZ8,N/A,False
clean_Q96NS1.pdb,AlphaFold,PDB,clean_Q96NS1,N/A,False
clean_Q9P2S2.pdb,AlphaFold,PDB,clean_Q9P2S2,N/A,False
clean_Q96LB3.pdb,AlphaFold,PDB,clean_Q96LB3,N/A,False
clean_Q9H3V2.pdb,AlphaFold,PDB,clean_Q9H3V2,N/A,False
clean_Q8NI29.pdb,AlphaFold,PDB,clean_Q8NI29,N/A,False
clean_Q9H936.pdb,AlphaFold,PDB,clean_Q9H936,N/A,False
clean_O95897.pdb,AlphaFold,PDB,clean_O95897,N/A,False
clean_Q9NZU1.pdb,AlphaFold,PDB,clean_Q9NZU1,N/A,False
clean_O94983.pdb,AlphaFold,PDB,clean_O94983,N/A,False
clean_P21815.pdb,AlphaFold,PDB,clean_P21815,N/A,False
clean_Q99985.pdb,AlphaFold,PDB,clean_Q99985,N/A,False
clean_Q8IZS6.pdb,AlphaFold,PDB,clean_Q8IZS6,N/A,False
clean_Q9BZD2.pdb,AlphaFold,PDB,clean_Q9BZD2,N/A,False
clean_Q9NZW5.pdb,AlphaFold,PDB,clean_Q9NZW5,N/A,False
clean_P56706.pdb,AlphaFold,PDB,clean_P56706,N/A,False
clean_Q8NHP8.pdb,AlphaFold,PDB,clean_Q8NHP8,N/A,False
clean_O75365.pdb,AlphaFold,PDB,clean_O75365,N/A,False
clean_P20848.pdb,AlphaFold,PDB,clean_P20848,N/A,False
clean_Q6JQN1.pdb,AlphaFold,PDB,clean_Q6JQN1,N/A,False
clean_B3KU38.pdb,AlphaFold,PDB,clean_B3KU38,N/A,False
clean_Q96P63.pdb,AlphaFold,PDB,clean_Q96P63,N/A,False
clean_Q86UD0.pdb,AlphaFold,PDB,clean_Q86UD0,N/A,False
clean_Q8WZA2.pdb,AlphaFold,PDB,clean_Q8WZA2,N/A,False
clean_Q6U841.pdb,AlphaFold,PDB,clean_Q6U841,N/A,False
clean_Q5W186.pdb,AlphaFold,PDB,clean_Q5W186,N/A,False
clean_P58401.pdb,AlphaFold,PDB,clean_P58401,N/A,False
clean_Q99518.pdb,AlphaFold,PDB,clean_Q99518,N/A,False
clean_Q9NS84.pdb,AlphaFold,PDB,clean_Q9NS84,N/A,False
clean_Q8TD20.pdb,AlphaFold,PDB,clean_Q8TD20,N/A,False
clean_O76070.pdb,AlphaFold,PDB,clean_O76070,N/A,False
clean_Q7L311.pdb,AlphaFold,PDB,clean_Q7L311,N/A,False
clean_Q9NZP6.pdb,AlphaFold,PDB,clean_Q9NZP6,N/A,False
clean_Q9UHC3.pdb,AlphaFold,PDB,clean_Q9UHC3,N/A,False
clean_Q9HBF4.pdb,AlphaFold,PDB,clean_Q9HBF4,N/A,False
clean_Q9BSE5.pdb,AlphaFold,PDB,clean_Q9BSE5,N/A,False
clean_Q3ZCN5.pdb,AlphaFold,PDB,clean_Q3ZCN5,N/A,False
clean_O43825.pdb,AlphaFold,PDB,clean_O43825,N/A,False
clean_Q8TF66.pdb,AlphaFold,PDB,clean_Q8TF66,N/A,False
clean_Q9BWW8.pdb,AlphaFold,PDB,clean_Q9BWW8,N/A,False
clean_P54257.pdb,AlphaFold,PDB,clean_P54257,N/A,False
clean_O95158.pdb,AlphaFold,PDB,clean_O95158,N/A,False
clean_Q9Y2D8.pdb,AlphaFold,PDB,clean_Q9Y2D8,N/A,False
clean_O14639.pdb,AlphaFold,PDB,clean_O14639,N/A,False
clean_P51178.pdb,AlphaFold,PDB,clean_P51178,N/A,False
clean_O43150.pdb,AlphaFold,PDB,clean_O43150,N/A,False
clean_Q8WUG5.pdb,AlphaFold,PDB,clean_Q8WUG5,N/A,False
clean_Q92529.pdb,AlphaFold,PDB,clean_Q92529,N/A,False
clean_Q9NXB9.pdb,AlphaFold,PDB,clean_Q9NXB9,N/A,False
clean_Q969K4.pdb,AlphaFold,PDB,clean_Q969K4,N/A,False
clean_Q96LC7.pdb,AlphaFold,PDB,clean_Q96LC7,N/A,False
clean_Q4KWH8.pdb,AlphaFold,PDB,clean_Q4KWH8,N/A,False
clean_Q70HW3.pdb,AlphaFold,PDB,clean_Q70HW3,N/A,False
clean_Q96AW1.pdb,AlphaFold,PDB,clean_Q96AW1,N/A,False
clean_P60893.pdb,AlphaFold,PDB,clean_P60893,N/A,False
clean_Q99805.pdb,AlphaFold,PDB,clean_Q99805,N/A,False
clean_O75600.pdb,AlphaFold,PDB,clean_O75600,N/A,False
clean_Q9BWX1.pdb,AlphaFold,PDB,clean_Q9BWX1,N/A,False
clean_Q9NWB7.pdb,AlphaFold,PDB,clean_Q9NWB7,N/A,False
clean_P80404.pdb,AlphaFold,PDB,clean_P80404,N/A,False
clean_Q9NR30.pdb,AlphaFold,PDB,clean_Q9NR30,N/A,False
clean_Q9NPA2.pdb,AlphaFold,PDB,clean_Q9NPA2,N/A,False
clean_Q8N145.pdb,AlphaFold,PDB,clean_Q8N145,N/A,False
clean_Q96JB8.pdb,AlphaFold,PDB,clean_Q96JB8,N/A,False
clean_P47972.pdb,AlphaFold,PDB,clean_P47972,N/A,False
clean_A8MXD5.pdb,AlphaFold,PDB,clean_A8MXD5,N/A,False
clean_Q9NZT2.pdb,AlphaFold,PDB,clean_Q9NZT2,N/A,False
clean_Q6NXT4.pdb,AlphaFold,PDB,clean_Q6NXT4,N/A,False
clean_Q9Y694.pdb,AlphaFold,PDB,clean_Q9Y694,N/A,False
clean_Q86VD9.pdb,AlphaFold,PDB,clean_Q86VD9,N/A,False
clean_Q96N77.pdb,AlphaFold,PDB,clean_Q96N77,N/A,False
clean_Q86UW1.pdb,AlphaFold,PDB,clean_Q86UW1,N/A,False
clean_O60356.pdb,AlphaFold,PDB,clean_O60356,N/A,False
clean_Q7Z3G6.pdb,AlphaFold,PDB,clean_Q7Z3G6,N/A,False
clean_Q9NX95.pdb,AlphaFold,PDB,clean_Q9NX95,N/A,False
clean_Q99999.pdb,AlphaFold,PDB,clean_Q99999,N/A,False
clean_Q07507.pdb,AlphaFold,PDB,clean_Q07507,N/A,False
clean_Q9P1U1.pdb,AlphaFold,PDB,clean_Q9P1U1,N/A,False
clean_Q8TDM0.pdb,AlphaFold,PDB,clean_Q8TDM0,N/A,False
clean_Q9NWD9.pdb,AlphaFold,PDB,clean_Q9NWD9,N/A,False
clean_O95847.pdb,AlphaFold,PDB,clean_O95847,N/A,False
clean_Q8NFF2.pdb,AlphaFold,PDB,clean_Q8NFF2,N/A,False
clean_Q8IY21.pdb,AlphaFold,PDB,clean_Q8IY21,N/A,False
clean_P51810.pdb,AlphaFold,PDB,clean_P51810,N/A,False
clean_Q9NSD5.pdb,AlphaFold,PDB,clean_Q9NSD5,N/A,False
clean_Q6ZVX9.pdb,AlphaFold,PDB,clean_Q6ZVX9,N/A,False
clean_O75648.pdb,AlphaFold,PDB,clean_O75648,N/A,False
clean_Q9Y4D2.pdb,AlphaFold,PDB,clean_Q9Y4D2,N/A,False
clean_Q9H156.pdb,AlphaFold,PDB,clean_Q9H156,N/A,False
clean_Q6NXN4.pdb,AlphaFold,PDB,clean_Q6NXN4,N/A,False
clean_P0DW11.pdb,AlphaFold,PDB,clean_P0DW11,N/A,False
clean_Q16623.pdb,AlphaFold,PDB,clean_Q16623,N/A,False
clean_Q0VF96.pdb,AlphaFold,PDB,clean_Q0VF96,N/A,False
clean_P57057.pdb,AlphaFold,PDB,clean_P57057,N/A,False
clean_Q9NYP7.pdb,AlphaFold,PDB,clean_Q9NYP7,N/A,False
clean_O94832.pdb,AlphaFold,PDB,clean_O94832,N/A,False
clean_O15504.pdb,AlphaFold,PDB,clean_O15504,N/A,False
clean_Q8NEF9.pdb,AlphaFold,PDB,clean_Q8NEF9,N/A,False
clean_Q9P265.pdb,AlphaFold,PDB,clean_Q9P265,N/A,False
clean_Q5VVM6.pdb,AlphaFold,PDB,clean_Q5VVM6,N/A,False
clean_Q68DK2.pdb,AlphaFold,PDB,clean_Q68DK2,N/A,False
clean_Q7Z410.pdb,AlphaFold,PDB,clean_Q7Z410,N/A,False
clean_Q9UPE1.pdb,AlphaFold,PDB,clean_Q9UPE1,N/A,False
clean_Q9H3S3.pdb,AlphaFold,PDB,clean_Q9H3S3,N/A,False
clean_C0HLV8.pdb,AlphaFold,PDB,clean_C0HLV8,N/A,False
clean_Q9H869.pdb,AlphaFold,PDB,clean_Q9H869,N/A,False
clean_P36021.pdb,AlphaFold,PDB,clean_P36021,N/A,False
clean_P54845.pdb,AlphaFold,PDB,clean_P54845,N/A,False
clean_Q96SZ6.pdb,AlphaFold,PDB,clean_Q96SZ6,N/A,False
clean_Q9UKZ9.pdb,AlphaFold,PDB,clean_Q9UKZ9,N/A,False
clean_7TYO.pdb,Experimental,PDB,Unknown,clean_7TYO,False
clean_6ORR.pdb,Experimental,PDB,Unknown,clean_6ORR,False
clean_1GNG.pdb,Experimental,PDB,Unknown,clean_1GNG,False
clean_4ZO5.pdb,Experimental,PDB,Unknown,clean_4ZO5,False
clean_5R4M.pdb,Experimental,PDB,Unknown,clean_5R4M,False
clean_6BLF.pdb,Experimental,PDB,Unknown,clean_6BLF,False
clean_8Y2P.pdb,Experimental,PDB,Unknown,clean_8Y2P,False
clean_2H8H.pdb,Experimental,PDB,Unknown,clean_2H8H,False
clean_1QCK.pdb,Experimental,PDB,Unknown,clean_1QCK,False
clean_3GJR.pdb,Experimental,PDB,Unknown,clean_3GJR,False
clean_7XZ5.pdb,Experimental,PDB,Unknown,clean_7XZ5,False
clean_4HN6.pdb,Experimental,PDB,Unknown,clean_4HN6,False
clean_2EBZ.pdb,Experimental,PDB,Unknown,clean_2EBZ,False
clean_5HVK.pdb,Experimental,PDB,Unknown,clean_5HVK,False
clean_6CPK.pdb,Experimental,PDB,Unknown,clean_6CPK,False
clean_3ZTD.pdb,Experimental,PDB,Unknown,clean_3ZTD,False
clean_5ZMA.pdb,Experimental,PDB,Unknown,clean_5ZMA,False
clean_5IA0.pdb,Experimental,PDB,Unknown,clean_5IA0,False
clean_8BDL.pdb,Experimental,PDB,Unknown,clean_8BDL,False
clean_7E9G.pdb,Experimental,PDB,Unknown,clean_7E9G,False
clean_7R3Z.pdb,Experimental,PDB,Unknown,clean_7R3Z,False
clean_6LLY.pdb,Experimental,PDB,Unknown,clean_6LLY,False
clean_4LXK.pdb,Experimental,PDB,Unknown,clean_4LXK,False
clean_5OXR.pdb,Experimental,PDB,Unknown,clean_5OXR,False
clean_2OEI.pdb,Experimental,PDB,Unknown,clean_2OEI,False
clean_8ORF.pdb,Experimental,PDB,Unknown,clean_8ORF,False
clean_2QBX.pdb,Experimental,PDB,Unknown,clean_2QBX,False
clean_6FU5.pdb,Experimental,PDB,Unknown,clean_6FU5,False
clean_4L18.pdb,Experimental,PDB,Unknown,clean_4L18,False
clean_1O45.pdb,Experimental,PDB,Unknown,clean_1O45,False
clean_7V69.pdb,Experimental,PDB,Unknown,clean_7V69,False
clean_5PX3.pdb,Experimental,PDB,Unknown,clean_5PX3,False
clean_8OW3.pdb,Experimental,PDB,Unknown,clean_8OW3,False
clean_7F4D.pdb,Experimental,PDB,Unknown,clean_7F4D,False
clean_4DFF.pdb,Experimental,PDB,Unknown,clean_4DFF,False
clean_8QYO.pdb,Experimental,PDB,Unknown,clean_8QYO,False
clean_8GG8.pdb,Experimental,PDB,Unknown,clean_8GG8,False
clean_1OVL.pdb,Experimental,PDB,Unknown,clean_1OVL,False
clean_4RAV.pdb,Experimental,PDB,Unknown,clean_4RAV,False
clean_3OE9.pdb,Experimental,PDB,Unknown,clean_3OE9,False
clean_5MCV.pdb,Experimental,PDB,Unknown,clean_5MCV,False
clean_4ZWC.pdb,Experimental,PDB,Unknown,clean_4ZWC,False
clean_1NYP.pdb,Experimental,PDB,Unknown,clean_1NYP,False
clean_8OX4.pdb,Experimental,PDB,Unknown,clean_8OX4,False
clean_6Q01.pdb,Experimental,PDB,Unknown,clean_6Q01,False
clean_6Q3V.pdb,Experimental,PDB,Unknown,clean_6Q3V,False
clean_8YH6.pdb,Experimental,PDB,Unknown,clean_8YH6,False
clean_3P92.pdb,Experimental,PDB,Unknown,clean_3P92,False
clean_8DZR.pdb,Experimental,PDB,Unknown,clean_8DZR,False
clean_4MXO.pdb,Experimental,PDB,Unknown,clean_4MXO,False
clean_4HNF.pdb,Experimental,PDB,Unknown,clean_4HNF,False
clean_8ZPN.pdb,Experimental,PDB,Unknown,clean_8ZPN,False
clean_6URK.pdb,Experimental,PDB,Unknown,clean_6URK,False
clean_7W30.pdb,Experimental,PDB,Unknown,clean_7W30,False
clean_1A22.pdb,Experimental,PDB,Unknown,clean_1A22,False
clean_8JWV.pdb,Experimental,PDB,Unknown,clean_8JWV,False
clean_7B4E.pdb,Experimental,PDB,Unknown,clean_7B4E,False
clean_4AFJ.pdb,Experimental,PDB,Unknown,clean_4AFJ,False
clean_8I60.pdb,Experimental,PDB,Unknown,clean_8I60,False
clean_4K4J.pdb,Experimental,PDB,Unknown,clean_4K4J,False
clean_2MK2.pdb,Experimental,PDB,Unknown,clean_2MK2,False
clean_4D8C.pdb,Experimental,PDB,Unknown,clean_4D8C,False
clean_6X9I.pdb,Experimental,PDB,Unknown,clean_6X9I,False
clean_7WQ4.pdb,Experimental,PDB,Unknown,clean_7WQ4,False
clean_7UIS.pdb,Experimental,PDB,Unknown,clean_7UIS,False
clean_5J79.pdb,Experimental,PDB,Unknown,clean_5J79,False
clean_1J1B.pdb,Experimental,PDB,Unknown,clean_1J1B,False
clean_4H10.pdb,Experimental,PDB,Unknown,clean_4H10,False
clean_3MP4.pdb,Experimental,PDB,Unknown,clean_3MP4,False
clean_5SH2.pdb,Experimental,PDB,Unknown,clean_5SH2,False
clean_7XA3.pdb,Experimental,PDB,Unknown,clean_7XA3,False
clean_2ZE1.pdb,Experimental,PDB,Unknown,clean_2ZE1,False
clean_7QK5.pdb,Experimental,PDB,Unknown,clean_7QK5,False
clean_5NKI.pdb,Experimental,PDB,Unknown,clean_5NKI,False
clean_7FI8.pdb,Experimental,PDB,Unknown,clean_7FI8,False
clean_3D0Y.pdb,Experimental,PDB,Unknown,clean_3D0Y,False
clean_4BJC.pdb,Experimental,PDB,Unknown,clean_4BJC,False
clean_7MYH.pdb,Experimental,PDB,Unknown,clean_7MYH,False
clean_7NCG.pdb,Experimental,PDB,Unknown,clean_7NCG,False
clean_8G1A.pdb,Experimental,PDB,Unknown,clean_8G1A,False
clean_3HPG.pdb,Experimental,PDB,Unknown,clean_3HPG,False
clean_7XOV.pdb,Experimental,PDB,Unknown,clean_7XOV,False
clean_4RWG.pdb,Experimental,PDB,Unknown,clean_4RWG,False
clean_2ERM.pdb,Experimental,PDB,Unknown,clean_2ERM,False
clean_4NGE.pdb,Experimental,PDB,Unknown,clean_4NGE,False
clean_7WZ7.pdb,Experimental,PDB,Unknown,clean_7WZ7,False
clean_4G2J.pdb,Experimental,PDB,Unknown,clean_4G2J,False
clean_2LD2.pdb,Experimental,PDB,Unknown,clean_2LD2,False
clean_4L27.pdb,Experimental,PDB,Unknown,clean_4L27,False
clean_5OF0.pdb,Experimental,PDB,Unknown,clean_5OF0,False
clean_5C5C.pdb,Experimental,PDB,Unknown,clean_5C5C,False
clean_7FJM.pdb,Experimental,PDB,Unknown,clean_7FJM,False
clean_8J6J.pdb,Experimental,PDB,Unknown,clean_8J6J,False
clean_3UIN.pdb,Experimental,PDB,Unknown,clean_3UIN,False
clean_8WRB.pdb,Experimental,PDB,Unknown,clean_8WRB,False
clean_5TOL.pdb,Experimental,PDB,Unknown,clean_5TOL,False
clean_1RKB.pdb,Experimental,PDB,Unknown,clean_1RKB,False
clean_4K9W.pdb,Experimental,PDB,Unknown,clean_4K9W,False
clean_3R1G.pdb,Experimental,PDB,Unknown,clean_3R1G,False
clean_7ZH0.pdb,Experimental,PDB,Unknown,clean_7ZH0,False
clean_4B7T.pdb,Experimental,PDB,Unknown,clean_4B7T,False
clean_8TYQ.pdb,Experimental,PDB,Unknown,clean_8TYQ,False
clean_2H62.pdb,Experimental,PDB,Unknown,clean_2H62,False
clean_3OZJ.pdb,Experimental,PDB,Unknown,clean_3OZJ,False
clean_2KOY.pdb,Experimental,PDB,Unknown,clean_2KOY,False
clean_7EPB.pdb,Experimental,PDB,Unknown,clean_7EPB,False
clean_2ZHT.pdb,Experimental,PDB,Unknown,clean_2ZHT,False
clean_7P66.pdb,Experimental,PDB,Unknown,clean_7P66,False
clean_6DJE.pdb,Experimental,PDB,Unknown,clean_6DJE,False
clean_6PHL.pdb,Experimental,PDB,Unknown,clean_6PHL,False
clean_9H5G.pdb,Experimental,PDB,Unknown,clean_9H5G,False
clean_7X8T.pdb,Experimental,PDB,Unknown,clean_7X8T,False
clean_1AXM.pdb,Experimental,PDB,Unknown,clean_1AXM,False
clean_6RT0.pdb,Experimental,PDB,Unknown,clean_6RT0,False
clean_8TDU.pdb,Experimental,PDB,Unknown,clean_8TDU,False
clean_3C1X.pdb,Experimental,PDB,Unknown,clean_3C1X,False
clean_4ACG.pdb,Experimental,PDB,Unknown,clean_4ACG,False
clean_7XW6.pdb,Experimental,PDB,Unknown,clean_7XW6,False
clean_8Q7L.pdb,Experimental,PDB,Unknown,clean_8Q7L,False
clean_6L03.pdb,Experimental,PDB,Unknown,clean_6L03,False
clean_8GUS.pdb,Experimental,PDB,Unknown,clean_8GUS,False
clean_2MWP.pdb,Experimental,PDB,Unknown,clean_2MWP,False
clean_8TZG.pdb,Experimental,PDB,Unknown,clean_8TZG,False
clean_6TI7.pdb,Experimental,PDB,Unknown,clean_6TI7,False
clean_9GYO.pdb,Experimental,PDB,Unknown,clean_9GYO,False
clean_5I3V.pdb,Experimental,PDB,Unknown,clean_5I3V,False
clean_3IN4.pdb,Experimental,PDB,Unknown,clean_3IN4,False
clean_5Z6Q.pdb,Experimental,PDB,Unknown,clean_5Z6Q,False
clean_6SHS.pdb,Experimental,PDB,Unknown,clean_6SHS,False
clean_5A0Q.pdb,Experimental,PDB,Unknown,clean_5A0Q,False
clean_6US1.pdb,Experimental,PDB,Unknown,clean_6US1,False
clean_8ZSS.pdb,Experimental,PDB,Unknown,clean_8ZSS,False
clean_2C2M.pdb,Experimental,PDB,Unknown,clean_2C2M,False
clean_1CB6.pdb,Experimental,PDB,Unknown,clean_1CB6,False
clean_5IQP.pdb,Experimental,PDB,Unknown,clean_5IQP,False
clean_4ZSA.pdb,Experimental,PDB,Unknown,clean_4ZSA,False
clean_3UDK.pdb,Experimental,PDB,Unknown,clean_3UDK,False
clean_5SWG.pdb,Experimental,PDB,Unknown,clean_5SWG,False
clean_8WDK.pdb,Experimental,PDB,Unknown,clean_8WDK,False
clean_3ROQ.pdb,Experimental,PDB,Unknown,clean_3ROQ,False
clean_2YJY.pdb,Experimental,PDB,Unknown,clean_2YJY,False
clean_5OXS.pdb,Experimental,PDB,Unknown,clean_5OXS,False
clean_2Y3K.pdb,Experimental,PDB,Unknown,clean_2Y3K,False
clean_1A07.pdb,Experimental,PDB,Unknown,clean_1A07,False
clean_7E87.pdb,Experimental,PDB,Unknown,clean_7E87,False
clean_5M6U.pdb,Experimental,PDB,Unknown,clean_5M6U,False
clean_1HWH.pdb,Experimental,PDB,Unknown,clean_1HWH,False
clean_1JT3.pdb,Experimental,PDB,Unknown,clean_1JT3,False
clean_5EDG.pdb,Experimental,PDB,Unknown,clean_5EDG,False
clean_8P7D.pdb,Experimental,PDB,Unknown,clean_8P7D,False
clean_4E90.pdb,Experimental,PDB,Unknown,clean_4E90,False
clean_6HTU.pdb,Experimental,PDB,Unknown,clean_6HTU,False
clean_4F70.pdb,Experimental,PDB,Unknown,clean_4F70,False
clean_5QCP.pdb,Experimental,PDB,Unknown,clean_5QCP,False
clean_3OG7.pdb,Experimental,PDB,Unknown,clean_3OG7,False
clean_1PY5.pdb,Experimental,PDB,Unknown,clean_1PY5,False
clean_8GCM.pdb,Experimental,PDB,Unknown,clean_8GCM,False
clean_4A55.pdb,Experimental,PDB,Unknown,clean_4A55,False
clean_6RJZ.pdb,Experimental,PDB,Unknown,clean_6RJZ,False
clean_7CEC.pdb,Experimental,PDB,Unknown,clean_7CEC,False
clean_6SHO.pdb,Experimental,PDB,Unknown,clean_6SHO,False
clean_6S3Q.pdb,Experimental,PDB,Unknown,clean_6S3Q,False
clean_4NNL.pdb,Experimental,PDB,Unknown,clean_4NNL,False
clean_6QAK.pdb,Experimental,PDB,Unknown,clean_6QAK,False
clean_3UIO.pdb,Experimental,PDB,Unknown,clean_3UIO,False
clean_7SXH.pdb,Experimental,PDB,Unknown,clean_7SXH,False
clean_2CQN.pdb,Experimental,PDB,Unknown,clean_2CQN,False
clean_5QHG.pdb,Experimental,PDB,Unknown,clean_5QHG,False
clean_4U41.pdb,Experimental,PDB,Unknown,clean_4U41,False
clean_6GX6.pdb,Experimental,PDB,Unknown,clean_6GX6,False
clean_8JLP.pdb,Experimental,PDB,Unknown,clean_8JLP,False
clean_8PN9.pdb,Experimental,PDB,Unknown,clean_8PN9,False
clean_6L71.pdb,Experimental,PDB,Unknown,clean_6L71,False
clean_7USC.pdb,Experimental,PDB,Unknown,clean_7USC,False
clean_7YPG.pdb,Experimental,PDB,Unknown,clean_7YPG,False
clean_6FIB.pdb,Experimental,PDB,Unknown,clean_6FIB,False
clean_7E6U.pdb,Experimental,PDB,Unknown,clean_7E6U,False
clean_5C65.pdb,Experimental,PDB,Unknown,clean_5C65,False
clean_4HQ0.pdb,Experimental,PDB,Unknown,clean_4HQ0,False
clean_8A31.pdb,Experimental,PDB,Unknown,clean_8A31,False
clean_8QZ3.pdb,Experimental,PDB,Unknown,clean_8QZ3,False
clean_3MFT.pdb,Experimental,PDB,Unknown,clean_3MFT,False
clean_7UK5.pdb,Experimental,PDB,Unknown,clean_7UK5,False
clean_5Y1Z.pdb,Experimental,PDB,Unknown,clean_5Y1Z,False
clean_3IIW.pdb,Experimental,PDB,Unknown,clean_3IIW,False
clean_4FYS.pdb,Experimental,PDB,Unknown,clean_4FYS,False
clean_2HM1.pdb,Experimental,PDB,Unknown,clean_2HM1,False
clean_4OQT.pdb,Experimental,PDB,Unknown,clean_4OQT,False
clean_7KVK.pdb,Experimental,PDB,Unknown,clean_7KVK,False
clean_8TSD.pdb,Experimental,PDB,Unknown,clean_8TSD,False
clean_1MHN.pdb,Experimental,PDB,Unknown,clean_1MHN,False
clean_2HVE.pdb,Experimental,PDB,Unknown,clean_2HVE,False
clean_6BFD.pdb,Experimental,PDB,Unknown,clean_6BFD,False
clean_5PYA.pdb,Experimental,PDB,Unknown,clean_5PYA,False
clean_8T2J.pdb,Experimental,PDB,Unknown,clean_8T2J,False
clean_5EOB.pdb,Experimental,PDB,Unknown,clean_5EOB,False
clean_5W21.pdb,Experimental,PDB,Unknown,clean_5W21,False
clean_3NCA.pdb,Experimental,PDB,Unknown,clean_3NCA,False
clean_4W4W.pdb,Experimental,PDB,Unknown,clean_4W4W,False
clean_2A19.pdb,Experimental,PDB,Unknown,clean_2A19,False
clean_8A32.pdb,Experimental,PDB,Unknown,clean_8A32,False
clean_8X91.pdb,Experimental,PDB,Unknown,clean_8X91,False
clean_7OVX.pdb,Experimental,PDB,Unknown,clean_7OVX,False
clean_5VOK.pdb,Experimental,PDB,Unknown,clean_5VOK,False
clean_8UZZ.pdb,Experimental,PDB,Unknown,clean_8UZZ,False
clean_9CTV.pdb,Experimental,PDB,Unknown,clean_9CTV,False
clean_4O91.pdb,Experimental,PDB,Unknown,clean_4O91,False
clean_4HTZ.pdb,Experimental,PDB,Unknown,clean_4HTZ,False
clean_2RB4.pdb,Experimental,PDB,Unknown,clean_2RB4,False
clean_8HOC.pdb,Experimental,PDB,Unknown,clean_8HOC,False
clean_4W4Y.pdb,Experimental,PDB,Unknown,clean_4W4Y,False
clean_3LPI.pdb,Experimental,PDB,Unknown,clean_3LPI,False
clean_8CAX.pdb,Experimental,PDB,Unknown,clean_8CAX,False
clean_8E98.pdb,Experimental,PDB,Unknown,clean_8E98,False
clean_8IMB.pdb,Experimental,PDB,Unknown,clean_8IMB,False
clean_8PM2.pdb,Experimental,PDB,Unknown,clean_8PM2,False
clean_7UFG.pdb,Experimental,PDB,Unknown,clean_7UFG,False
clean_6NMW.pdb,Experimental,PDB,Unknown,clean_6NMW,False
clean_4NKA.pdb,Experimental,PDB,Unknown,clean_4NKA,False
clean_6M7X.pdb,Experimental,PDB,Unknown,clean_6M7X,False
clean_2CL3.pdb,Experimental,PDB,Unknown,clean_2CL3,False
clean_6V35.pdb,Experimental,PDB,Unknown,clean_6V35,False
clean_5PZI.pdb,Experimental,PDB,Unknown,clean_5PZI,False
clean_5DQS.pdb,Experimental,PDB,Unknown,clean_5DQS,False
clean_9B1F.pdb,Experimental,PDB,Unknown,clean_9B1F,False
clean_8UWL.pdb,Experimental,PDB,Unknown,clean_8UWL,False
clean_6RSS.pdb,Experimental,PDB,Unknown,clean_6RSS,False
clean_7B33.pdb,Experimental,PDB,Unknown,clean_7B33,False
clean_4Z68.pdb,Experimental,PDB,Unknown,clean_4Z68,False
clean_1WWB.pdb,Experimental,PDB,Unknown,clean_1WWB,False
clean_8ZFC.pdb,Experimental,PDB,Unknown,clean_8ZFC,False
clean_8SMV.pdb,Experimental,PDB,Unknown,clean_8SMV,False
clean_4RMA.pdb,Experimental,PDB,Unknown,clean_4RMA,False
clean_7USZ.pdb,Experimental,PDB,Unknown,clean_7USZ,False
clean_3G84.pdb,Experimental,PDB,Unknown,clean_3G84,False
clean_3NC2.pdb,Experimental,PDB,Unknown,clean_3NC2,False
clean_8GG9.pdb,Experimental,PDB,Unknown,clean_8GG9,False
clean_3OHH.pdb,Experimental,PDB,Unknown,clean_3OHH,False
clean_7QKI.pdb,Experimental,PDB,Unknown,clean_7QKI,False
clean_7PY4.pdb,Experimental,PDB,Unknown,clean_7PY4,False
clean_5MJA.pdb,Experimental,PDB,Unknown,clean_5MJA,False
clean_5PXQ.pdb,Experimental,PDB,Unknown,clean_5PXQ,False
clean_8X93.pdb,Experimental,PDB,Unknown,clean_8X93,False
clean_5WBO.pdb,Experimental,PDB,Unknown,clean_5WBO,False
clean_2V0V.pdb,Experimental,PDB,Unknown,clean_2V0V,False
clean_1MFW.pdb,Experimental,PDB,Unknown,clean_1MFW,False
clean_4EN0.pdb,Experimental,PDB,Unknown,clean_4EN0,False
clean_1JE6.pdb,Experimental,PDB,Unknown,clean_1JE6,False
clean_1NYF.pdb,Experimental,PDB,Unknown,clean_1NYF,False
clean_6ZND.pdb,Experimental,PDB,Unknown,clean_6ZND,False
clean_6YOP.pdb,Experimental,PDB,Unknown,clean_6YOP,False
clean_5FM9.pdb,Experimental,PDB,Unknown,clean_5FM9,False
clean_5ECG.pdb,Experimental,PDB,Unknown,clean_5ECG,False
clean_4QMX.pdb,Experimental,PDB,Unknown,clean_4QMX,False
clean_5KZO.pdb,Experimental,PDB,Unknown,clean_5KZO,False
clean_8OWK.pdb,Experimental,PDB,Unknown,clean_8OWK,False
clean_7YFD.pdb,Experimental,PDB,Unknown,clean_7YFD,False
clean_5AEH.pdb,Experimental,PDB,Unknown,clean_5AEH,False
clean_5SJQ.pdb,Experimental,PDB,Unknown,clean_5SJQ,False
clean_3DAB.pdb,Experimental,PDB,Unknown,clean_3DAB,False
clean_5PXT.pdb,Experimental,PDB,Unknown,clean_5PXT,False
clean_3D4Q.pdb,Experimental,PDB,Unknown,clean_3D4Q,False
clean_4J6G.pdb,Experimental,PDB,Unknown,clean_4J6G,False
clean_6IUH.pdb,Experimental,PDB,Unknown,clean_6IUH,False
clean_5B4W.pdb,Experimental,PDB,Unknown,clean_5B4W,False
clean_8WZ2.pdb,Experimental,PDB,Unknown,clean_8WZ2,False
clean_9CZN.pdb,Experimental,PDB,Unknown,clean_9CZN,False
clean_3E1R.pdb,Experimental,PDB,Unknown,clean_3E1R,False
clean_5U09.pdb,Experimental,PDB,Unknown,clean_5U09,False
clean_8Y7L.pdb,Experimental,PDB,Unknown,clean_8Y7L,False
clean_7CZE.pdb,Experimental,PDB,Unknown,clean_7CZE,False
clean_5Y2Z.pdb,Experimental,PDB,Unknown,clean_5Y2Z,False
clean_5LAP.pdb,Experimental,PDB,Unknown,clean_5LAP,False
clean_6DU3.pdb,Experimental,PDB,Unknown,clean_6DU3,False
clean_2DB7.pdb,Experimental,PDB,Unknown,clean_2DB7,False
clean_8SAH.pdb,Experimental,PDB,Unknown,clean_8SAH,False
clean_5WG6.pdb,Experimental,PDB,Unknown,clean_5WG6,False
clean_8UO1.pdb,Experimental,PDB,Unknown,clean_8UO1,False
clean_4GUQ.pdb,Experimental,PDB,Unknown,clean_4GUQ,False
clean_2J0Z.pdb,Experimental,PDB,Unknown,clean_2J0Z,False
clean_2P83.pdb,Experimental,PDB,Unknown,clean_2P83,False
clean_8IZ4.pdb,Experimental,PDB,Unknown,clean_8IZ4,False
clean_8DHB.pdb,Experimental,PDB,Unknown,clean_8DHB,False
clean_7K1E.pdb,Experimental,PDB,Unknown,clean_7K1E,False
clean_1POE.pdb,Experimental,PDB,Unknown,clean_1POE,False
clean_5XQH.pdb,Experimental,PDB,Unknown,clean_5XQH,False
clean_8DGS.pdb,Experimental,PDB,Unknown,clean_8DGS,False
clean_5TZX.pdb,Experimental,PDB,Unknown,clean_5TZX,False
clean_1JTC.pdb,Experimental,PDB,Unknown,clean_1JTC,False
clean_2FIC.pdb,Experimental,PDB,Unknown,clean_2FIC,False
clean_6QHD.pdb,Experimental,PDB,Unknown,clean_6QHD,False
clean_3HPN.pdb,Experimental,PDB,Unknown,clean_3HPN,False
clean_5JGA.pdb,Experimental,PDB,Unknown,clean_5JGA,False
clean_2L0B.pdb,Experimental,PDB,Unknown,clean_2L0B,False
clean_6P68.pdb,Experimental,PDB,Unknown,clean_6P68,False
clean_7KQK.pdb,Experimental,PDB,Unknown,clean_7KQK,False
clean_2Q1L.pdb,Experimental,PDB,Unknown,clean_2Q1L,False
clean_7ZHP.pdb,Experimental,PDB,Unknown,clean_7ZHP,False
clean_6CU7.pdb,Experimental,PDB,Unknown,clean_6CU7,False
clean_5UO6.pdb,Experimental,PDB,Unknown,clean_5UO6,False
clean_7P8P.pdb,Experimental,PDB,Unknown,clean_7P8P,False
clean_3FAL.pdb,Experimental,PDB,Unknown,clean_3FAL,False
clean_3NBW.pdb,Experimental,PDB,Unknown,clean_3NBW,False
clean_4FED.pdb,Experimental,PDB,Unknown,clean_4FED,False
clean_4L1B.pdb,Experimental,PDB,Unknown,clean_4L1B,False
clean_2OUN.pdb,Experimental,PDB,Unknown,clean_2OUN,False
clean_6KO1.pdb,Experimental,PDB,Unknown,clean_6KO1,False
clean_4ZG9.pdb,Experimental,PDB,Unknown,clean_4ZG9,False
clean_2E48.pdb,Experimental,PDB,Unknown,clean_2E48,False
clean_7RKM.pdb,Experimental,PDB,Unknown,clean_7RKM,False
clean_8UC7.pdb,Experimental,PDB,Unknown,clean_8UC7,False
clean_1M8W.pdb,Experimental,PDB,Unknown,clean_1M8W,False
clean_5SIN.pdb,Experimental,PDB,Unknown,clean_5SIN,False
clean_7MOC.pdb,Experimental,PDB,Unknown,clean_7MOC,False
clean_4BLB.pdb,Experimental,PDB,Unknown,clean_4BLB,False
clean_9AYL.pdb,Experimental,PDB,Unknown,clean_9AYL,False
clean_4W9N.pdb,Experimental,PDB,Unknown,clean_4W9N,False
clean_6YYE.pdb,Experimental,PDB,Unknown,clean_6YYE,False
clean_6TI6.pdb,Experimental,PDB,Unknown,clean_6TI6,False
clean_3A7G.pdb,Experimental,PDB,Unknown,clean_3A7G,False
clean_3V3E.pdb,Experimental,PDB,Unknown,clean_3V3E,False
clean_8DJC.pdb,Experimental,PDB,Unknown,clean_8DJC,False
clean_5SEE.pdb,Experimental,PDB,Unknown,clean_5SEE,False
clean_4FDC.pdb,Experimental,PDB,Unknown,clean_4FDC,False
clean_8P8C.pdb,Experimental,PDB,Unknown,clean_8P8C,False
clean_7RA3.pdb,Experimental,PDB,Unknown,clean_7RA3,False
clean_7SBN.pdb,Experimental,PDB,Unknown,clean_7SBN,False
clean_3RJM.pdb,Experimental,PDB,Unknown,clean_3RJM,False
clean_6B7H.pdb,Experimental,PDB,Unknown,clean_6B7H,False
clean_8GE4.pdb,Experimental,PDB,Unknown,clean_8GE4,False
clean_3U3R.pdb,Experimental,PDB,Unknown,clean_3U3R,False
clean_4AEL.pdb,Experimental,PDB,Unknown,clean_4AEL,False
clean_2AQZ.pdb,Experimental,PDB,Unknown,clean_2AQZ,False
clean_6NCN.pdb,Experimental,PDB,Unknown,clean_6NCN,False
clean_2F3F.pdb,Experimental,PDB,Unknown,clean_2F3F,False
clean_8IA7.pdb,Experimental,PDB,Unknown,clean_8IA7,False
clean_7Y66.pdb,Experimental,PDB,Unknown,clean_7Y66,False
clean_7RWN.pdb,Experimental,PDB,Unknown,clean_7RWN,False
clean_4IAR.pdb,Experimental,PDB,Unknown,clean_4IAR,False
clean_5AM8.pdb,Experimental,PDB,Unknown,clean_5AM8,False
clean_1PMN.pdb,Experimental,PDB,Unknown,clean_1PMN,False
clean_6P8H.pdb,Experimental,PDB,Unknown,clean_6P8H,False
clean_2OHS.pdb,Experimental,PDB,Unknown,clean_2OHS,False
clean_2LD0.pdb,Experimental,PDB,Unknown,clean_2LD0,False
clean_5QHH.pdb,Experimental,PDB,Unknown,clean_5QHH,False
clean_5HU1.pdb,Experimental,PDB,Unknown,clean_5HU1,False
clean_6V4U.pdb,Experimental,PDB,Unknown,clean_6V4U,False
clean_3ITU.pdb,Experimental,PDB,Unknown,clean_3ITU,False
clean_3AU3.pdb,Experimental,PDB,Unknown,clean_3AU3,False
clean_8GZ2.pdb,Experimental,PDB,Unknown,clean_8GZ2,False
clean_7F8W.pdb,Experimental,PDB,Unknown,clean_7F8W,False
clean_7UFY.pdb,Experimental,PDB,Unknown,clean_7UFY,False
clean_1PI1.pdb,Experimental,PDB,Unknown,clean_1PI1,False
clean_5MR5.pdb,Experimental,PDB,Unknown,clean_5MR5,False
clean_1G47.pdb,Experimental,PDB,Unknown,clean_1G47,False
clean_9GAG.pdb,Experimental,PDB,Unknown,clean_9GAG,False
clean_9B80.pdb,Experimental,PDB,Unknown,clean_9B80,False
clean_3JTI.pdb,Experimental,PDB,Unknown,clean_3JTI,False
clean_4RSU.pdb,Experimental,PDB,Unknown,clean_4RSU,False
clean_8D3O.pdb,Experimental,PDB,Unknown,clean_8D3O,False
clean_7WCV.pdb,Experimental,PDB,Unknown,clean_7WCV,False
clean_4U44.pdb,Experimental,PDB,Unknown,clean_4U44,False
clean_5SGK.pdb,Experimental,PDB,Unknown,clean_5SGK,False
clean_7N2N.pdb,Experimental,PDB,Unknown,clean_7N2N,False
clean_3PT3.pdb,Experimental,PDB,Unknown,clean_3PT3,False
clean_7QK4.pdb,Experimental,PDB,Unknown,clean_7QK4,False
clean_5R4G.pdb,Experimental,PDB,Unknown,clean_5R4G,False
clean_4CHB.pdb,Experimental,PDB,Unknown,clean_4CHB,False
clean_4AT3.pdb,Experimental,PDB,Unknown,clean_4AT3,False
clean_2MZD.pdb,Experimental,PDB,Unknown,clean_2MZD,False
clean_8FGF.pdb,Experimental,PDB,Unknown,clean_8FGF,False
clean_8B6L.pdb,Experimental,PDB,Unknown,clean_8B6L,False
clean_3RTP.pdb,Experimental,PDB,Unknown,clean_3RTP,False
clean_4IBT.pdb,Experimental,PDB,Unknown,clean_4IBT,False
clean_4CAI.pdb,Experimental,PDB,Unknown,clean_4CAI,False
clean_6X3S.pdb,Experimental,PDB,Unknown,clean_6X3S,False
clean_8K89.pdb,Experimental,PDB,Unknown,clean_8K89,False
clean_8U7L.pdb,Experimental,PDB,Unknown,clean_8U7L,False
clean_8CUD.pdb,Experimental,PDB,Unknown,clean_8CUD,False
clean_7VF3.pdb,Experimental,PDB,Unknown,clean_7VF3,False
clean_2BTP.pdb,Experimental,PDB,Unknown,clean_2BTP,False
clean_3UFL.pdb,Experimental,PDB,Unknown,clean_3UFL,False
clean_7A2S.pdb,Experimental,PDB,Unknown,clean_7A2S,False
clean_6BQ1.pdb,Experimental,PDB,Unknown,clean_6BQ1,False
clean_5Y2U.pdb,Experimental,PDB,Unknown,clean_5Y2U,False
clean_4J5X.pdb,Experimental,PDB,Unknown,clean_4J5X,False
clean_4XBM.pdb,Experimental,PDB,Unknown,clean_4XBM,False
clean_4LG0.pdb,Experimental,PDB,Unknown,clean_4LG0,False
clean_6I65.pdb,Experimental,PDB,Unknown,clean_6I65,False
clean_8SBJ.pdb,Experimental,PDB,Unknown,clean_8SBJ,False
clean_8U26.pdb,Experimental,PDB,Unknown,clean_8U26,False
clean_6H4J.pdb,Experimental,PDB,Unknown,clean_6H4J,False
clean_5SJ3.pdb,Experimental,PDB,Unknown,clean_5SJ3,False
clean_5NK6.pdb,Experimental,PDB,Unknown,clean_5NK6,False
clean_6PT2.pdb,Experimental,PDB,Unknown,clean_6PT2,False
clean_6MIX.pdb,Experimental,PDB,Unknown,clean_6MIX,False
clean_8ZFZ.pdb,Experimental,PDB,Unknown,clean_8ZFZ,False
clean_8PC5.pdb,Experimental,PDB,Unknown,clean_8PC5,False
clean_1M7L.pdb,Experimental,PDB,Unknown,clean_1M7L,False
clean_1TBF.pdb,Experimental,PDB,Unknown,clean_1TBF,False
clean_6WNY.pdb,Experimental,PDB,Unknown,clean_6WNY,False
clean_2LOH.pdb,Experimental,PDB,Unknown,clean_2LOH,False
clean_8EFF.pdb,Experimental,PDB,Unknown,clean_8EFF,False
clean_6PYR.pdb,Experimental,PDB,Unknown,clean_6PYR,False
clean_7N78.pdb,Experimental,PDB,Unknown,clean_7N78,False
clean_6SZE.pdb,Experimental,PDB,Unknown,clean_6SZE,False
clean_5OKT.pdb,Experimental,PDB,Unknown,clean_5OKT,False
clean_7ATS.pdb,Experimental,PDB,Unknown,clean_7ATS,False
clean_1YTO.pdb,Experimental,PDB,Unknown,clean_1YTO,False
clean_5PWH.pdb,Experimental,PDB,Unknown,clean_5PWH,False
clean_5NOB.pdb,Experimental,PDB,Unknown,clean_5NOB,False
clean_4IE5.pdb,Experimental,PDB,Unknown,clean_4IE5,False
clean_7X9Y.pdb,Experimental,PDB,Unknown,clean_7X9Y,False
clean_3JQ5.pdb,Experimental,PDB,Unknown,clean_3JQ5,False
clean_2H4J.pdb,Experimental,PDB,Unknown,clean_2H4J,False
clean_7XTC.pdb,Experimental,PDB,Unknown,clean_7XTC,False
clean_5HBE.pdb,Experimental,PDB,Unknown,clean_5HBE,False
clean_7X83.pdb,Experimental,PDB,Unknown,clean_7X83,False
clean_6O4E.pdb,Experimental,PDB,Unknown,clean_6O4E,False
clean_9BBB.pdb,Experimental,PDB,Unknown,clean_9BBB,False
clean_4GMI.pdb,Experimental,PDB,Unknown,clean_4GMI,False
clean_3FZP.pdb,Experimental,PDB,Unknown,clean_3FZP,False
clean_4IVT.pdb,Experimental,PDB,Unknown,clean_4IVT,False
clean_8X15.pdb,Experimental,PDB,Unknown,clean_8X15,False
clean_7RMH.pdb,Experimental,PDB,Unknown,clean_7RMH,False
clean_7F23.pdb,Experimental,PDB,Unknown,clean_7F23,False
clean_4I1F.pdb,Experimental,PDB,Unknown,clean_4I1F,False
clean_2RAX.pdb,Experimental,PDB,Unknown,clean_2RAX,False
clean_1OJ6.pdb,Experimental,PDB,Unknown,clean_1OJ6,False
clean_7O0B.pdb,Experimental,PDB,Unknown,clean_7O0B,False
clean_1O4J.pdb,Experimental,PDB,Unknown,clean_1O4J,False
clean_5OKN.pdb,Experimental,PDB,Unknown,clean_5OKN,False
clean_1ONI.pdb,Experimental,PDB,Unknown,clean_1ONI,False
clean_5WBP.pdb,Experimental,PDB,Unknown,clean_5WBP,False
clean_8DWH.pdb,Experimental,PDB,Unknown,clean_8DWH,False
clean_1RHK.pdb,Experimental,PDB,Unknown,clean_1RHK,False
clean_5SJ7.pdb,Experimental,PDB,Unknown,clean_5SJ7,False
clean_4J1H.pdb,Experimental,PDB,Unknown,clean_4J1H,False
clean_8Q8Z.pdb,Experimental,PDB,Unknown,clean_8Q8Z,False
clean_6H7Y.pdb,Experimental,PDB,Unknown,clean_6H7Y,False
clean_7YSU.pdb,Experimental,PDB,Unknown,clean_7YSU,False
clean_2XWC.pdb,Experimental,PDB,Unknown,clean_2XWC,False
clean_7U2Z.pdb,Experimental,PDB,Unknown,clean_7U2Z,False
clean_6FIT.pdb,Experimental,PDB,Unknown,clean_6FIT,False
clean_5PYY.pdb,Experimental,PDB,Unknown,clean_5PYY,False
clean_4NDI.pdb,Experimental,PDB,Unknown,clean_4NDI,False
clean_1HLZ.pdb,Experimental,PDB,Unknown,clean_1HLZ,False
clean_8XMK.pdb,Experimental,PDB,Unknown,clean_8XMK,False
clean_5MF7.pdb,Experimental,PDB,Unknown,clean_5MF7,False
clean_8S9B.pdb,Experimental,PDB,Unknown,clean_8S9B,False
clean_3UIP.pdb,Experimental,PDB,Unknown,clean_3UIP,False
clean_8BB4.pdb,Experimental,PDB,Unknown,clean_8BB4,False
clean_5SJO.pdb,Experimental,PDB,Unknown,clean_5SJO,False
clean_7OJX.pdb,Experimental,PDB,Unknown,clean_7OJX,False
clean_2E71.pdb,Experimental,PDB,Unknown,clean_2E71,False
clean_2DNK.pdb,Experimental,PDB,Unknown,clean_2DNK,False
clean_6AV3.pdb,Experimental,PDB,Unknown,clean_6AV3,False
clean_1PDG.pdb,Experimental,PDB,Unknown,clean_1PDG,False
clean_1PE3.pdb,Experimental,PDB,Unknown,clean_1PE3,False
clean_1LE4.pdb,Experimental,PDB,Unknown,clean_1LE4,False
clean_9G13.pdb,Experimental,PDB,Unknown,clean_9G13,False
clean_2OUV.pdb,Experimental,PDB,Unknown,clean_2OUV,False
clean_1SGZ.pdb,Experimental,PDB,Unknown,clean_1SGZ,False
clean_6US7.pdb,Experimental,PDB,Unknown,clean_6US7,False
clean_5PYI.pdb,Experimental,PDB,Unknown,clean_5PYI,False
clean_6Y9R.pdb,Experimental,PDB,Unknown,clean_6Y9R,False
clean_4WY6.pdb,Experimental,PDB,Unknown,clean_4WY6,False
clean_4CUD.pdb,Experimental,PDB,Unknown,clean_4CUD,False
clean_4J1R.pdb,Experimental,PDB,Unknown,clean_4J1R,False
clean_8XXU.pdb,Experimental,PDB,Unknown,clean_8XXU,False
clean_1HFP.pdb,Experimental,PDB,Unknown,clean_1HFP,False
clean_6VIE.pdb,Experimental,PDB,Unknown,clean_6VIE,False
clean_6RF2.pdb,Experimental,PDB,Unknown,clean_6RF2,False
clean_4A63.pdb,Experimental,PDB,Unknown,clean_4A63,False
clean_8U8A.pdb,Experimental,PDB,Unknown,clean_8U8A,False
clean_5HLW.pdb,Experimental,PDB,Unknown,clean_5HLW,False
clean_2GA7.pdb,Experimental,PDB,Unknown,clean_2GA7,False
clean_4KE1.pdb,Experimental,PDB,Unknown,clean_4KE1,False
clean_2XWR.pdb,Experimental,PDB,Unknown,clean_2XWR,False
clean_7VIE.pdb,Experimental,PDB,Unknown,clean_7VIE,False
clean_5MG7.pdb,Experimental,PDB,Unknown,clean_5MG7,False
clean_4RM9.pdb,Experimental,PDB,Unknown,clean_4RM9,False
clean_4AP8.pdb,Experimental,PDB,Unknown,clean_4AP8,False
clean_5FVW.pdb,Experimental,PDB,Unknown,clean_5FVW,False
clean_7DUO.pdb,Experimental,PDB,Unknown,clean_7DUO,False
clean_8JZZ.pdb,Experimental,PDB,Unknown,clean_8JZZ,False
clean_8XXZ.pdb,Experimental,PDB,Unknown,clean_8XXZ,False
clean_7F53.pdb,Experimental,PDB,Unknown,clean_7F53,False
clean_9JE1.pdb,Experimental,PDB,Unknown,clean_9JE1,False
clean_6OSP.pdb,Experimental,PDB,Unknown,clean_6OSP,False
clean_2J1W.pdb,Experimental,PDB,Unknown,clean_2J1W,False
clean_8JPN.pdb,Experimental,PDB,Unknown,clean_8JPN,False
clean_6EQ9.pdb,Experimental,PDB,Unknown,clean_6EQ9,False
clean_8BQV.pdb,Experimental,PDB,Unknown,clean_8BQV,False
clean_5WRI.pdb,Experimental,PDB,Unknown,clean_5WRI,False
clean_2MTN.pdb,Experimental,PDB,Unknown,clean_2MTN,False
clean_5MYO.pdb,Experimental,PDB,Unknown,clean_5MYO,False
clean_6BB4.pdb,Experimental,PDB,Unknown,clean_6BB4,False
clean_7DXJ.pdb,Experimental,PDB,Unknown,clean_7DXJ,False
clean_6YHP.pdb,Experimental,PDB,Unknown,clean_6YHP,False
clean_2FJZ.pdb,Experimental,PDB,Unknown,clean_2FJZ,False
clean_1RWN.pdb,Experimental,PDB,Unknown,clean_1RWN,False
clean_6R9T.pdb,Experimental,PDB,Unknown,clean_6R9T,False
clean_8G1Q.pdb,Experimental,PDB,Unknown,clean_8G1Q,False
clean_1XMK.pdb,Experimental,PDB,Unknown,clean_1XMK,False
clean_4BUU.pdb,Experimental,PDB,Unknown,clean_4BUU,False
clean_8SEI.pdb,Experimental,PDB,Unknown,clean_8SEI,False
clean_7CX2.pdb,Experimental,PDB,Unknown,clean_7CX2,False
clean_4UWC.pdb,Experimental,PDB,Unknown,clean_4UWC,False
clean_2ZJN.pdb,Experimental,PDB,Unknown,clean_2ZJN,False
clean_8IT8.pdb,Experimental,PDB,Unknown,clean_8IT8,False
clean_4A9C.pdb,Experimental,PDB,Unknown,clean_4A9C,False
clean_2GWH.pdb,Experimental,PDB,Unknown,clean_2GWH,False
clean_3OVL.pdb,Experimental,PDB,Unknown,clean_3OVL,False
clean_4W9Y.pdb,Experimental,PDB,Unknown,clean_4W9Y,False
clean_8T82.pdb,Experimental,PDB,Unknown,clean_8T82,False
clean_4ZSQ.pdb,Experimental,PDB,Unknown,clean_4ZSQ,False
clean_5U7J.pdb,Experimental,PDB,Unknown,clean_5U7J,False
clean_3LM5.pdb,Experimental,PDB,Unknown,clean_3LM5,False
clean_7C76.pdb,Experimental,PDB,Unknown,clean_7C76,False
clean_7SCD.pdb,Experimental,PDB,Unknown,clean_7SCD,False
clean_5KZN.pdb,Experimental,PDB,Unknown,clean_5KZN,False
clean_7LBK.pdb,Experimental,PDB,Unknown,clean_7LBK,False
clean_6NGE.pdb,Experimental,PDB,Unknown,clean_6NGE,False
clean_6DJJ.pdb,Experimental,PDB,Unknown,clean_6DJJ,False
clean_9IYB.pdb,Experimental,PDB,Unknown,clean_9IYB,False
clean_8QLR.pdb,Experimental,PDB,Unknown,clean_8QLR,False
clean_4MSL.pdb,Experimental,PDB,Unknown,clean_4MSL,False
clean_7UL2.pdb,Experimental,PDB,Unknown,clean_7UL2,False
clean_1YCR.pdb,Experimental,PDB,Unknown,clean_1YCR,False
clean_3N4L.pdb,Experimental,PDB,Unknown,clean_3N4L,False
clean_7CQ6.pdb,Experimental,PDB,Unknown,clean_7CQ6,False
clean_6SJU.pdb,Experimental,PDB,Unknown,clean_6SJU,False
clean_7JOZ.pdb,Experimental,PDB,Unknown,clean_7JOZ,False
clean_4R67.pdb,Experimental,PDB,Unknown,clean_4R67,False
clean_5OL0.pdb,Experimental,PDB,Unknown,clean_5OL0,False
clean_1HSE.pdb,Experimental,PDB,Unknown,clean_1HSE,False
clean_5FN5.pdb,Experimental,PDB,Unknown,clean_5FN5,False
clean_7ORF.pdb,Experimental,PDB,Unknown,clean_7ORF,False
clean_6LB5.pdb,Experimental,PDB,Unknown,clean_6LB5,False
clean_1XN2.pdb,Experimental,PDB,Unknown,clean_1XN2,False
clean_3RAJ.pdb,Experimental,PDB,Unknown,clean_3RAJ,False
clean_2CJY.pdb,Experimental,PDB,Unknown,clean_2CJY,False
clean_3IFP.pdb,Experimental,PDB,Unknown,clean_3IFP,False
clean_5V6Z.pdb,Experimental,PDB,Unknown,clean_5V6Z,False
clean_4UHY.pdb,Experimental,PDB,Unknown,clean_4UHY,False
clean_9JDY.pdb,Experimental,PDB,Unknown,clean_9JDY,False
clean_7CX3.pdb,Experimental,PDB,Unknown,clean_7CX3,False
clean_1SAL.pdb,Experimental,PDB,Unknown,clean_1SAL,False
clean_6SDW.pdb,Experimental,PDB,Unknown,clean_6SDW,False
clean_5SHO.pdb,Experimental,PDB,Unknown,clean_5SHO,False
clean_7ULX.pdb,Experimental,PDB,Unknown,clean_7ULX,False
clean_1JY0.pdb,Experimental,PDB,Unknown,clean_1JY0,False
clean_7MHD.pdb,Experimental,PDB,Unknown,clean_7MHD,False
clean_5TXF.pdb,Experimental,PDB,Unknown,clean_5TXF,False
clean_3ZMQ.pdb,Experimental,PDB,Unknown,clean_3ZMQ,False
clean_8QJS.pdb,Experimental,PDB,Unknown,clean_8QJS,False
clean_2A1X.pdb,Experimental,PDB,Unknown,clean_2A1X,False
clean_7QJU.pdb,Experimental,PDB,Unknown,clean_7QJU,False
clean_8XOJ.pdb,Experimental,PDB,Unknown,clean_8XOJ,False
clean_8TQ2.pdb,Experimental,PDB,Unknown,clean_8TQ2,False
clean_5XTZ.pdb,Experimental,PDB,Unknown,clean_5XTZ,False
clean_7UP7.pdb,Experimental,PDB,Unknown,clean_7UP7,False
clean_3WTT.pdb,Experimental,PDB,Unknown,clean_3WTT,False
clean_4WKE.pdb,Experimental,PDB,Unknown,clean_4WKE,False
clean_8CVR.pdb,Experimental,PDB,Unknown,clean_8CVR,False
clean_1PMV.pdb,Experimental,PDB,Unknown,clean_1PMV,False
clean_3PCX.pdb,Experimental,PDB,Unknown,clean_3PCX,False
clean_2HW9.pdb,Experimental,PDB,Unknown,clean_2HW9,False
clean_7XJJ.pdb,Experimental,PDB,Unknown,clean_7XJJ,False
clean_2NNY.pdb,Experimental,PDB,Unknown,clean_2NNY,False
clean_8D0P.pdb,Experimental,PDB,Unknown,clean_8D0P,False
clean_2N83.pdb,Experimental,PDB,Unknown,clean_2N83,False
clean_8P7B.pdb,Experimental,PDB,Unknown,clean_8P7B,False
clean_7WMM.pdb,Experimental,PDB,Unknown,clean_7WMM,False
clean_3QKL.pdb,Experimental,PDB,Unknown,clean_3QKL,False
clean_8HN9.pdb,Experimental,PDB,Unknown,clean_8HN9,False
clean_1RWK.pdb,Experimental,PDB,Unknown,clean_1RWK,False
clean_4QHV.pdb,Experimental,PDB,Unknown,clean_4QHV,False
clean_3TWS.pdb,Experimental,PDB,Unknown,clean_3TWS,False
clean_8JPF.pdb,Experimental,PDB,Unknown,clean_8JPF,False
clean_8KGK.pdb,Experimental,PDB,Unknown,clean_8KGK,False
clean_8UNQ.pdb,Experimental,PDB,Unknown,clean_8UNQ,False
clean_2BZF.pdb,Experimental,PDB,Unknown,clean_2BZF,False
clean_7U31.pdb,Experimental,PDB,Unknown,clean_7U31,False
clean_4EHL.pdb,Experimental,PDB,Unknown,clean_4EHL,False
clean_8BFZ.pdb,Experimental,PDB,Unknown,clean_8BFZ,False
clean_8D8I.pdb,Experimental,PDB,Unknown,clean_8D8I,False
clean_5G5J.pdb,Experimental,PDB,Unknown,clean_5G5J,False
clean_6VP7.pdb,Experimental,PDB,Unknown,clean_6VP7,False
clean_4J1Z.pdb,Experimental,PDB,Unknown,clean_4J1Z,False
clean_8WW2.pdb,Experimental,PDB,Unknown,clean_8WW2,False
clean_5CEI.pdb,Experimental,PDB,Unknown,clean_5CEI,False
clean_4KKH.pdb,Experimental,PDB,Unknown,clean_4KKH,False
clean_5PZE.pdb,Experimental,PDB,Unknown,clean_5PZE,False
clean_6NJS.pdb,Experimental,PDB,Unknown,clean_6NJS,False
clean_3T7N.pdb,Experimental,PDB,Unknown,clean_3T7N,False
clean_3FJH.pdb,Experimental,PDB,Unknown,clean_3FJH,False
clean_6UO9.pdb,Experimental,PDB,Unknown,clean_6UO9,False
clean_8BI8.pdb,Experimental,PDB,Unknown,clean_8BI8,False
clean_4CQE.pdb,Experimental,PDB,Unknown,clean_4CQE,False
clean_6KO0.pdb,Experimental,PDB,Unknown,clean_6KO0,False
clean_7VPJ.pdb,Experimental,PDB,Unknown,clean_7VPJ,False
clean_6HXF.pdb,Experimental,PDB,Unknown,clean_6HXF,False
clean_8WST.pdb,Experimental,PDB,Unknown,clean_8WST,False
clean_6VI4.pdb,Experimental,PDB,Unknown,clean_6VI4,False
clean_4CSJ.pdb,Experimental,PDB,Unknown,clean_4CSJ,False
clean_1S3V.pdb,Experimental,PDB,Unknown,clean_1S3V,False
clean_7K1D.pdb,Experimental,PDB,Unknown,clean_7K1D,False
clean_4R95.pdb,Experimental,PDB,Unknown,clean_4R95,False
clean_4PML.pdb,Experimental,PDB,Unknown,clean_4PML,False
clean_9BL2.pdb,Experimental,PDB,Unknown,clean_9BL2,False
clean_6ILZ.pdb,Experimental,PDB,Unknown,clean_6ILZ,False
clean_4HKK.pdb,Experimental,PDB,Unknown,clean_4HKK,False
clean_4G84.pdb,Experimental,PDB,Unknown,clean_4G84,False
clean_8H03.pdb,Experimental,PDB,Unknown,clean_8H03,False
clean_1PES.pdb,Experimental,PDB,Unknown,clean_1PES,False
clean_5E8Z.pdb,Experimental,PDB,Unknown,clean_5E8Z,False
clean_8IY9.pdb,Experimental,PDB,Unknown,clean_8IY9,False
clean_5PYN.pdb,Experimental,PDB,Unknown,clean_5PYN,False
clean_3TPR.pdb,Experimental,PDB,Unknown,clean_3TPR,False
clean_5J0B.pdb,Experimental,PDB,Unknown,clean_5J0B,False
clean_1XOZ.pdb,Experimental,PDB,Unknown,clean_1XOZ,False
clean_8OXB.pdb,Experimental,PDB,Unknown,clean_8OXB,False
clean_6H06.pdb,Experimental,PDB,Unknown,clean_6H06,False
clean_1MV9.pdb,Experimental,PDB,Unknown,clean_1MV9,False
clean_5R65.pdb,Experimental,PDB,Unknown,clean_5R65,False
clean_2YVI.pdb,Experimental,PDB,Unknown,clean_2YVI,False
clean_3ZRL.pdb,Experimental,PDB,Unknown,clean_3ZRL,False
clean_6C1C.pdb,Experimental,PDB,Unknown,clean_6C1C,False
clean_6SHZ.pdb,Experimental,PDB,Unknown,clean_6SHZ,False
clean_7B48.pdb,Experimental,PDB,Unknown,clean_7B48,False
clean_4QIA.pdb,Experimental,PDB,Unknown,clean_4QIA,False
clean_9CTC.pdb,Experimental,PDB,Unknown,clean_9CTC,False
clean_7CR3.pdb,Experimental,PDB,Unknown,clean_7CR3,False
clean_8TV1.pdb,Experimental,PDB,Unknown,clean_8TV1,False
clean_5SDV.pdb,Experimental,PDB,Unknown,clean_5SDV,False
clean_7SK3.pdb,Experimental,PDB,Unknown,clean_7SK3,False
clean_2L1L.pdb,Experimental,PDB,Unknown,clean_2L1L,False
clean_3BSX.pdb,Experimental,PDB,Unknown,clean_3BSX,False
clean_3BHX.pdb,Experimental,PDB,Unknown,clean_3BHX,False
clean_8T42.pdb,Experimental,PDB,Unknown,clean_8T42,False
clean_4IGG.pdb,Experimental,PDB,Unknown,clean_4IGG,False
clean_8XVJ.pdb,Experimental,PDB,Unknown,clean_8XVJ,False
clean_4JR1.pdb,Experimental,PDB,Unknown,clean_4JR1,False
clean_8PXX.pdb,Experimental,PDB,Unknown,clean_8PXX,False
clean_8OPI.pdb,Experimental,PDB,Unknown,clean_8OPI,False
clean_1X59.pdb,Experimental,PDB,Unknown,clean_1X59,False
clean_1JQZ.pdb,Experimental,PDB,Unknown,clean_1JQZ,False
clean_3VD0.pdb,Experimental,PDB,Unknown,clean_3VD0,False
clean_7FT1.pdb,Experimental,PDB,Unknown,clean_7FT1,False
clean_6GGS.pdb,Experimental,PDB,Unknown,clean_6GGS,False
clean_4NXO.pdb,Experimental,PDB,Unknown,clean_4NXO,False
clean_6RM5.pdb,Experimental,PDB,Unknown,clean_6RM5,False
clean_6UQF.pdb,Experimental,PDB,Unknown,clean_6UQF,False
clean_6V0Z.pdb,Experimental,PDB,Unknown,clean_6V0Z,False
clean_5SXK.pdb,Experimental,PDB,Unknown,clean_5SXK,False
clean_5HP2.pdb,Experimental,PDB,Unknown,clean_5HP2,False
clean_4Q2P.pdb,Experimental,PDB,Unknown,clean_4Q2P,False
clean_6NJZ.pdb,Experimental,PDB,Unknown,clean_6NJZ,False
clean_8WFI.pdb,Experimental,PDB,Unknown,clean_8WFI,False
clean_1AWZ.pdb,Experimental,PDB,Unknown,clean_1AWZ,False
clean_4YOL.pdb,Experimental,PDB,Unknown,clean_4YOL,False
clean_7EW1.pdb,Experimental,PDB,Unknown,clean_7EW1,False
clean_4DH6.pdb,Experimental,PDB,Unknown,clean_4DH6,False
clean_8DJE.pdb,Experimental,PDB,Unknown,clean_8DJE,False
clean_7MN8.pdb,Experimental,PDB,Unknown,clean_7MN8,False
clean_2G9O.pdb,Experimental,PDB,Unknown,clean_2G9O,False
clean_5SGN.pdb,Experimental,PDB,Unknown,clean_5SGN,False
clean_9AYJ.pdb,Experimental,PDB,Unknown,clean_9AYJ,False
clean_8XPV.pdb,Experimental,PDB,Unknown,clean_8XPV,False
clean_4IB4.pdb,Experimental,PDB,Unknown,clean_4IB4,False
clean_7ZET.pdb,Experimental,PDB,Unknown,clean_7ZET,False
clean_6WB3.pdb,Experimental,PDB,Unknown,clean_6WB3,False
clean_1CP3.pdb,Experimental,PDB,Unknown,clean_1CP3,False
clean_2CT6.pdb,Experimental,PDB,Unknown,clean_2CT6,False
clean_8YHT.pdb,Experimental,PDB,Unknown,clean_8YHT,False
clean_4REF.pdb,Experimental,PDB,Unknown,clean_4REF,False
clean_8UNM.pdb,Experimental,PDB,Unknown,clean_8UNM,False
clean_2FQQ.pdb,Experimental,PDB,Unknown,clean_2FQQ,False
clean_5SGU.pdb,Experimental,PDB,Unknown,clean_5SGU,False
clean_7XC5.pdb,Experimental,PDB,Unknown,clean_7XC5,False
clean_5WBQ.pdb,Experimental,PDB,Unknown,clean_5WBQ,False
clean_2EEA.pdb,Experimental,PDB,Unknown,clean_2EEA,False
clean_3BAD.pdb,Experimental,PDB,Unknown,clean_3BAD,False
clean_1IBC.pdb,Experimental,PDB,Unknown,clean_1IBC,False
clean_3H1P.pdb,Experimental,PDB,Unknown,clean_3H1P,False
clean_8FDS.pdb,Experimental,PDB,Unknown,clean_8FDS,False
clean_4AYA.pdb,Experimental,PDB,Unknown,clean_4AYA,False
clean_2IUG.pdb,Experimental,PDB,Unknown,clean_2IUG,False
clean_8PEP.pdb,Experimental,PDB,Unknown,clean_8PEP,False
clean_2OK1.pdb,Experimental,PDB,Unknown,clean_2OK1,False
clean_9BIM.pdb,Experimental,PDB,Unknown,clean_9BIM,False
clean_6NV7.pdb,Experimental,PDB,Unknown,clean_6NV7,False
clean_7YK2.pdb,Experimental,PDB,Unknown,clean_7YK2,False
clean_4MZI.pdb,Experimental,PDB,Unknown,clean_4MZI,False
clean_8DJD.pdb,Experimental,PDB,Unknown,clean_8DJD,False
clean_5LIH.pdb,Experimental,PDB,Unknown,clean_5LIH,False
clean_8F7S.pdb,Experimental,PDB,Unknown,clean_8F7S,False
clean_8KH5.pdb,Experimental,PDB,Unknown,clean_8KH5,False
clean_5C1D.pdb,Experimental,PDB,Unknown,clean_5C1D,False
clean_2A0Z.pdb,Experimental,PDB,Unknown,clean_2A0Z,False
clean_8OMF.pdb,Experimental,PDB,Unknown,clean_8OMF,False
clean_3HIZ.pdb,Experimental,PDB,Unknown,clean_3HIZ,False
clean_8VM5.pdb,Experimental,PDB,Unknown,clean_8VM5,False
clean_4AJD.pdb,Experimental,PDB,Unknown,clean_4AJD,False
clean_5MHP.pdb,Experimental,PDB,Unknown,clean_5MHP,False
clean_3GB2.pdb,Experimental,PDB,Unknown,clean_3GB2,False
clean_6H5T.pdb,Experimental,PDB,Unknown,clean_6H5T,False
clean_4QK4.pdb,Experimental,PDB,Unknown,clean_4QK4,False
clean_8ZF9.pdb,Experimental,PDB,Unknown,clean_8ZF9,False
clean_7X9A.pdb,Experimental,PDB,Unknown,clean_7X9A,False
clean_4XVE.pdb,Experimental,PDB,Unknown,clean_4XVE,False
clean_1MV3.pdb,Experimental,PDB,Unknown,clean_1MV3,False
clean_1Z2V.pdb,Experimental,PDB,Unknown,clean_1Z2V,False
clean_3TG5.pdb,Experimental,PDB,Unknown,clean_3TG5,False
clean_4Y5I.pdb,Experimental,PDB,Unknown,clean_4Y5I,False
clean_7NMI.pdb,Experimental,PDB,Unknown,clean_7NMI,False
clean_4B3F.pdb,Experimental,PDB,Unknown,clean_4B3F,False
clean_7XKF.pdb,Experimental,PDB,Unknown,clean_7XKF,False
clean_8THG.pdb,Experimental,PDB,Unknown,clean_8THG,False
clean_6I63.pdb,Experimental,PDB,Unknown,clean_6I63,False
clean_7NXO.pdb,Experimental,PDB,Unknown,clean_7NXO,False
clean_8BDO.pdb,Experimental,PDB,Unknown,clean_8BDO,False
clean_3R9A.pdb,Experimental,PDB,Unknown,clean_3R9A,False
clean_5ADT.pdb,Experimental,PDB,Unknown,clean_5ADT,False
clean_6Y3W.pdb,Experimental,PDB,Unknown,clean_6Y3W,False
clean_4TPM.pdb,Experimental,PDB,Unknown,clean_4TPM,False
clean_7URE.pdb,Experimental,PDB,Unknown,clean_7URE,False
clean_7PGS.pdb,Experimental,PDB,Unknown,clean_7PGS,False
clean_8OLG.pdb,Experimental,PDB,Unknown,clean_8OLG,False
clean_6Y4S.pdb,Experimental,PDB,Unknown,clean_6Y4S,False
clean_6YM4.pdb,Experimental,PDB,Unknown,clean_6YM4,False
clean_1RWV.pdb,Experimental,PDB,Unknown,clean_1RWV,False
clean_9CRS.pdb,Experimental,PDB,Unknown,clean_9CRS,False
clean_6TVO.pdb,Experimental,PDB,Unknown,clean_6TVO,False
clean_4LLP.pdb,Experimental,PDB,Unknown,clean_4LLP,False
clean_6ACB.pdb,Experimental,PDB,Unknown,clean_6ACB,False
clean_5Y64.pdb,Experimental,PDB,Unknown,clean_5Y64,False
clean_5Y2I.pdb,Experimental,PDB,Unknown,clean_5Y2I,False
clean_5M9S.pdb,Experimental,PDB,Unknown,clean_5M9S,False
clean_3CAA.pdb,Experimental,PDB,Unknown,clean_3CAA,False
clean_8SOI.pdb,Experimental,PDB,Unknown,clean_8SOI,False
clean_4XXS.pdb,Experimental,PDB,Unknown,clean_4XXS,False
clean_3GM3.pdb,Experimental,PDB,Unknown,clean_3GM3,False
clean_6WOI.pdb,Experimental,PDB,Unknown,clean_6WOI,False
clean_7DME.pdb,Experimental,PDB,Unknown,clean_7DME,False
clean_7ZKR.pdb,Experimental,PDB,Unknown,clean_7ZKR,False
clean_4H58.pdb,Experimental,PDB,Unknown,clean_4H58,False
clean_9CXD.pdb,Experimental,PDB,Unknown,clean_9CXD,False
clean_7YEH.pdb,Experimental,PDB,Unknown,clean_7YEH,False
clean_6QUS.pdb,Experimental,PDB,Unknown,clean_6QUS,False
clean_8H4I.pdb,Experimental,PDB,Unknown,clean_8H4I,False
clean_2H40.pdb,Experimental,PDB,Unknown,clean_2H40,False
clean_7KNU.pdb,Experimental,PDB,Unknown,clean_7KNU,False
clean_3CTH.pdb,Experimental,PDB,Unknown,clean_3CTH,False
clean_8HCQ.pdb,Experimental,PDB,Unknown,clean_8HCQ,False
clean_6XLI.pdb,Experimental,PDB,Unknown,clean_6XLI,False
clean_4FYR.pdb,Experimental,PDB,Unknown,clean_4FYR,False
clean_7M5X.pdb,Experimental,PDB,Unknown,clean_7M5X,False
clean_4ZGM.pdb,Experimental,PDB,Unknown,clean_4ZGM,False
clean_6AZE.pdb,Experimental,PDB,Unknown,clean_6AZE,False
clean_2IWN.pdb,Experimental,PDB,Unknown,clean_2IWN,False
clean_1VCB.pdb,Experimental,PDB,Unknown,clean_1VCB,False
clean_3D8D.pdb,Experimental,PDB,Unknown,clean_3D8D,False
clean_6JCQ.pdb,Experimental,PDB,Unknown,clean_6JCQ,False
clean_6B70.pdb,Experimental,PDB,Unknown,clean_6B70,False
clean_6VPR.pdb,Experimental,PDB,Unknown,clean_6VPR,False
clean_6LLE.pdb,Experimental,PDB,Unknown,clean_6LLE,False
clean_2F38.pdb,Experimental,PDB,Unknown,clean_2F38,False
clean_7XIB.pdb,Experimental,PDB,Unknown,clean_7XIB,False
clean_3NZD.pdb,Experimental,PDB,Unknown,clean_3NZD,False
clean_8Q98.pdb,Experimental,PDB,Unknown,clean_8Q98,False
clean_4FDL.pdb,Experimental,PDB,Unknown,clean_4FDL,False
clean_2DOE.pdb,Experimental,PDB,Unknown,clean_2DOE,False
clean_5A7B.pdb,Experimental,PDB,Unknown,clean_5A7B,False
clean_9CTJ.pdb,Experimental,PDB,Unknown,clean_9CTJ,False
clean_2GMC.pdb,Experimental,PDB,Unknown,clean_2GMC,False
clean_5KW2.pdb,Experimental,PDB,Unknown,clean_5KW2,False
clean_2HT6.pdb,Experimental,PDB,Unknown,clean_2HT6,False
clean_4DPI.pdb,Experimental,PDB,Unknown,clean_4DPI,False
clean_3PI5.pdb,Experimental,PDB,Unknown,clean_3PI5,False
clean_2MWD.pdb,Experimental,PDB,Unknown,clean_2MWD,False
clean_6POJ.pdb,Experimental,PDB,Unknown,clean_6POJ,False
clean_4JIZ.pdb,Experimental,PDB,Unknown,clean_4JIZ,False
clean_3BAE.pdb,Experimental,PDB,Unknown,clean_3BAE,False
clean_9D6A.pdb,Experimental,PDB,Unknown,clean_9D6A,False
clean_7QK3.pdb,Experimental,PDB,Unknown,clean_7QK3,False
clean_8OEK.pdb,Experimental,PDB,Unknown,clean_8OEK,False
clean_4QMN.pdb,Experimental,PDB,Unknown,clean_4QMN,False
clean_8XFP.pdb,Experimental,PDB,Unknown,clean_8XFP,False
clean_5ELY.pdb,Experimental,PDB,Unknown,clean_5ELY,False
clean_6NKP.pdb,Experimental,PDB,Unknown,clean_6NKP,False
clean_6BWV.pdb,Experimental,PDB,Unknown,clean_6BWV,False
clean_1YWI.pdb,Experimental,PDB,Unknown,clean_1YWI,False
clean_6OD3.pdb,Experimental,PDB,Unknown,clean_6OD3,False
clean_8VUU.pdb,Experimental,PDB,Unknown,clean_8VUU,False
clean_9FMU.pdb,Experimental,PDB,Unknown,clean_9FMU,False
clean_6OM2.pdb,Experimental,PDB,Unknown,clean_6OM2,False
clean_1W2C.pdb,Experimental,PDB,Unknown,clean_1W2C,False
clean_4HLG.pdb,Experimental,PDB,Unknown,clean_4HLG,False
clean_5HO6.pdb,Experimental,PDB,Unknown,clean_5HO6,False
clean_6B73.pdb,Experimental,PDB,Unknown,clean_6B73,False
clean_4X2N.pdb,Experimental,PDB,Unknown,clean_4X2N,False
clean_6A6K.pdb,Experimental,PDB,Unknown,clean_6A6K,False
clean_8BB2.pdb,Experimental,PDB,Unknown,clean_8BB2,False
clean_6ETY.pdb,Experimental,PDB,Unknown,clean_6ETY,False
clean_7B42.pdb,Experimental,PDB,Unknown,clean_7B42,False
clean_3RMW.pdb,Experimental,PDB,Unknown,clean_3RMW,False
clean_7JVQ.pdb,Experimental,PDB,Unknown,clean_7JVQ,False
clean_8I5Y.pdb,Experimental,PDB,Unknown,clean_8I5Y,False
clean_8HQC.pdb,Experimental,PDB,Unknown,clean_8HQC,False
clean_1GUL.pdb,Experimental,PDB,Unknown,clean_1GUL,False
clean_3IVH.pdb,Experimental,PDB,Unknown,clean_3IVH,False
clean_1DXX.pdb,Experimental,PDB,Unknown,clean_1DXX,False
clean_2YQF.pdb,Experimental,PDB,Unknown,clean_2YQF,False
clean_7B9O.pdb,Experimental,PDB,Unknown,clean_7B9O,False
clean_2P8H.pdb,Experimental,PDB,Unknown,clean_2P8H,False
clean_8WE9.pdb,Experimental,PDB,Unknown,clean_8WE9,False
clean_6U2X.pdb,Experimental,PDB,Unknown,clean_6U2X,False
clean_7UZU.pdb,Experimental,PDB,Unknown,clean_7UZU,False
clean_5ELI.pdb,Experimental,PDB,Unknown,clean_5ELI,False
clean_2UZY.pdb,Experimental,PDB,Unknown,clean_2UZY,False
clean_5DCZ.pdb,Experimental,PDB,Unknown,clean_5DCZ,False
clean_3WTV.pdb,Experimental,PDB,Unknown,clean_3WTV,False
clean_2VJ9.pdb,Experimental,PDB,Unknown,clean_2VJ9,False
clean_8VM0.pdb,Experimental,PDB,Unknown,clean_8VM0,False
clean_2V1W.pdb,Experimental,PDB,Unknown,clean_2V1W,False
clean_5O4O.pdb,Experimental,PDB,Unknown,clean_5O4O,False
clean_2R4V.pdb,Experimental,PDB,Unknown,clean_2R4V,False
clean_8T98.pdb,Experimental,PDB,Unknown,clean_8T98,False
clean_2J1X.pdb,Experimental,PDB,Unknown,clean_2J1X,False
clean_5PXO.pdb,Experimental,PDB,Unknown,clean_5PXO,False
clean_3P8C.pdb,Experimental,PDB,Unknown,clean_3P8C,False
clean_9IRW.pdb,Experimental,PDB,Unknown,clean_9IRW,False
clean_2LW7.pdb,Experimental,PDB,Unknown,clean_2LW7,False
clean_7TS8.pdb,Experimental,PDB,Unknown,clean_7TS8,False
clean_6L1U.pdb,Experimental,PDB,Unknown,clean_6L1U,False
clean_5SFM.pdb,Experimental,PDB,Unknown,clean_5SFM,False
clean_7URD.pdb,Experimental,PDB,Unknown,clean_7URD,False
clean_7D2S.pdb,Experimental,PDB,Unknown,clean_7D2S,False
clean_2HWA.pdb,Experimental,PDB,Unknown,clean_2HWA,False
clean_4BEK.pdb,Experimental,PDB,Unknown,clean_4BEK,False
clean_8C7X.pdb,Experimental,PDB,Unknown,clean_8C7X,False
clean_6H0U.pdb,Experimental,PDB,Unknown,clean_6H0U,False
clean_5QD5.pdb,Experimental,PDB,Unknown,clean_5QD5,False
clean_8FEG.pdb,Experimental,PDB,Unknown,clean_8FEG,False
clean_6V4H.pdb,Experimental,PDB,Unknown,clean_6V4H,False
clean_2LRI.pdb,Experimental,PDB,Unknown,clean_2LRI,False
clean_7MTQ.pdb,Experimental,PDB,Unknown,clean_7MTQ,False
clean_5AL5.pdb,Experimental,PDB,Unknown,clean_5AL5,False
clean_8VRN.pdb,Experimental,PDB,Unknown,clean_8VRN,False
clean_8TFA.pdb,Experimental,PDB,Unknown,clean_8TFA,False
clean_7FT8.pdb,Experimental,PDB,Unknown,clean_7FT8,False
clean_8GEA.pdb,Experimental,PDB,Unknown,clean_8GEA,False
clean_4I0I.pdb,Experimental,PDB,Unknown,clean_4I0I,False
clean_7KEU.pdb,Experimental,PDB,Unknown,clean_7KEU,False
clean_5VV5.pdb,Experimental,PDB,Unknown,clean_5VV5,False
clean_8YN7.pdb,Experimental,PDB,Unknown,clean_8YN7,False
clean_3HB0.pdb,Experimental,PDB,Unknown,clean_3HB0,False
clean_2WBY.pdb,Experimental,PDB,Unknown,clean_2WBY,False
clean_6DGE.pdb,Experimental,PDB,Unknown,clean_6DGE,False
clean_8GE2.pdb,Experimental,PDB,Unknown,clean_8GE2,False
clean_7YWD.pdb,Experimental,PDB,Unknown,clean_7YWD,False
clean_1DQA.pdb,Experimental,PDB,Unknown,clean_1DQA,False
clean_2LMO.pdb,Experimental,PDB,Unknown,clean_2LMO,False
clean_5SIU.pdb,Experimental,PDB,Unknown,clean_5SIU,False
clean_1I8H.pdb,Experimental,PDB,Unknown,clean_1I8H,False
clean_3FJC.pdb,Experimental,PDB,Unknown,clean_3FJC,False
clean_7YDJ.pdb,Experimental,PDB,Unknown,clean_7YDJ,False
clean_5PZA.pdb,Experimental,PDB,Unknown,clean_5PZA,False
clean_8UDU.pdb,Experimental,PDB,Unknown,clean_8UDU,False
clean_5M9R.pdb,Experimental,PDB,Unknown,clean_5M9R,False
clean_6OCO.pdb,Experimental,PDB,Unknown,clean_6OCO,False
clean_1FW1.pdb,Experimental,PDB,Unknown,clean_1FW1,False
clean_3R5J.pdb,Experimental,PDB,Unknown,clean_3R5J,False
clean_8R5H.pdb,Experimental,PDB,Unknown,clean_8R5H,False
clean_6XI4.pdb,Experimental,PDB,Unknown,clean_6XI4,False
clean_7RZI.pdb,Experimental,PDB,Unknown,clean_7RZI,False
clean_7N73.pdb,Experimental,PDB,Unknown,clean_7N73,False
clean_5PWW.pdb,Experimental,PDB,Unknown,clean_5PWW,False
clean_7LAF.pdb,Experimental,PDB,Unknown,clean_7LAF,False
clean_1Y8N.pdb,Experimental,PDB,Unknown,clean_1Y8N,False
clean_7PG6.pdb,Experimental,PDB,Unknown,clean_7PG6,False
clean_8BO8.pdb,Experimental,PDB,Unknown,clean_8BO8,False
clean_3DEI.pdb,Experimental,PDB,Unknown,clean_3DEI,False
clean_8E20.pdb,Experimental,PDB,Unknown,clean_8E20,False
clean_2OHL.pdb,Experimental,PDB,Unknown,clean_2OHL,False
clean_4IOF.pdb,Experimental,PDB,Unknown,clean_4IOF,False
clean_8QYM.pdb,Experimental,PDB,Unknown,clean_8QYM,False
clean_5O1B.pdb,Experimental,PDB,Unknown,clean_5O1B,False
clean_2DHF.pdb,Experimental,PDB,Unknown,clean_2DHF,False
clean_6L6E.pdb,Experimental,PDB,Unknown,clean_6L6E,False
clean_5TZR.pdb,Experimental,PDB,Unknown,clean_5TZR,False
clean_2QFA.pdb,Experimental,PDB,Unknown,clean_2QFA,False
clean_6UPV.pdb,Experimental,PDB,Unknown,clean_6UPV,False
clean_6EQL.pdb,Experimental,PDB,Unknown,clean_6EQL,False
clean_5LEX.pdb,Experimental,PDB,Unknown,clean_5LEX,False
clean_3B2R.pdb,Experimental,PDB,Unknown,clean_3B2R,False
clean_1A5E.pdb,Experimental,PDB,Unknown,clean_1A5E,False
clean_4C1I.pdb,Experimental,PDB,Unknown,clean_4C1I,False
clean_2RJP.pdb,Experimental,PDB,Unknown,clean_2RJP,False
clean_5SHD.pdb,Experimental,PDB,Unknown,clean_5SHD,False
clean_5I9Y.pdb,Experimental,PDB,Unknown,clean_5I9Y,False
clean_8GRZ.pdb,Experimental,PDB,Unknown,clean_8GRZ,False
clean_7T91.pdb,Experimental,PDB,Unknown,clean_7T91,False
clean_3S7L.pdb,Experimental,PDB,Unknown,clean_3S7L,False
clean_8TIN.pdb,Experimental,PDB,Unknown,clean_8TIN,False
clean_3CD7.pdb,Experimental,PDB,Unknown,clean_3CD7,False
clean_6XFP.pdb,Experimental,PDB,Unknown,clean_6XFP,False
clean_4Y6L.pdb,Experimental,PDB,Unknown,clean_4Y6L,False
clean_3F92.pdb,Experimental,PDB,Unknown,clean_3F92,False
clean_5PY2.pdb,Experimental,PDB,Unknown,clean_5PY2,False
clean_5SDA.pdb,Experimental,PDB,Unknown,clean_5SDA,False
clean_8WE8.pdb,Experimental,PDB,Unknown,clean_8WE8,False
clean_8HJ2.pdb,Experimental,PDB,Unknown,clean_8HJ2,False
clean_8SZF.pdb,Experimental,PDB,Unknown,clean_8SZF,False
clean_5PWL.pdb,Experimental,PDB,Unknown,clean_5PWL,False
clean_9B9Y.pdb,Experimental,PDB,Unknown,clean_9B9Y,False
clean_4GL5.pdb,Experimental,PDB,Unknown,clean_4GL5,False
clean_8CDY.pdb,Experimental,PDB,Unknown,clean_8CDY,False
clean_7F6G.pdb,Experimental,PDB,Unknown,clean_7F6G,False
clean_7WU3.pdb,Experimental,PDB,Unknown,clean_7WU3,False
clean_5NJ8.pdb,Experimental,PDB,Unknown,clean_5NJ8,False
clean_7N7K.pdb,Experimental,PDB,Unknown,clean_7N7K,False
clean_5HZK.pdb,Experimental,PDB,Unknown,clean_5HZK,False
clean_3J2T.pdb,Experimental,PDB,Unknown,clean_3J2T,False
clean_5JDW.pdb,Experimental,PDB,Unknown,clean_5JDW,False
clean_8K2W.pdb,Experimental,PDB,Unknown,clean_8K2W,False
clean_8XQT.pdb,Experimental,PDB,Unknown,clean_8XQT,False
clean_4UVP.pdb,Experimental,PDB,Unknown,clean_4UVP,False
clean_7QL0.pdb,Experimental,PDB,Unknown,clean_7QL0,False
clean_4F64.pdb,Experimental,PDB,Unknown,clean_4F64,False
clean_5C37.pdb,Experimental,PDB,Unknown,clean_5C37,False
clean_8JTI.pdb,Experimental,PDB,Unknown,clean_8JTI,False
clean_2FYB.pdb,Experimental,PDB,Unknown,clean_2FYB,False
clean_9IIX.pdb,Experimental,PDB,Unknown,clean_9IIX,False
clean_2JG4.pdb,Experimental,PDB,Unknown,clean_2JG4,False
clean_7DMD.pdb,Experimental,PDB,Unknown,clean_7DMD,False
clean_4GYW.pdb,Experimental,PDB,Unknown,clean_4GYW,False
clean_4BFB.pdb,Experimental,PDB,Unknown,clean_4BFB,False
clean_7XMG.pdb,Experimental,PDB,Unknown,clean_7XMG,False
clean_2GOO.pdb,Experimental,PDB,Unknown,clean_2GOO,False
clean_8P5K.pdb,Experimental,PDB,Unknown,clean_8P5K,False
clean_7OUG.pdb,Experimental,PDB,Unknown,clean_7OUG,False
clean_4MDR.pdb,Experimental,PDB,Unknown,clean_4MDR,False
clean_7MIX.pdb,Experimental,PDB,Unknown,clean_7MIX,False
clean_6CVR.pdb,Experimental,PDB,Unknown,clean_6CVR,False
clean_4IDP.pdb,Experimental,PDB,Unknown,clean_4IDP,False
clean_5TTW.pdb,Experimental,PDB,Unknown,clean_5TTW,False
clean_4YHT.pdb,Experimental,PDB,Unknown,clean_4YHT,False
clean_1I09.pdb,Experimental,PDB,Unknown,clean_1I09,False
clean_4FEC.pdb,Experimental,PDB,Unknown,clean_4FEC,False
clean_7U18.pdb,Experimental,PDB,Unknown,clean_7U18,False
clean_4J1V.pdb,Experimental,PDB,Unknown,clean_4J1V,False
clean_8UKP.pdb,Experimental,PDB,Unknown,clean_8UKP,False
clean_1BKA.pdb,Experimental,PDB,Unknown,clean_1BKA,False
clean_5YQO.pdb,Experimental,PDB,Unknown,clean_5YQO,False
clean_7PC7.pdb,Experimental,PDB,Unknown,clean_7PC7,False
clean_6B7Y.pdb,Experimental,PDB,Unknown,clean_6B7Y,False
clean_8AMR.pdb,Experimental,PDB,Unknown,clean_8AMR,False
clean_2CIJ.pdb,Experimental,PDB,Unknown,clean_2CIJ,False
clean_7P02.pdb,Experimental,PDB,Unknown,clean_7P02,False
clean_8XZI.pdb,Experimental,PDB,Unknown,clean_8XZI,False
clean_2XY1.pdb,Experimental,PDB,Unknown,clean_2XY1,False
clean_5VIE.pdb,Experimental,PDB,Unknown,clean_5VIE,False
clean_4K3J.pdb,Experimental,PDB,Unknown,clean_4K3J,False
clean_4A4E.pdb,Experimental,PDB,Unknown,clean_4A4E,False
clean_7AUE.pdb,Experimental,PDB,Unknown,clean_7AUE,False
clean_5GGI.pdb,Experimental,PDB,Unknown,clean_5GGI,False
clean_5VC0.pdb,Experimental,PDB,Unknown,clean_5VC0,False
clean_4FK3.pdb,Experimental,PDB,Unknown,clean_4FK3,False
clean_8ZBE.pdb,Experimental,PDB,Unknown,clean_8ZBE,False
clean_4LM0.pdb,Experimental,PDB,Unknown,clean_4LM0,False
clean_1I2T.pdb,Experimental,PDB,Unknown,clean_1I2T,False
clean_4DG4.pdb,Experimental,PDB,Unknown,clean_4DG4,False
clean_1H44.pdb,Experimental,PDB,Unknown,clean_1H44,False
clean_1H0D.pdb,Experimental,PDB,Unknown,clean_1H0D,False
clean_7P6A.pdb,Experimental,PDB,Unknown,clean_7P6A,False
clean_8H9E.pdb,Experimental,PDB,Unknown,clean_8H9E,False
clean_6Q2N.pdb,Experimental,PDB,Unknown,clean_6Q2N,False
clean_5SJI.pdb,Experimental,PDB,Unknown,clean_5SJI,False
clean_6X19.pdb,Experimental,PDB,Unknown,clean_6X19,False
clean_1X4Q.pdb,Experimental,PDB,Unknown,clean_1X4Q,False
clean_4CN7.pdb,Experimental,PDB,Unknown,clean_4CN7,False
clean_5MP1.pdb,Experimental,PDB,Unknown,clean_5MP1,False
clean_8JXW.pdb,Experimental,PDB,Unknown,clean_8JXW,False
clean_2FOO.pdb,Experimental,PDB,Unknown,clean_2FOO,False
clean_7U9S.pdb,Experimental,PDB,Unknown,clean_7U9S,False
clean_7QL3.pdb,Experimental,PDB,Unknown,clean_7QL3,False
clean_2WK3.pdb,Experimental,PDB,Unknown,clean_2WK3,False
clean_2FDP.pdb,Experimental,PDB,Unknown,clean_2FDP,False
clean_5MPO.pdb,Experimental,PDB,Unknown,clean_5MPO,False
clean_2C6C.pdb,Experimental,PDB,Unknown,clean_2C6C,False
clean_3MS6.pdb,Experimental,PDB,Unknown,clean_3MS6,False
clean_1IH5.pdb,Experimental,PDB,Unknown,clean_1IH5,False
clean_8PP8.pdb,Experimental,PDB,Unknown,clean_8PP8,False
clean_9K26.pdb,Experimental,PDB,Unknown,clean_9K26,False
clean_5HPD.pdb,Experimental,PDB,Unknown,clean_5HPD,False
clean_3CUK.pdb,Experimental,PDB,Unknown,clean_3CUK,False
clean_2PJY.pdb,Experimental,PDB,Unknown,clean_2PJY,False
clean_5K5T.pdb,Experimental,PDB,Unknown,clean_5K5T,False
clean_6BQU.pdb,Experimental,PDB,Unknown,clean_6BQU,False
clean_2KI9.pdb,Experimental,PDB,Unknown,clean_2KI9,False
clean_3Q05.pdb,Experimental,PDB,Unknown,clean_3Q05,False
clean_4QMS.pdb,Experimental,PDB,Unknown,clean_4QMS,False
clean_6MA5.pdb,Experimental,PDB,Unknown,clean_6MA5,False
clean_5SIW.pdb,Experimental,PDB,Unknown,clean_5SIW,False
clean_3CTJ.pdb,Experimental,PDB,Unknown,clean_3CTJ,False
clean_1UJD.pdb,Experimental,PDB,Unknown,clean_1UJD,False
clean_5QGI.pdb,Experimental,PDB,Unknown,clean_5QGI,False
clean_7MYI.pdb,Experimental,PDB,Unknown,clean_7MYI,False
clean_4D6Z.pdb,Experimental,PDB,Unknown,clean_4D6Z,False
clean_5FVU.pdb,Experimental,PDB,Unknown,clean_5FVU,False
clean_5SE0.pdb,Experimental,PDB,Unknown,clean_5SE0,False
clean_1H43.pdb,Experimental,PDB,Unknown,clean_1H43,False
clean_5JUY.pdb,Experimental,PDB,Unknown,clean_5JUY,False
clean_8FO9.pdb,Experimental,PDB,Unknown,clean_8FO9,False
clean_2I67.pdb,Experimental,PDB,Unknown,clean_2I67,False
clean_5BUA.pdb,Experimental,PDB,Unknown,clean_5BUA,False
clean_6URZ.pdb,Experimental,PDB,Unknown,clean_6URZ,False
clean_8ET6.pdb,Experimental,PDB,Unknown,clean_8ET6,False
clean_4U42.pdb,Experimental,PDB,Unknown,clean_4U42,False
clean_3TJM.pdb,Experimental,PDB,Unknown,clean_3TJM,False
clean_5AEJ.pdb,Experimental,PDB,Unknown,clean_5AEJ,False
clean_4BTM.pdb,Experimental,PDB,Unknown,clean_4BTM,False
clean_7EXD.pdb,Experimental,PDB,Unknown,clean_7EXD,False
clean_1W51.pdb,Experimental,PDB,Unknown,clean_1W51,False
clean_8HBF.pdb,Experimental,PDB,Unknown,clean_8HBF,False
clean_8WGN.pdb,Experimental,PDB,Unknown,clean_8WGN,False
clean_3UED.pdb,Experimental,PDB,Unknown,clean_3UED,False
clean_8CZK.pdb,Experimental,PDB,Unknown,clean_8CZK,False
clean_6JOJ.pdb,Experimental,PDB,Unknown,clean_6JOJ,False
clean_2A1A.pdb,Experimental,PDB,Unknown,clean_2A1A,False
clean_7RE5.pdb,Experimental,PDB,Unknown,clean_7RE5,False
clean_5V6Y.pdb,Experimental,PDB,Unknown,clean_5V6Y,False
clean_6WVZ.pdb,Experimental,PDB,Unknown,clean_6WVZ,False
clean_8XVH.pdb,Experimental,PDB,Unknown,clean_8XVH,False
clean_4HDO.pdb,Experimental,PDB,Unknown,clean_4HDO,False
clean_8G9D.pdb,Experimental,PDB,Unknown,clean_8G9D,False
clean_8DC8.pdb,Experimental,PDB,Unknown,clean_8DC8,False
clean_8ITF.pdb,Experimental,PDB,Unknown,clean_8ITF,False
clean_8HBD.pdb,Experimental,PDB,Unknown,clean_8HBD,False
clean_2QXH.pdb,Experimental,PDB,Unknown,clean_2QXH,False
clean_7V49.pdb,Experimental,PDB,Unknown,clean_7V49,False
clean_4MR9.pdb,Experimental,PDB,Unknown,clean_4MR9,False
clean_2NAO.pdb,Experimental,PDB,Unknown,clean_2NAO,False
clean_1OHJ.pdb,Experimental,PDB,Unknown,clean_1OHJ,False
clean_6B8J.pdb,Experimental,PDB,Unknown,clean_6B8J,False
clean_7FSO.pdb,Experimental,PDB,Unknown,clean_7FSO,False
clean_6IWB.pdb,Experimental,PDB,Unknown,clean_6IWB,False
clean_3Q2T.pdb,Experimental,PDB,Unknown,clean_3Q2T,False
clean_7ZHA.pdb,Experimental,PDB,Unknown,clean_7ZHA,False
clean_8XFS.pdb,Experimental,PDB,Unknown,clean_8XFS,False
clean_1YOL.pdb,Experimental,PDB,Unknown,clean_1YOL,False
clean_6X3U.pdb,Experimental,PDB,Unknown,clean_6X3U,False
clean_1C26.pdb,Experimental,PDB,Unknown,clean_1C26,False
clean_7EO4.pdb,Experimental,PDB,Unknown,clean_7EO4,False
clean_4OD2.pdb,Experimental,PDB,Unknown,clean_4OD2,False
clean_6CEJ.pdb,Experimental,PDB,Unknown,clean_6CEJ,False
clean_6AUZ.pdb,Experimental,PDB,Unknown,clean_6AUZ,False
clean_8JT6.pdb,Experimental,PDB,Unknown,clean_8JT6,False
clean_8UXY.pdb,Experimental,PDB,Unknown,clean_8UXY,False
clean_9DA5.pdb,Experimental,PDB,Unknown,clean_9DA5,False
clean_7WVW.pdb,Experimental,PDB,Unknown,clean_7WVW,False
clean_3S7A.pdb,Experimental,PDB,Unknown,clean_3S7A,False
clean_6YX2.pdb,Experimental,PDB,Unknown,clean_6YX2,False
clean_6NRY.pdb,Experimental,PDB,Unknown,clean_6NRY,False
clean_8PPF.pdb,Experimental,PDB,Unknown,clean_8PPF,False
clean_1MVT.pdb,Experimental,PDB,Unknown,clean_1MVT,False
clean_2F8X.pdb,Experimental,PDB,Unknown,clean_2F8X,False
clean_8FY2.pdb,Experimental,PDB,Unknown,clean_8FY2,False
clean_2MSR.pdb,Experimental,PDB,Unknown,clean_2MSR,False
clean_4QO1.pdb,Experimental,PDB,Unknown,clean_4QO1,False
clean_4N8R.pdb,Experimental,PDB,Unknown,clean_4N8R,False
clean_8H2G.pdb,Experimental,PDB,Unknown,clean_8H2G,False
clean_4KZQ.pdb,Experimental,PDB,Unknown,clean_4KZQ,False
clean_2EEB.pdb,Experimental,PDB,Unknown,clean_2EEB,False
clean_6D27.pdb,Experimental,PDB,Unknown,clean_6D27,False
clean_5SJZ.pdb,Experimental,PDB,Unknown,clean_5SJZ,False
clean_8S9C.pdb,Experimental,PDB,Unknown,clean_8S9C,False
clean_1YPQ.pdb,Experimental,PDB,Unknown,clean_1YPQ,False
clean_6EQJ.pdb,Experimental,PDB,Unknown,clean_6EQJ,False
clean_7M0U.pdb,Experimental,PDB,Unknown,clean_7M0U,False
clean_8ITC.pdb,Experimental,PDB,Unknown,clean_8ITC,False
clean_5SFF.pdb,Experimental,PDB,Unknown,clean_5SFF,False
clean_8QWO.pdb,Experimental,PDB,Unknown,clean_8QWO,False
clean_8DYP.pdb,Experimental,PDB,Unknown,clean_8DYP,False
clean_8WD2.pdb,Experimental,PDB,Unknown,clean_8WD2,False
clean_5CSI.pdb,Experimental,PDB,Unknown,clean_5CSI,False
clean_6WAV.pdb,Experimental,PDB,Unknown,clean_6WAV,False
clean_1ZY7.pdb,Experimental,PDB,Unknown,clean_1ZY7,False
clean_7JXN.pdb,Experimental,PDB,Unknown,clean_7JXN,False
clean_7NWA.pdb,Experimental,PDB,Unknown,clean_7NWA,False
clean_7SK5.pdb,Experimental,PDB,Unknown,clean_7SK5,False
clean_3GB8.pdb,Experimental,PDB,Unknown,clean_3GB8,False
clean_1BOE.pdb,Experimental,PDB,Unknown,clean_1BOE,False
clean_3RHK.pdb,Experimental,PDB,Unknown,clean_3RHK,False
clean_7QJW.pdb,Experimental,PDB,Unknown,clean_7QJW,False
clean_2GGT.pdb,Experimental,PDB,Unknown,clean_2GGT,False
clean_1SC1.pdb,Experimental,PDB,Unknown,clean_1SC1,False
clean_1HWK.pdb,Experimental,PDB,Unknown,clean_1HWK,False
clean_5HDU.pdb,Experimental,PDB,Unknown,clean_5HDU,False
clean_4ERY.pdb,Experimental,PDB,Unknown,clean_4ERY,False
clean_6K72.pdb,Experimental,PDB,Unknown,clean_6K72,False
clean_1T2A.pdb,Experimental,PDB,Unknown,clean_1T2A,False
clean_4IQH.pdb,Experimental,PDB,Unknown,clean_4IQH,False
clean_8ZLP.pdb,Experimental,PDB,Unknown,clean_8ZLP,False
clean_8E3Y.pdb,Experimental,PDB,Unknown,clean_8E3Y,False
clean_1H52.pdb,Experimental,PDB,Unknown,clean_1H52,False
clean_6A3N.pdb,Experimental,PDB,Unknown,clean_6A3N,False
clean_1RXR.pdb,Experimental,PDB,Unknown,clean_1RXR,False
clean_4K9X.pdb,Experimental,PDB,Unknown,clean_4K9X,False
clean_4ORX.pdb,Experimental,PDB,Unknown,clean_4ORX,False
clean_5PXH.pdb,Experimental,PDB,Unknown,clean_5PXH,False
clean_2O53.pdb,Experimental,PDB,Unknown,clean_2O53,False
clean_9K27.pdb,Experimental,PDB,Unknown,clean_9K27,False
clean_7TYN.pdb,Experimental,PDB,Unknown,clean_7TYN,False
clean_7TRK.pdb,Experimental,PDB,Unknown,clean_7TRK,False
clean_7VG7.pdb,Experimental,PDB,Unknown,clean_7VG7,False
clean_5PZ6.pdb,Experimental,PDB,Unknown,clean_5PZ6,False
clean_7SX8.pdb,Experimental,PDB,Unknown,clean_7SX8,False
clean_3MOQ.pdb,Experimental,PDB,Unknown,clean_3MOQ,False
clean_2CSW.pdb,Experimental,PDB,Unknown,clean_2CSW,False
clean_3CIB.pdb,Experimental,PDB,Unknown,clean_3CIB,False
clean_4M18.pdb,Experimental,PDB,Unknown,clean_4M18,False
clean_4Y8C.pdb,Experimental,PDB,Unknown,clean_4Y8C,False
clean_2O3S.pdb,Experimental,PDB,Unknown,clean_2O3S,False
clean_9BFB.pdb,Experimental,PDB,Unknown,clean_9BFB,False
clean_8EL8.pdb,Experimental,PDB,Unknown,clean_8EL8,False
clean_7ZBN.pdb,Experimental,PDB,Unknown,clean_7ZBN,False
clean_1RHM.pdb,Experimental,PDB,Unknown,clean_1RHM,False
clean_7OAL.pdb,Experimental,PDB,Unknown,clean_7OAL,False
clean_6CVQ.pdb,Experimental,PDB,Unknown,clean_6CVQ,False
clean_5F94.pdb,Experimental,PDB,Unknown,clean_5F94,False
clean_2EZX.pdb,Experimental,PDB,Unknown,clean_2EZX,False
clean_6MA1.pdb,Experimental,PDB,Unknown,clean_6MA1,False
clean_8X5H.pdb,Experimental,PDB,Unknown,clean_8X5H,False
clean_7W7U.pdb,Experimental,PDB,Unknown,clean_7W7U,False
clean_5SES.pdb,Experimental,PDB,Unknown,clean_5SES,False
clean_8OX8.pdb,Experimental,PDB,Unknown,clean_8OX8,False
clean_5IYY.pdb,Experimental,PDB,Unknown,clean_5IYY,False
clean_9HBB.pdb,Experimental,PDB,Unknown,clean_9HBB,False
clean_7DCZ.pdb,Experimental,PDB,Unknown,clean_7DCZ,False
clean_7F8G.pdb,Experimental,PDB,Unknown,clean_7F8G,False
clean_8GP3.pdb,Experimental,PDB,Unknown,clean_8GP3,False
clean_3Q96.pdb,Experimental,PDB,Unknown,clean_3Q96,False
clean_3RSV.pdb,Experimental,PDB,Unknown,clean_3RSV,False
clean_6HMR.pdb,Experimental,PDB,Unknown,clean_6HMR,False
clean_4PHU.pdb,Experimental,PDB,Unknown,clean_4PHU,False
clean_8OQ7.pdb,Experimental,PDB,Unknown,clean_8OQ7,False
clean_2HVD.pdb,Experimental,PDB,Unknown,clean_2HVD,False
clean_2L08.pdb,Experimental,PDB,Unknown,clean_2L08,False
clean_9CZL.pdb,Experimental,PDB,Unknown,clean_9CZL,False
clean_9F34.pdb,Experimental,PDB,Unknown,clean_9F34,False
clean_4E52.pdb,Experimental,PDB,Unknown,clean_4E52,False
clean_3G2T.pdb,Experimental,PDB,Unknown,clean_3G2T,False
clean_1RY7.pdb,Experimental,PDB,Unknown,clean_1RY7,False
clean_7WC5.pdb,Experimental,PDB,Unknown,clean_7WC5,False
clean_5YJE.pdb,Experimental,PDB,Unknown,clean_5YJE,False
clean_8D7O.pdb,Experimental,PDB,Unknown,clean_8D7O,False
clean_2G94.pdb,Experimental,PDB,Unknown,clean_2G94,False
clean_2HE0.pdb,Experimental,PDB,Unknown,clean_2HE0,False
clean_7N70.pdb,Experimental,PDB,Unknown,clean_7N70,False
clean_7D2G.pdb,Experimental,PDB,Unknown,clean_7D2G,False
clean_4PTG.pdb,Experimental,PDB,Unknown,clean_4PTG,False
clean_8T59.pdb,Experimental,PDB,Unknown,clean_8T59,False
clean_6IJH.pdb,Experimental,PDB,Unknown,clean_6IJH,False
clean_7THZ.pdb,Experimental,PDB,Unknown,clean_7THZ,False
clean_8WGF.pdb,Experimental,PDB,Unknown,clean_8WGF,False
clean_8XXX.pdb,Experimental,PDB,Unknown,clean_8XXX,False
clean_7P7H.pdb,Experimental,PDB,Unknown,clean_7P7H,False
clean_5XRA.pdb,Experimental,PDB,Unknown,clean_5XRA,False
clean_4NGN.pdb,Experimental,PDB,Unknown,clean_4NGN,False
clean_4DTT.pdb,Experimental,PDB,Unknown,clean_4DTT,False
clean_8IT9.pdb,Experimental,PDB,Unknown,clean_8IT9,False
clean_9IVG.pdb,Experimental,PDB,Unknown,clean_9IVG,False
clean_7F4F.pdb,Experimental,PDB,Unknown,clean_7F4F,False
clean_7YO9.pdb,Experimental,PDB,Unknown,clean_7YO9,False
clean_2LUX.pdb,Experimental,PDB,Unknown,clean_2LUX,False
clean_1HRF.pdb,Experimental,PDB,Unknown,clean_1HRF,False
clean_5NQH.pdb,Experimental,PDB,Unknown,clean_5NQH,False
clean_4MR7.pdb,Experimental,PDB,Unknown,clean_4MR7,False
clean_8XWW.pdb,Experimental,PDB,Unknown,clean_8XWW,False
clean_8W87.pdb,Experimental,PDB,Unknown,clean_8W87,False
clean_2C6G.pdb,Experimental,PDB,Unknown,clean_2C6G,False
clean_4RME.pdb,Experimental,PDB,Unknown,clean_4RME,False
clean_5JL9.pdb,Experimental,PDB,Unknown,clean_5JL9,False
clean_7W9P.pdb,Experimental,PDB,Unknown,clean_7W9P,False
clean_6AGI.pdb,Experimental,PDB,Unknown,clean_6AGI,False
clean_2WF2.pdb,Experimental,PDB,Unknown,clean_2WF2,False
clean_8YW3.pdb,Experimental,PDB,Unknown,clean_8YW3,False
clean_5X2L.pdb,Experimental,PDB,Unknown,clean_5X2L,False
clean_8VY9.pdb,Experimental,PDB,Unknown,clean_8VY9,False
clean_8SG1.pdb,Experimental,PDB,Unknown,clean_8SG1,False
clean_3KN5.pdb,Experimental,PDB,Unknown,clean_3KN5,False
clean_3K9P.pdb,Experimental,PDB,Unknown,clean_3K9P,False
clean_5QD9.pdb,Experimental,PDB,Unknown,clean_5QD9,False
clean_6URJ.pdb,Experimental,PDB,Unknown,clean_6URJ,False
clean_2FYA.pdb,Experimental,PDB,Unknown,clean_2FYA,False
clean_3X3F.pdb,Experimental,PDB,Unknown,clean_3X3F,False
clean_8HK6.pdb,Experimental,PDB,Unknown,clean_8HK6,False
clean_7F16.pdb,Experimental,PDB,Unknown,clean_7F16,False
clean_5SI3.pdb,Experimental,PDB,Unknown,clean_5SI3,False
clean_3ZME.pdb,Experimental,PDB,Unknown,clean_3ZME,False
clean_8U3Z.pdb,Experimental,PDB,Unknown,clean_8U3Z,False
clean_4QUH.pdb,Experimental,PDB,Unknown,clean_4QUH,False
clean_3A7J.pdb,Experimental,PDB,Unknown,clean_3A7J,False
clean_5HOU.pdb,Experimental,PDB,Unknown,clean_5HOU,False
clean_5QGN.pdb,Experimental,PDB,Unknown,clean_5QGN,False
clean_4WY1.pdb,Experimental,PDB,Unknown,clean_4WY1,False
clean_7QNA.pdb,Experimental,PDB,Unknown,clean_7QNA,False
clean_9E8Q.pdb,Experimental,PDB,Unknown,clean_9E8Q,False
clean_2QLJ.pdb,Experimental,PDB,Unknown,clean_2QLJ,False
clean_6P5M.pdb,Experimental,PDB,Unknown,clean_6P5M,False
clean_8IEL.pdb,Experimental,PDB,Unknown,clean_8IEL,False
clean_9FSO.pdb,Experimental,PDB,Unknown,clean_9FSO,False
clean_6RM7.pdb,Experimental,PDB,Unknown,clean_6RM7,False
clean_6FD0.pdb,Experimental,PDB,Unknown,clean_6FD0,False
clean_8PXW.pdb,Experimental,PDB,Unknown,clean_8PXW,False
clean_3ZKM.pdb,Experimental,PDB,Unknown,clean_3ZKM,False
clean_8JLO.pdb,Experimental,PDB,Unknown,clean_8JLO,False
clean_5SIQ.pdb,Experimental,PDB,Unknown,clean_5SIQ,False
clean_3UDP.pdb,Experimental,PDB,Unknown,clean_3UDP,False
clean_1MK3.pdb,Experimental,PDB,Unknown,clean_1MK3,False
clean_8J6D.pdb,Experimental,PDB,Unknown,clean_8J6D,False
clean_4QNA.pdb,Experimental,PDB,Unknown,clean_4QNA,False
clean_5QQF.pdb,Experimental,PDB,Unknown,clean_5QQF,False
clean_5K7B.pdb,Experimental,PDB,Unknown,clean_5K7B,False
clean_7EW3.pdb,Experimental,PDB,Unknown,clean_7EW3,False
clean_1XVP.pdb,Experimental,PDB,Unknown,clean_1XVP,False
clean_8QLQ.pdb,Experimental,PDB,Unknown,clean_8QLQ,False
clean_5N2W.pdb,Experimental,PDB,Unknown,clean_5N2W,False
clean_7A6H.pdb,Experimental,PDB,Unknown,clean_7A6H,False
clean_4PAS.pdb,Experimental,PDB,Unknown,clean_4PAS,False
clean_4CXY.pdb,Experimental,PDB,Unknown,clean_4CXY,False
clean_8XO1.pdb,Experimental,PDB,Unknown,clean_8XO1,False
clean_8H9T.pdb,Experimental,PDB,Unknown,clean_8H9T,False
clean_1HYR.pdb,Experimental,PDB,Unknown,clean_1HYR,False
clean_7TRS.pdb,Experimental,PDB,Unknown,clean_7TRS,False
clean_7D85.pdb,Experimental,PDB,Unknown,clean_7D85,False
clean_3C0H.pdb,Experimental,PDB,Unknown,clean_3C0H,False
clean_5C1Z.pdb,Experimental,PDB,Unknown,clean_5C1Z,False
clean_7JNT.pdb,Experimental,PDB,Unknown,clean_7JNT,False
clean_4UVT.pdb,Experimental,PDB,Unknown,clean_4UVT,False
clean_8H7G.pdb,Experimental,PDB,Unknown,clean_8H7G,False
clean_4QMZ.pdb,Experimental,PDB,Unknown,clean_4QMZ,False
clean_3R7N.pdb,Experimental,PDB,Unknown,clean_3R7N,False
clean_2P4J.pdb,Experimental,PDB,Unknown,clean_2P4J,False
clean_1T08.pdb,Experimental,PDB,Unknown,clean_1T08,False
clean_5NNE.pdb,Experimental,PDB,Unknown,clean_5NNE,False
clean_6E6E.pdb,Experimental,PDB,Unknown,clean_6E6E,False
clean_6KPG.pdb,Experimental,PDB,Unknown,clean_6KPG,False
clean_3H85.pdb,Experimental,PDB,Unknown,clean_3H85,False
clean_4OMK.pdb,Experimental,PDB,Unknown,clean_4OMK,False
clean_7DL2.pdb,Experimental,PDB,Unknown,clean_7DL2,False
clean_8B9X.pdb,Experimental,PDB,Unknown,clean_8B9X,False
clean_5M9A.pdb,Experimental,PDB,Unknown,clean_5M9A,False
clean_6RFD.pdb,Experimental,PDB,Unknown,clean_6RFD,False
clean_5ZIA.pdb,Experimental,PDB,Unknown,clean_5ZIA,False
clean_4AYX.pdb,Experimental,PDB,Unknown,clean_4AYX,False
clean_1B1E.pdb,Experimental,PDB,Unknown,clean_1B1E,False
clean_8VKZ.pdb,Experimental,PDB,Unknown,clean_8VKZ,False
clean_2HIZ.pdb,Experimental,PDB,Unknown,clean_2HIZ,False
clean_5SXE.pdb,Experimental,PDB,Unknown,clean_5SXE,False
clean_5SJ6.pdb,Experimental,PDB,Unknown,clean_5SJ6,False
clean_6FJC.pdb,Experimental,PDB,Unknown,clean_6FJC,False
clean_5QD6.pdb,Experimental,PDB,Unknown,clean_5QD6,False
clean_8V9U.pdb,Experimental,PDB,Unknown,clean_8V9U,False
clean_8ZMF.pdb,Experimental,PDB,Unknown,clean_8ZMF,False
clean_1KGD.pdb,Experimental,PDB,Unknown,clean_1KGD,False
clean_8K4P.pdb,Experimental,PDB,Unknown,clean_8K4P,False
clean_7ALO.pdb,Experimental,PDB,Unknown,clean_7ALO,False
clean_1XS7.pdb,Experimental,PDB,Unknown,clean_1XS7,False
clean_5XFN.pdb,Experimental,PDB,Unknown,clean_5XFN,False
clean_8Z7J.pdb,Experimental,PDB,Unknown,clean_8Z7J,False
clean_7B32.pdb,Experimental,PDB,Unknown,clean_7B32,False
clean_6AEJ.pdb,Experimental,PDB,Unknown,clean_6AEJ,False
clean_8OXM.pdb,Experimental,PDB,Unknown,clean_8OXM,False
clean_7WF3.pdb,Experimental,PDB,Unknown,clean_7WF3,False
clean_5FS6.pdb,Experimental,PDB,Unknown,clean_5FS6,False
clean_5SHB.pdb,Experimental,PDB,Unknown,clean_5SHB,False
clean_1PD8.pdb,Experimental,PDB,Unknown,clean_1PD8,False
clean_8BOW.pdb,Experimental,PDB,Unknown,clean_8BOW,False
clean_8W8Q.pdb,Experimental,PDB,Unknown,clean_8W8Q,False
clean_7XKE.pdb,Experimental,PDB,Unknown,clean_7XKE,False
clean_8ADS.pdb,Experimental,PDB,Unknown,clean_8ADS,False
clean_4XI7.pdb,Experimental,PDB,Unknown,clean_4XI7,False
clean_5W3P.pdb,Experimental,PDB,Unknown,clean_5W3P,False
clean_6LU5.pdb,Experimental,PDB,Unknown,clean_6LU5,False
clean_9IND.pdb,Experimental,PDB,Unknown,clean_9IND,False
clean_1YBO.pdb,Experimental,PDB,Unknown,clean_1YBO,False
clean_1C15.pdb,Experimental,PDB,Unknown,clean_1C15,False
clean_3ZGV.pdb,Experimental,PDB,Unknown,clean_3ZGV,False
clean_1FDQ.pdb,Experimental,PDB,Unknown,clean_1FDQ,False
clean_2DMB.pdb,Experimental,PDB,Unknown,clean_2DMB,False
clean_8DPG.pdb,Experimental,PDB,Unknown,clean_8DPG,False
clean_8C7Y.pdb,Experimental,PDB,Unknown,clean_8C7Y,False
clean_5XAU.pdb,Experimental,PDB,Unknown,clean_5XAU,False
clean_8Q9I.pdb,Experimental,PDB,Unknown,clean_8Q9I,False
clean_8QJJ.pdb,Experimental,PDB,Unknown,clean_8QJJ,False
clean_4DEG.pdb,Experimental,PDB,Unknown,clean_4DEG,False
clean_9GLQ.pdb,Experimental,PDB,Unknown,clean_9GLQ,False
clean_6OB7.pdb,Experimental,PDB,Unknown,clean_6OB7,False
clean_4AOI.pdb,Experimental,PDB,Unknown,clean_4AOI,False
clean_1EFV.pdb,Experimental,PDB,Unknown,clean_1EFV,False
clean_5JYP.pdb,Experimental,PDB,Unknown,clean_5JYP,False
clean_5E8T.pdb,Experimental,PDB,Unknown,clean_5E8T,False
clean_2E0T.pdb,Experimental,PDB,Unknown,clean_2E0T,False
clean_9BRH.pdb,Experimental,PDB,Unknown,clean_9BRH,False
clean_6EZ9.pdb,Experimental,PDB,Unknown,clean_6EZ9,False
clean_3DZI.pdb,Experimental,PDB,Unknown,clean_3DZI,False
clean_1O6L.pdb,Experimental,PDB,Unknown,clean_1O6L,False
clean_1JBQ.pdb,Experimental,PDB,Unknown,clean_1JBQ,False
clean_3SNI.pdb,Experimental,PDB,Unknown,clean_3SNI,False
clean_4ZVR.pdb,Experimental,PDB,Unknown,clean_4ZVR,False
clean_6SIO.pdb,Experimental,PDB,Unknown,clean_6SIO,False
clean_8OLO.pdb,Experimental,PDB,Unknown,clean_8OLO,False
clean_6WM3.pdb,Experimental,PDB,Unknown,clean_6WM3,False
clean_1X62.pdb,Experimental,PDB,Unknown,clean_1X62,False
clean_1T0J.pdb,Experimental,PDB,Unknown,clean_1T0J,False
clean_1GVJ.pdb,Experimental,PDB,Unknown,clean_1GVJ,False
clean_7C7F.pdb,Experimental,PDB,Unknown,clean_7C7F,False
clean_6BF8.pdb,Experimental,PDB,Unknown,clean_6BF8,False
clean_1GV7.pdb,Experimental,PDB,Unknown,clean_1GV7,False
clean_4ZRI.pdb,Experimental,PDB,Unknown,clean_4ZRI,False
clean_7A1S.pdb,Experimental,PDB,Unknown,clean_7A1S,False
clean_7SFG.pdb,Experimental,PDB,Unknown,clean_7SFG,False
clean_2JDX.pdb,Experimental,PDB,Unknown,clean_2JDX,False
clean_3KR8.pdb,Experimental,PDB,Unknown,clean_3KR8,False
clean_5IM8.pdb,Experimental,PDB,Unknown,clean_5IM8,False
clean_8KHF.pdb,Experimental,PDB,Unknown,clean_8KHF,False
clean_8K4N.pdb,Experimental,PDB,Unknown,clean_8K4N,False
clean_5SE7.pdb,Experimental,PDB,Unknown,clean_5SE7,False
clean_3MDI.pdb,Experimental,PDB,Unknown,clean_3MDI,False
clean_4QO3.pdb,Experimental,PDB,Unknown,clean_4QO3,False
clean_1XQ8.pdb,Experimental,PDB,Unknown,clean_1XQ8,False
clean_8HPT.pdb,Experimental,PDB,Unknown,clean_8HPT,False
clean_5Z58.pdb,Experimental,PDB,Unknown,clean_5Z58,False
clean_5HNB.pdb,Experimental,PDB,Unknown,clean_5HNB,False
clean_6GGD.pdb,Experimental,PDB,Unknown,clean_6GGD,False
clean_8RBA.pdb,Experimental,PDB,Unknown,clean_8RBA,False
clean_7QK2.pdb,Experimental,PDB,Unknown,clean_7QK2,False
clean_7SFF.pdb,Experimental,PDB,Unknown,clean_7SFF,False
clean_5O1D.pdb,Experimental,PDB,Unknown,clean_5O1D,False
clean_7M0X.pdb,Experimental,PDB,Unknown,clean_7M0X,False
clean_3L6R.pdb,Experimental,PDB,Unknown,clean_3L6R,False
clean_6UKB.pdb,Experimental,PDB,Unknown,clean_6UKB,False
clean_7UHG.pdb,Experimental,PDB,Unknown,clean_7UHG,False
clean_7NAP.pdb,Experimental,PDB,Unknown,clean_7NAP,False
clean_5J1G.pdb,Experimental,PDB,Unknown,clean_5J1G,False
clean_4XRM.pdb,Experimental,PDB,Unknown,clean_4XRM,False
clean_9COW.pdb,Experimental,PDB,Unknown,clean_9COW,False
clean_3FED.pdb,Experimental,PDB,Unknown,clean_3FED,False
clean_6UHH.pdb,Experimental,PDB,Unknown,clean_6UHH,False
clean_8HPY.pdb,Experimental,PDB,Unknown,clean_8HPY,False
clean_7VPQ.pdb,Experimental,PDB,Unknown,clean_7VPQ,False
clean_3HDZ.pdb,Experimental,PDB,Unknown,clean_3HDZ,False
clean_7Y3G.pdb,Experimental,PDB,Unknown,clean_7Y3G,False
clean_8WHI.pdb,Experimental,PDB,Unknown,clean_8WHI,False
clean_4D0F.pdb,Experimental,PDB,Unknown,clean_4D0F,False
clean_1OHK.pdb,Experimental,PDB,Unknown,clean_1OHK,False
clean_6NGD.pdb,Experimental,PDB,Unknown,clean_6NGD,False
clean_6EDR.pdb,Experimental,PDB,Unknown,clean_6EDR,False
clean_7YNO.pdb,Experimental,PDB,Unknown,clean_7YNO,False
clean_7CC7.pdb,Experimental,PDB,Unknown,clean_7CC7,False
clean_2CZY.pdb,Experimental,PDB,Unknown,clean_2CZY,False
clean_6O76.pdb,Experimental,PDB,Unknown,clean_6O76,False
clean_7SF8.pdb,Experimental,PDB,Unknown,clean_7SF8,False
clean_8E9Z.pdb,Experimental,PDB,Unknown,clean_8E9Z,False
clean_1O4M.pdb,Experimental,PDB,Unknown,clean_1O4M,False
clean_4ZPG.pdb,Experimental,PDB,Unknown,clean_4ZPG,False
clean_6X6D.pdb,Experimental,PDB,Unknown,clean_6X6D,False
clean_6DAV.pdb,Experimental,PDB,Unknown,clean_6DAV,False
clean_5OTV.pdb,Experimental,PDB,Unknown,clean_5OTV,False
clean_5LVV.pdb,Experimental,PDB,Unknown,clean_5LVV,False
clean_1D1J.pdb,Experimental,PDB,Unknown,clean_1D1J,False
clean_1M4H.pdb,Experimental,PDB,Unknown,clean_1M4H,False
clean_6X6E.pdb,Experimental,PDB,Unknown,clean_6X6E,False
clean_8XMM.pdb,Experimental,PDB,Unknown,clean_8XMM,False
clean_2W8R.pdb,Experimental,PDB,Unknown,clean_2W8R,False
clean_9CR8.pdb,Experimental,PDB,Unknown,clean_9CR8,False
clean_5MJ5.pdb,Experimental,PDB,Unknown,clean_5MJ5,False
clean_5VNB.pdb,Experimental,PDB,Unknown,clean_5VNB,False
clean_8WOG.pdb,Experimental,PDB,Unknown,clean_8WOG,False
clean_6DC9.pdb,Experimental,PDB,Unknown,clean_6DC9,False
clean_6UHE.pdb,Experimental,PDB,Unknown,clean_6UHE,False
clean_7ULV.pdb,Experimental,PDB,Unknown,clean_7ULV,False
clean_6RL6.pdb,Experimental,PDB,Unknown,clean_6RL6,False
clean_2MPC.pdb,Experimental,PDB,Unknown,clean_2MPC,False
clean_3UVV.pdb,Experimental,PDB,Unknown,clean_3UVV,False
clean_6KN9.pdb,Experimental,PDB,Unknown,clean_6KN9,False
clean_4BSJ.pdb,Experimental,PDB,Unknown,clean_4BSJ,False
clean_2ZEJ.pdb,Experimental,PDB,Unknown,clean_2ZEJ,False
clean_8CBN.pdb,Experimental,PDB,Unknown,clean_8CBN,False
clean_4BNC.pdb,Experimental,PDB,Unknown,clean_4BNC,False
clean_2MPS.pdb,Experimental,PDB,Unknown,clean_2MPS,False
clean_2FUI.pdb,Experimental,PDB,Unknown,clean_2FUI,False
clean_8YH2.pdb,Experimental,PDB,Unknown,clean_8YH2,False
clean_3DY8.pdb,Experimental,PDB,Unknown,clean_3DY8,False
clean_6LN8.pdb,Experimental,PDB,Unknown,clean_6LN8,False
clean_3UUN.pdb,Experimental,PDB,Unknown,clean_3UUN,False
clean_6SI2.pdb,Experimental,PDB,Unknown,clean_6SI2,False
clean_2KFT.pdb,Experimental,PDB,Unknown,clean_2KFT,False
clean_4XI6.pdb,Experimental,PDB,Unknown,clean_4XI6,False
clean_7Y64.pdb,Experimental,PDB,Unknown,clean_7Y64,False
clean_1H8F.pdb,Experimental,PDB,Unknown,clean_1H8F,False
clean_7QTT.pdb,Experimental,PDB,Unknown,clean_7QTT,False
clean_6I2Y.pdb,Experimental,PDB,Unknown,clean_6I2Y,False
clean_8Q1X.pdb,Experimental,PDB,Unknown,clean_8Q1X,False
clean_7E14.pdb,Experimental,PDB,Unknown,clean_7E14,False
clean_6Q7C.pdb,Experimental,PDB,Unknown,clean_6Q7C,False
clean_5FN4.pdb,Experimental,PDB,Unknown,clean_5FN4,False
clean_8S86.pdb,Experimental,PDB,Unknown,clean_8S86,False
clean_8VF7.pdb,Experimental,PDB,Unknown,clean_8VF7,False
clean_3KBT.pdb,Experimental,PDB,Unknown,clean_3KBT,False
clean_3W51.pdb,Experimental,PDB,Unknown,clean_3W51,False
clean_1RY0.pdb,Experimental,PDB,Unknown,clean_1RY0,False
clean_2EXC.pdb,Experimental,PDB,Unknown,clean_2EXC,False
clean_7R1Y.pdb,Experimental,PDB,Unknown,clean_7R1Y,False
clean_7D77.pdb,Experimental,PDB,Unknown,clean_7D77,False
clean_7RZG.pdb,Experimental,PDB,Unknown,clean_7RZG,False
clean_3PEG.pdb,Experimental,PDB,Unknown,clean_3PEG,False
clean_5AOL.pdb,Experimental,PDB,Unknown,clean_5AOL,False
clean_5SGE.pdb,Experimental,PDB,Unknown,clean_5SGE,False
clean_7XP4.pdb,Experimental,PDB,Unknown,clean_7XP4,False
clean_7VFU.pdb,Experimental,PDB,Unknown,clean_7VFU,False
clean_6MLC.pdb,Experimental,PDB,Unknown,clean_6MLC,False
clean_4DJW.pdb,Experimental,PDB,Unknown,clean_4DJW,False
clean_7PIU.pdb,Experimental,PDB,Unknown,clean_7PIU,False
clean_8CW2.pdb,Experimental,PDB,Unknown,clean_8CW2,False
clean_6S1X.pdb,Experimental,PDB,Unknown,clean_6S1X,False
clean_6ME7.pdb,Experimental,PDB,Unknown,clean_6ME7,False
clean_3WIM.pdb,Experimental,PDB,Unknown,clean_3WIM,False
clean_4BEL.pdb,Experimental,PDB,Unknown,clean_4BEL,False
clean_6IHB.pdb,Experimental,PDB,Unknown,clean_6IHB,False
clean_3L5B.pdb,Experimental,PDB,Unknown,clean_3L5B,False
clean_4RIY.pdb,Experimental,PDB,Unknown,clean_4RIY,False
clean_6VUA.pdb,Experimental,PDB,Unknown,clean_6VUA,False
clean_3F9K.pdb,Experimental,PDB,Unknown,clean_3F9K,False
clean_3URF.pdb,Experimental,PDB,Unknown,clean_3URF,False
clean_4RE9.pdb,Experimental,PDB,Unknown,clean_4RE9,False
clean_7M3G.pdb,Experimental,PDB,Unknown,clean_7M3G,False
clean_5FPG.pdb,Experimental,PDB,Unknown,clean_5FPG,False
clean_5MP5.pdb,Experimental,PDB,Unknown,clean_5MP5,False
clean_5SGI.pdb,Experimental,PDB,Unknown,clean_5SGI,False
clean_7EZJ.pdb,Experimental,PDB,Unknown,clean_7EZJ,False
clean_1H4W.pdb,Experimental,PDB,Unknown,clean_1H4W,False
clean_6WMS.pdb,Experimental,PDB,Unknown,clean_6WMS,False
clean_7XN4.pdb,Experimental,PDB,Unknown,clean_7XN4,False
clean_8HBM.pdb,Experimental,PDB,Unknown,clean_8HBM,False
clean_4X2F.pdb,Experimental,PDB,Unknown,clean_4X2F,False
clean_7Y4U.pdb,Experimental,PDB,Unknown,clean_7Y4U,False
clean_7AA8.pdb,Experimental,PDB,Unknown,clean_7AA8,False
clean_5ELS.pdb,Experimental,PDB,Unknown,clean_5ELS,False
clean_9MQI.pdb,Experimental,PDB,Unknown,clean_9MQI,False
clean_6BD7.pdb,Experimental,PDB,Unknown,clean_6BD7,False
clean_5O1I.pdb,Experimental,PDB,Unknown,clean_5O1I,False
clean_8EI3.pdb,Experimental,PDB,Unknown,clean_8EI3,False
clean_2ZT5.pdb,Experimental,PDB,Unknown,clean_2ZT5,False
clean_1JY1.pdb,Experimental,PDB,Unknown,clean_1JY1,False
clean_4X3R.pdb,Experimental,PDB,Unknown,clean_4X3R,False
clean_8Y51.pdb,Experimental,PDB,Unknown,clean_8Y51,False
clean_5FVX.pdb,Experimental,PDB,Unknown,clean_5FVX,False
clean_8K9K.pdb,Experimental,PDB,Unknown,clean_8K9K,False
clean_5O5T.pdb,Experimental,PDB,Unknown,clean_5O5T,False
clean_4LU3.pdb,Experimental,PDB,Unknown,clean_4LU3,False
clean_7VL9.pdb,Experimental,PDB,Unknown,clean_7VL9,False
clean_6BE6.pdb,Experimental,PDB,Unknown,clean_6BE6,False
clean_5SKQ.pdb,Experimental,PDB,Unknown,clean_5SKQ,False
clean_5C2E.pdb,Experimental,PDB,Unknown,clean_5C2E,False
clean_7Y24.pdb,Experimental,PDB,Unknown,clean_7Y24,False
clean_7XLQ.pdb,Experimental,PDB,Unknown,clean_7XLQ,False
clean_5AOM.pdb,Experimental,PDB,Unknown,clean_5AOM,False
clean_8CYR.pdb,Experimental,PDB,Unknown,clean_8CYR,False
clean_5ONQ.pdb,Experimental,PDB,Unknown,clean_5ONQ,False
clean_8VTF.pdb,Experimental,PDB,Unknown,clean_8VTF,False
clean_8GGC.pdb,Experimental,PDB,Unknown,clean_8GGC,False
clean_5NKH.pdb,Experimental,PDB,Unknown,clean_5NKH,False
clean_7B34.pdb,Experimental,PDB,Unknown,clean_7B34,False
clean_8B9Q.pdb,Experimental,PDB,Unknown,clean_8B9Q,False
clean_1YOW.pdb,Experimental,PDB,Unknown,clean_1YOW,False
clean_7NA8.pdb,Experimental,PDB,Unknown,clean_7NA8,False
clean_5SHM.pdb,Experimental,PDB,Unknown,clean_5SHM,False
clean_5VVV.pdb,Experimental,PDB,Unknown,clean_5VVV,False
clean_4MNE.pdb,Experimental,PDB,Unknown,clean_4MNE,False
clean_3FEE.pdb,Experimental,PDB,Unknown,clean_3FEE,False
clean_1JT4.pdb,Experimental,PDB,Unknown,clean_1JT4,False
clean_3SAY.pdb,Experimental,PDB,Unknown,clean_3SAY,False
clean_4RIL.pdb,Experimental,PDB,Unknown,clean_4RIL,False
clean_4I0H.pdb,Experimental,PDB,Unknown,clean_4I0H,False
clean_6GML.pdb,Experimental,PDB,Unknown,clean_6GML,False
clean_8ZQP.pdb,Experimental,PDB,Unknown,clean_8ZQP,False
clean_7AG0.pdb,Experimental,PDB,Unknown,clean_7AG0,False
clean_6R5L.pdb,Experimental,PDB,Unknown,clean_6R5L,False
clean_6M1H.pdb,Experimental,PDB,Unknown,clean_6M1H,False
clean_1YFK.pdb,Experimental,PDB,Unknown,clean_1YFK,False
clean_8VOI.pdb,Experimental,PDB,Unknown,clean_8VOI,False
clean_9AUC.pdb,Experimental,PDB,Unknown,clean_9AUC,False
clean_6NG6.pdb,Experimental,PDB,Unknown,clean_6NG6,False
clean_5AOI.pdb,Experimental,PDB,Unknown,clean_5AOI,False
clean_2QXJ.pdb,Experimental,PDB,Unknown,clean_2QXJ,False
clean_5QD1.pdb,Experimental,PDB,Unknown,clean_5QD1,False
clean_5G4C.pdb,Experimental,PDB,Unknown,clean_5G4C,False
clean_7EB2.pdb,Experimental,PDB,Unknown,clean_7EB2,False
clean_6R8F.pdb,Experimental,PDB,Unknown,clean_6R8F,False
clean_1O47.pdb,Experimental,PDB,Unknown,clean_1O47,False
clean_4WOL.pdb,Experimental,PDB,Unknown,clean_4WOL,False
clean_2XYC.pdb,Experimental,PDB,Unknown,clean_2XYC,False
clean_6YOS.pdb,Experimental,PDB,Unknown,clean_6YOS,False
clean_2GQK.pdb,Experimental,PDB,Unknown,clean_2GQK,False
clean_5SED.pdb,Experimental,PDB,Unknown,clean_5SED,False
clean_5TZZ.pdb,Experimental,PDB,Unknown,clean_5TZZ,False
clean_5NVV.pdb,Experimental,PDB,Unknown,clean_5NVV,False
clean_2ZT8.pdb,Experimental,PDB,Unknown,clean_2ZT8,False
clean_5U0J.pdb,Experimental,PDB,Unknown,clean_5U0J,False
clean_5PXL.pdb,Experimental,PDB,Unknown,clean_5PXL,False
clean_4BUF.pdb,Experimental,PDB,Unknown,clean_4BUF,False
clean_3I9N.pdb,Experimental,PDB,Unknown,clean_3I9N,False
clean_6C23.pdb,Experimental,PDB,Unknown,clean_6C23,False
clean_6V3Y.pdb,Experimental,PDB,Unknown,clean_6V3Y,False
clean_3II5.pdb,Experimental,PDB,Unknown,clean_3II5,False
clean_7KI0.pdb,Experimental,PDB,Unknown,clean_7KI0,False
clean_2ZFH.pdb,Experimental,PDB,Unknown,clean_2ZFH,False
clean_4LSZ.pdb,Experimental,PDB,Unknown,clean_4LSZ,False
clean_4HXJ.pdb,Experimental,PDB,Unknown,clean_4HXJ,False
clean_6XBK.pdb,Experimental,PDB,Unknown,clean_6XBK,False
clean_3R3I.pdb,Experimental,PDB,Unknown,clean_3R3I,False
clean_5SKS.pdb,Experimental,PDB,Unknown,clean_5SKS,False
clean_5KK3.pdb,Experimental,PDB,Unknown,clean_5KK3,False
clean_9FSS.pdb,Experimental,PDB,Unknown,clean_9FSS,False
clean_7KXW.pdb,Experimental,PDB,Unknown,clean_7KXW,False
clean_8C3H.pdb,Experimental,PDB,Unknown,clean_8C3H,False
clean_4L0I.pdb,Experimental,PDB,Unknown,clean_4L0I,False
clean_1HW8.pdb,Experimental,PDB,Unknown,clean_1HW8,False
clean_4TWK.pdb,Experimental,PDB,Unknown,clean_4TWK,False
clean_5SEM.pdb,Experimental,PDB,Unknown,clean_5SEM,False
clean_3ZRF.pdb,Experimental,PDB,Unknown,clean_3ZRF,False
clean_3VP6.pdb,Experimental,PDB,Unknown,clean_3VP6,False
clean_6B7Z.pdb,Experimental,PDB,Unknown,clean_6B7Z,False
clean_2PMS.pdb,Experimental,PDB,Unknown,clean_2PMS,False
clean_6CPI.pdb,Experimental,PDB,Unknown,clean_6CPI,False
clean_8W6A.pdb,Experimental,PDB,Unknown,clean_8W6A,False
clean_3D6H.pdb,Experimental,PDB,Unknown,clean_3D6H,False
clean_2X0V.pdb,Experimental,PDB,Unknown,clean_2X0V,False
clean_1XV7.pdb,Experimental,PDB,Unknown,clean_1XV7,False
clean_1UIT.pdb,Experimental,PDB,Unknown,clean_1UIT,False
clean_6CHH.pdb,Experimental,PDB,Unknown,clean_6CHH,False
clean_2CNL.pdb,Experimental,PDB,Unknown,clean_2CNL,False
clean_8EWR.pdb,Experimental,PDB,Unknown,clean_8EWR,False
clean_7NAN.pdb,Experimental,PDB,Unknown,clean_7NAN,False
clean_4MDD.pdb,Experimental,PDB,Unknown,clean_4MDD,False
clean_9B1O.pdb,Experimental,PDB,Unknown,clean_9B1O,False
clean_6ZBV.pdb,Experimental,PDB,Unknown,clean_6ZBV,False
clean_6DHU.pdb,Experimental,PDB,Unknown,clean_6DHU,False
clean_2JFK.pdb,Experimental,PDB,Unknown,clean_2JFK,False
clean_8GWR.pdb,Experimental,PDB,Unknown,clean_8GWR,False
clean_3R94.pdb,Experimental,PDB,Unknown,clean_3R94,False
clean_5GGP.pdb,Experimental,PDB,Unknown,clean_5GGP,False
clean_9FSR.pdb,Experimental,PDB,Unknown,clean_9FSR,False
clean_3Q06.pdb,Experimental,PDB,Unknown,clean_3Q06,False
clean_2YUA.pdb,Experimental,PDB,Unknown,clean_2YUA,False
clean_2X0W.pdb,Experimental,PDB,Unknown,clean_2X0W,False
clean_3JPX.pdb,Experimental,PDB,Unknown,clean_3JPX,False
clean_6JSZ.pdb,Experimental,PDB,Unknown,clean_6JSZ,False
clean_5UD7.pdb,Experimental,PDB,Unknown,clean_5UD7,False
clean_8ITY.pdb,Experimental,PDB,Unknown,clean_8ITY,False
clean_3NVQ.pdb,Experimental,PDB,Unknown,clean_3NVQ,False
clean_7Q6J.pdb,Experimental,PDB,Unknown,clean_7Q6J,False
clean_7L7H.pdb,Experimental,PDB,Unknown,clean_7L7H,False
clean_2SRC.pdb,Experimental,PDB,Unknown,clean_2SRC,False
clean_9FNB.pdb,Experimental,PDB,Unknown,clean_9FNB,False
clean_5HL1.pdb,Experimental,PDB,Unknown,clean_5HL1,False
clean_1TH1.pdb,Experimental,PDB,Unknown,clean_1TH1,False
clean_7VEC.pdb,Experimental,PDB,Unknown,clean_7VEC,False
clean_4MRI.pdb,Experimental,PDB,Unknown,clean_4MRI,False
clean_3E4Z.pdb,Experimental,PDB,Unknown,clean_3E4Z,False
clean_4MSV.pdb,Experimental,PDB,Unknown,clean_4MSV,False
clean_2VD5.pdb,Experimental,PDB,Unknown,clean_2VD5,False
clean_7UHF.pdb,Experimental,PDB,Unknown,clean_7UHF,False
clean_3IFN.pdb,Experimental,PDB,Unknown,clean_3IFN,False
clean_7FT9.pdb,Experimental,PDB,Unknown,clean_7FT9,False
clean_8JMZ.pdb,Experimental,PDB,Unknown,clean_8JMZ,False
clean_4W9H.pdb,Experimental,PDB,Unknown,clean_4W9H,False
clean_5C5R.pdb,Experimental,PDB,Unknown,clean_5C5R,False
clean_4XEV.pdb,Experimental,PDB,Unknown,clean_4XEV,False
clean_8W5S.pdb,Experimental,PDB,Unknown,clean_8W5S,False
clean_4XJT.pdb,Experimental,PDB,Unknown,clean_4XJT,False
clean_7B49.pdb,Experimental,PDB,Unknown,clean_7B49,False
clean_8TZB.pdb,Experimental,PDB,Unknown,clean_8TZB,False
clean_6BUU.pdb,Experimental,PDB,Unknown,clean_6BUU,False
clean_8OX6.pdb,Experimental,PDB,Unknown,clean_8OX6,False
clean_8J02.pdb,Experimental,PDB,Unknown,clean_8J02,False
clean_4GH6.pdb,Experimental,PDB,Unknown,clean_4GH6,False
clean_6BX8.pdb,Experimental,PDB,Unknown,clean_6BX8,False
clean_5C28.pdb,Experimental,PDB,Unknown,clean_5C28,False
clean_8VLX.pdb,Experimental,PDB,Unknown,clean_8VLX,False
clean_8KCU.pdb,Experimental,PDB,Unknown,clean_8KCU,False
clean_8WKG.pdb,Experimental,PDB,Unknown,clean_8WKG,False
clean_7ZLQ.pdb,Experimental,PDB,Unknown,clean_7ZLQ,False
clean_4CUE.pdb,Experimental,PDB,Unknown,clean_4CUE,False
clean_3Q0S.pdb,Experimental,PDB,Unknown,clean_3Q0S,False
clean_2N55.pdb,Experimental,PDB,Unknown,clean_2N55,False
clean_6Q4M.pdb,Experimental,PDB,Unknown,clean_6Q4M,False
clean_5GYN.pdb,Experimental,PDB,Unknown,clean_5GYN,False
clean_7E2X.pdb,Experimental,PDB,Unknown,clean_7E2X,False
clean_4EEA.pdb,Experimental,PDB,Unknown,clean_4EEA,False
clean_2H44.pdb,Experimental,PDB,Unknown,clean_2H44,False
clean_2L7B.pdb,Experimental,PDB,Unknown,clean_2L7B,False
clean_1S6U.pdb,Experimental,PDB,Unknown,clean_1S6U,False
clean_7MO9.pdb,Experimental,PDB,Unknown,clean_7MO9,False
clean_7RKY.pdb,Experimental,PDB,Unknown,clean_7RKY,False
clean_4IMO.pdb,Experimental,PDB,Unknown,clean_4IMO,False
clean_8JZP.pdb,Experimental,PDB,Unknown,clean_8JZP,False
clean_4RVT.pdb,Experimental,PDB,Unknown,clean_4RVT,False
clean_6FBK.pdb,Experimental,PDB,Unknown,clean_6FBK,False
clean_8RQM.pdb,Experimental,PDB,Unknown,clean_8RQM,False
clean_3FAA.pdb,Experimental,PDB,Unknown,clean_3FAA,False
clean_4BSS.pdb,Experimental,PDB,Unknown,clean_4BSS,False
clean_5PZF.pdb,Experimental,PDB,Unknown,clean_5PZF,False
clean_5VUW.pdb,Experimental,PDB,Unknown,clean_5VUW,False
clean_6D65.pdb,Experimental,PDB,Unknown,clean_6D65,False
clean_2AD1.pdb,Experimental,PDB,Unknown,clean_2AD1,False
clean_4J21.pdb,Experimental,PDB,Unknown,clean_4J21,False
clean_6LU6.pdb,Experimental,PDB,Unknown,clean_6LU6,False
clean_6B8O.pdb,Experimental,PDB,Unknown,clean_6B8O,False
clean_5I22.pdb,Experimental,PDB,Unknown,clean_5I22,False
clean_4BW5.pdb,Experimental,PDB,Unknown,clean_4BW5,False
clean_1Q3D.pdb,Experimental,PDB,Unknown,clean_1Q3D,False
clean_2JN5.pdb,Experimental,PDB,Unknown,clean_2JN5,False
clean_8D0V.pdb,Experimental,PDB,Unknown,clean_8D0V,False
clean_5IA3.pdb,Experimental,PDB,Unknown,clean_5IA3,False
clean_8A92.pdb,Experimental,PDB,Unknown,clean_8A92,False
clean_3NBN.pdb,Experimental,PDB,Unknown,clean_3NBN,False
clean_9B1L.pdb,Experimental,PDB,Unknown,clean_9B1L,False
clean_8VL9.pdb,Experimental,PDB,Unknown,clean_8VL9,False
clean_8W88.pdb,Experimental,PDB,Unknown,clean_8W88,False
clean_8D0X.pdb,Experimental,PDB,Unknown,clean_8D0X,False
clean_3CCN.pdb,Experimental,PDB,Unknown,clean_3CCN,False
clean_5H08.pdb,Experimental,PDB,Unknown,clean_5H08,False
clean_3KCF.pdb,Experimental,PDB,Unknown,clean_3KCF,False
clean_7TUZ.pdb,Experimental,PDB,Unknown,clean_7TUZ,False
clean_8E6R.pdb,Experimental,PDB,Unknown,clean_8E6R,False
clean_2HLW.pdb,Experimental,PDB,Unknown,clean_2HLW,False
clean_8J05.pdb,Experimental,PDB,Unknown,clean_8J05,False
clean_1UHO.pdb,Experimental,PDB,Unknown,clean_1UHO,False
clean_5SHL.pdb,Experimental,PDB,Unknown,clean_5SHL,False
clean_7DN3.pdb,Experimental,PDB,Unknown,clean_7DN3,False
clean_4X2L.pdb,Experimental,PDB,Unknown,clean_4X2L,False
clean_6VHA.pdb,Experimental,PDB,Unknown,clean_6VHA,False
clean_9CZM.pdb,Experimental,PDB,Unknown,clean_9CZM,False
clean_3I25.pdb,Experimental,PDB,Unknown,clean_3I25,False
clean_1KA7.pdb,Experimental,PDB,Unknown,clean_1KA7,False
clean_5SEA.pdb,Experimental,PDB,Unknown,clean_5SEA,False
clean_6KZ5.pdb,Experimental,PDB,Unknown,clean_6KZ5,False
clean_3L8V.pdb,Experimental,PDB,Unknown,clean_3L8V,False
clean_1KQU.pdb,Experimental,PDB,Unknown,clean_1KQU,False
clean_8WVW.pdb,Experimental,PDB,Unknown,clean_8WVW,False
clean_8P0V.pdb,Experimental,PDB,Unknown,clean_8P0V,False
clean_2YT7.pdb,Experimental,PDB,Unknown,clean_2YT7,False
clean_5NG0.pdb,Experimental,PDB,Unknown,clean_5NG0,False
clean_5J9L.pdb,Experimental,PDB,Unknown,clean_5J9L,False
clean_4HLM.pdb,Experimental,PDB,Unknown,clean_4HLM,False
clean_6LFM.pdb,Experimental,PDB,Unknown,clean_6LFM,False
clean_1QSZ.pdb,Experimental,PDB,Unknown,clean_1QSZ,False
clean_9FFD.pdb,Experimental,PDB,Unknown,clean_9FFD,False
clean_8U1B.pdb,Experimental,PDB,Unknown,clean_8U1B,False
clean_4PNT.pdb,Experimental,PDB,Unknown,clean_4PNT,False
clean_2JBJ.pdb,Experimental,PDB,Unknown,clean_2JBJ,False
clean_3NS7.pdb,Experimental,PDB,Unknown,clean_3NS7,False
clean_3UB3.pdb,Experimental,PDB,Unknown,clean_3UB3,False
clean_8OLN.pdb,Experimental,PDB,Unknown,clean_8OLN,False
clean_7UZE.pdb,Experimental,PDB,Unknown,clean_7UZE,False
clean_4XC2.pdb,Experimental,PDB,Unknown,clean_4XC2,False
clean_8UXV.pdb,Experimental,PDB,Unknown,clean_8UXV,False
clean_8GTI.pdb,Experimental,PDB,Unknown,clean_8GTI,False
clean_7F4I.pdb,Experimental,PDB,Unknown,clean_7F4I,False
clean_8CUA.pdb,Experimental,PDB,Unknown,clean_8CUA,False
clean_1J1C.pdb,Experimental,PDB,Unknown,clean_1J1C,False
clean_1M2Z.pdb,Experimental,PDB,Unknown,clean_1M2Z,False
clean_9B3S.pdb,Experimental,PDB,Unknown,clean_9B3S,False
clean_7NCH.pdb,Experimental,PDB,Unknown,clean_7NCH,False
clean_7T90.pdb,Experimental,PDB,Unknown,clean_7T90,False
clean_5A4C.pdb,Experimental,PDB,Unknown,clean_5A4C,False
clean_2CRR.pdb,Experimental,PDB,Unknown,clean_2CRR,False
clean_7F1D.pdb,Experimental,PDB,Unknown,clean_7F1D,False
clean_5PZJ.pdb,Experimental,PDB,Unknown,clean_5PZJ,False
clean_7ALM.pdb,Experimental,PDB,Unknown,clean_7ALM,False
clean_2FY7.pdb,Experimental,PDB,Unknown,clean_2FY7,False
clean_3OFS.pdb,Experimental,PDB,Unknown,clean_3OFS,False
clean_7P68.pdb,Experimental,PDB,Unknown,clean_7P68,False
clean_5PWZ.pdb,Experimental,PDB,Unknown,clean_5PWZ,False
clean_8XQP.pdb,Experimental,PDB,Unknown,clean_8XQP,False
clean_2QMG.pdb,Experimental,PDB,Unknown,clean_2QMG,False
clean_5ADI.pdb,Experimental,PDB,Unknown,clean_5ADI,False
clean_6RWH.pdb,Experimental,PDB,Unknown,clean_6RWH,False
clean_4FRI.pdb,Experimental,PDB,Unknown,clean_4FRI,False
clean_6USB.pdb,Experimental,PDB,Unknown,clean_6USB,False
clean_6EZ8.pdb,Experimental,PDB,Unknown,clean_6EZ8,False
clean_3PPJ.pdb,Experimental,PDB,Unknown,clean_3PPJ,False
clean_2CPM.pdb,Experimental,PDB,Unknown,clean_2CPM,False
clean_1FKN.pdb,Experimental,PDB,Unknown,clean_1FKN,False
clean_3FHC.pdb,Experimental,PDB,Unknown,clean_3FHC,False
clean_8Q8L.pdb,Experimental,PDB,Unknown,clean_8Q8L,False
clean_3QAI.pdb,Experimental,PDB,Unknown,clean_3QAI,False
clean_3V6S.pdb,Experimental,PDB,Unknown,clean_3V6S,False
clean_6L6L.pdb,Experimental,PDB,Unknown,clean_6L6L,False
clean_1VA9.pdb,Experimental,PDB,Unknown,clean_1VA9,False
clean_7C7S.pdb,Experimental,PDB,Unknown,clean_7C7S,False
clean_4WO5.pdb,Experimental,PDB,Unknown,clean_4WO5,False
clean_6KBP.pdb,Experimental,PDB,Unknown,clean_6KBP,False
clean_7SRQ.pdb,Experimental,PDB,Unknown,clean_7SRQ,False
clean_8H9L.pdb,Experimental,PDB,Unknown,clean_8H9L,False
clean_5R4U.pdb,Experimental,PDB,Unknown,clean_5R4U,False
clean_4UFY.pdb,Experimental,PDB,Unknown,clean_4UFY,False
clean_8UDT.pdb,Experimental,PDB,Unknown,clean_8UDT,False
clean_3A1J.pdb,Experimental,PDB,Unknown,clean_3A1J,False
clean_6T7D.pdb,Experimental,PDB,Unknown,clean_6T7D,False
clean_9C6W.pdb,Experimental,PDB,Unknown,clean_9C6W,False
clean_1BHI.pdb,Experimental,PDB,Unknown,clean_1BHI,False
clean_4L0Z.pdb,Experimental,PDB,Unknown,clean_4L0Z,False
clean_8VCG.pdb,Experimental,PDB,Unknown,clean_8VCG,False
clean_8K8A.pdb,Experimental,PDB,Unknown,clean_8K8A,False
clean_7WJI.pdb,Experimental,PDB,Unknown,clean_7WJI,False
clean_4WDU.pdb,Experimental,PDB,Unknown,clean_4WDU,False
clean_4EHN.pdb,Experimental,PDB,Unknown,clean_4EHN,False
clean_8H9J.pdb,Experimental,PDB,Unknown,clean_8H9J,False
clean_3US4.pdb,Experimental,PDB,Unknown,clean_3US4,False
clean_8G88.pdb,Experimental,PDB,Unknown,clean_8G88,False
clean_1U5S.pdb,Experimental,PDB,Unknown,clean_1U5S,False
clean_3R43.pdb,Experimental,PDB,Unknown,clean_3R43,False
clean_3MDB.pdb,Experimental,PDB,Unknown,clean_3MDB,False
clean_6B97.pdb,Experimental,PDB,Unknown,clean_6B97,False
clean_7SI4.pdb,Experimental,PDB,Unknown,clean_7SI4,False
clean_6SSX.pdb,Experimental,PDB,Unknown,clean_6SSX,False
clean_6PES.pdb,Experimental,PDB,Unknown,clean_6PES,False
clean_7F0I.pdb,Experimental,PDB,Unknown,clean_7F0I,False
clean_4YKN.pdb,Experimental,PDB,Unknown,clean_4YKN,False
clean_5WE8.pdb,Experimental,PDB,Unknown,clean_5WE8,False
clean_8X8N.pdb,Experimental,PDB,Unknown,clean_8X8N,False
clean_5SIL.pdb,Experimental,PDB,Unknown,clean_5SIL,False
clean_7NDY.pdb,Experimental,PDB,Unknown,clean_7NDY,False
clean_6HMP.pdb,Experimental,PDB,Unknown,clean_6HMP,False
clean_8OXC.pdb,Experimental,PDB,Unknown,clean_8OXC,False
clean_1REU.pdb,Experimental,PDB,Unknown,clean_1REU,False
clean_7CKZ.pdb,Experimental,PDB,Unknown,clean_7CKZ,False
clean_6RWS.pdb,Experimental,PDB,Unknown,clean_6RWS,False
clean_2N4S.pdb,Experimental,PDB,Unknown,clean_2N4S,False
clean_7FSS.pdb,Experimental,PDB,Unknown,clean_7FSS,False
clean_5MMW.pdb,Experimental,PDB,Unknown,clean_5MMW,False
clean_3Q0L.pdb,Experimental,PDB,Unknown,clean_3Q0L,False
clean_2OPG.pdb,Experimental,PDB,Unknown,clean_2OPG,False
clean_2NLL.pdb,Experimental,PDB,Unknown,clean_2NLL,False
clean_7WNZ.pdb,Experimental,PDB,Unknown,clean_7WNZ,False
clean_1A0N.pdb,Experimental,PDB,Unknown,clean_1A0N,False
clean_3LC8.pdb,Experimental,PDB,Unknown,clean_3LC8,False
clean_4F65.pdb,Experimental,PDB,Unknown,clean_4F65,False
clean_2RIE.pdb,Experimental,PDB,Unknown,clean_2RIE,False
clean_8AV1.pdb,Experimental,PDB,Unknown,clean_8AV1,False
clean_8XVK.pdb,Experimental,PDB,Unknown,clean_8XVK,False
clean_5I5Z.pdb,Experimental,PDB,Unknown,clean_5I5Z,False
clean_5AKU.pdb,Experimental,PDB,Unknown,clean_5AKU,False
clean_2LQB.pdb,Experimental,PDB,Unknown,clean_2LQB,False
clean_2DGU.pdb,Experimental,PDB,Unknown,clean_2DGU,False
clean_1GS9.pdb,Experimental,PDB,Unknown,clean_1GS9,False
clean_1QXC.pdb,Experimental,PDB,Unknown,clean_1QXC,False
clean_2DK7.pdb,Experimental,PDB,Unknown,clean_2DK7,False
clean_5VNA.pdb,Experimental,PDB,Unknown,clean_5VNA,False
clean_2V1Y.pdb,Experimental,PDB,Unknown,clean_2V1Y,False
clean_7Y8Q.pdb,Experimental,PDB,Unknown,clean_7Y8Q,False
clean_1JSP.pdb,Experimental,PDB,Unknown,clean_1JSP,False
clean_8GG5.pdb,Experimental,PDB,Unknown,clean_8GG5,False
clean_7SP1.pdb,Experimental,PDB,Unknown,clean_7SP1,False
clean_7WJ5.pdb,Experimental,PDB,Unknown,clean_7WJ5,False
clean_5SKB.pdb,Experimental,PDB,Unknown,clean_5SKB,False
clean_8YRS.pdb,Experimental,PDB,Unknown,clean_8YRS,False
clean_8VGY.pdb,Experimental,PDB,Unknown,clean_8VGY,False
clean_6AGF.pdb,Experimental,PDB,Unknown,clean_6AGF,False
clean_3WO4.pdb,Experimental,PDB,Unknown,clean_3WO4,False
clean_8ZPT.pdb,Experimental,PDB,Unknown,clean_8ZPT,False
clean_5EMQ.pdb,Experimental,PDB,Unknown,clean_5EMQ,False
clean_7RKK.pdb,Experimental,PDB,Unknown,clean_7RKK,False
clean_7E25.pdb,Experimental,PDB,Unknown,clean_7E25,False
clean_8OXA.pdb,Experimental,PDB,Unknown,clean_8OXA,False
clean_5H19.pdb,Experimental,PDB,Unknown,clean_5H19,False
clean_5LE5.pdb,Experimental,PDB,Unknown,clean_5LE5,False
clean_1DT4.pdb,Experimental,PDB,Unknown,clean_1DT4,False
clean_8XZF.pdb,Experimental,PDB,Unknown,clean_8XZF,False
clean_8AR6.pdb,Experimental,PDB,Unknown,clean_8AR6,False
clean_5PYW.pdb,Experimental,PDB,Unknown,clean_5PYW,False
clean_3DXC.pdb,Experimental,PDB,Unknown,clean_3DXC,False
clean_3RVI.pdb,Experimental,PDB,Unknown,clean_3RVI,False
clean_8X7O.pdb,Experimental,PDB,Unknown,clean_8X7O,False
clean_7SX3.pdb,Experimental,PDB,Unknown,clean_7SX3,False
clean_4F46.pdb,Experimental,PDB,Unknown,clean_4F46,False
clean_2ZKC.pdb,Experimental,PDB,Unknown,clean_2ZKC,False
clean_4YLR.pdb,Experimental,PDB,Unknown,clean_4YLR,False
clean_3G90.pdb,Experimental,PDB,Unknown,clean_3G90,False
clean_6SFC.pdb,Experimental,PDB,Unknown,clean_6SFC,False
clean_8GD9.pdb,Experimental,PDB,Unknown,clean_8GD9,False
clean_7WVF.pdb,Experimental,PDB,Unknown,clean_7WVF,False
clean_4FDH.pdb,Experimental,PDB,Unknown,clean_4FDH,False
clean_4H1V.pdb,Experimental,PDB,Unknown,clean_4H1V,False
clean_9COT.pdb,Experimental,PDB,Unknown,clean_9COT,False
clean_6FF7.pdb,Experimental,PDB,Unknown,clean_6FF7,False
clean_7QQN.pdb,Experimental,PDB,Unknown,clean_7QQN,False
clean_3WUV.pdb,Experimental,PDB,Unknown,clean_3WUV,False
clean_4UZQ.pdb,Experimental,PDB,Unknown,clean_4UZQ,False
clean_8JTZ.pdb,Experimental,PDB,Unknown,clean_8JTZ,False
clean_8W8B.pdb,Experimental,PDB,Unknown,clean_8W8B,False
clean_8DKX.pdb,Experimental,PDB,Unknown,clean_8DKX,False
clean_4AHJ.pdb,Experimental,PDB,Unknown,clean_4AHJ,False
clean_8PPO.pdb,Experimental,PDB,Unknown,clean_8PPO,False
clean_5PXJ.pdb,Experimental,PDB,Unknown,clean_5PXJ,False
clean_6X2L.pdb,Experimental,PDB,Unknown,clean_6X2L,False
clean_3K2A.pdb,Experimental,PDB,Unknown,clean_3K2A,False
clean_4NGS.pdb,Experimental,PDB,Unknown,clean_4NGS,False
clean_2H51.pdb,Experimental,PDB,Unknown,clean_2H51,False
clean_1G2E.pdb,Experimental,PDB,Unknown,clean_1G2E,False
clean_7FSK.pdb,Experimental,PDB,Unknown,clean_7FSK,False
clean_6USI.pdb,Experimental,PDB,Unknown,clean_6USI,False
clean_1AVZ.pdb,Experimental,PDB,Unknown,clean_1AVZ,False
clean_5R4N.pdb,Experimental,PDB,Unknown,clean_5R4N,False
clean_6VPQ.pdb,Experimental,PDB,Unknown,clean_6VPQ,False
clean_8ESV.pdb,Experimental,PDB,Unknown,clean_8ESV,False
clean_7ZJ1.pdb,Experimental,PDB,Unknown,clean_7ZJ1,False
clean_7CR2.pdb,Experimental,PDB,Unknown,clean_7CR2,False
clean_5VAI.pdb,Experimental,PDB,Unknown,clean_5VAI,False
clean_7WNH.pdb,Experimental,PDB,Unknown,clean_7WNH,False
clean_8HLN.pdb,Experimental,PDB,Unknown,clean_8HLN,False
clean_4TK0.pdb,Experimental,PDB,Unknown,clean_4TK0,False
clean_8DC6.pdb,Experimental,PDB,Unknown,clean_8DC6,False
clean_6EMR.pdb,Experimental,PDB,Unknown,clean_6EMR,False
clean_5SGH.pdb,Experimental,PDB,Unknown,clean_5SGH,False
clean_8JD5.pdb,Experimental,PDB,Unknown,clean_8JD5,False
clean_7XTQ.pdb,Experimental,PDB,Unknown,clean_7XTQ,False
clean_3K51.pdb,Experimental,PDB,Unknown,clean_3K51,False
clean_5SIA.pdb,Experimental,PDB,Unknown,clean_5SIA,False
clean_5D29.pdb,Experimental,PDB,Unknown,clean_5D29,False
clean_6V6L.pdb,Experimental,PDB,Unknown,clean_6V6L,False
clean_8GEH.pdb,Experimental,PDB,Unknown,clean_8GEH,False
clean_4BUE.pdb,Experimental,PDB,Unknown,clean_4BUE,False
clean_2PMF.pdb,Experimental,PDB,Unknown,clean_2PMF,False
clean_8XZG.pdb,Experimental,PDB,Unknown,clean_8XZG,False
clean_6KYR.pdb,Experimental,PDB,Unknown,clean_6KYR,False
clean_5QQK.pdb,Experimental,PDB,Unknown,clean_5QQK,False
clean_2LNQ.pdb,Experimental,PDB,Unknown,clean_2LNQ,False
clean_2N7Z.pdb,Experimental,PDB,Unknown,clean_2N7Z,False
clean_1YI6.pdb,Experimental,PDB,Unknown,clean_1YI6,False
clean_6EDF.pdb,Experimental,PDB,Unknown,clean_6EDF,False
clean_6CRK.pdb,Experimental,PDB,Unknown,clean_6CRK,False
clean_7TZF.pdb,Experimental,PDB,Unknown,clean_7TZF,False
clean_6LRA.pdb,Experimental,PDB,Unknown,clean_6LRA,False
clean_7WUJ.pdb,Experimental,PDB,Unknown,clean_7WUJ,False
clean_8Q2L.pdb,Experimental,PDB,Unknown,clean_8Q2L,False
clean_7CX4.pdb,Experimental,PDB,Unknown,clean_7CX4,False
clean_4MXU.pdb,Experimental,PDB,Unknown,clean_4MXU,False
clean_1RY8.pdb,Experimental,PDB,Unknown,clean_1RY8,False
clean_5VOS.pdb,Experimental,PDB,Unknown,clean_5VOS,False
clean_4CQO.pdb,Experimental,PDB,Unknown,clean_4CQO,False
clean_2LMP.pdb,Experimental,PDB,Unknown,clean_2LMP,False
clean_7Q7D.pdb,Experimental,PDB,Unknown,clean_7Q7D,False
clean_6X3F.pdb,Experimental,PDB,Unknown,clean_6X3F,False
clean_5ZZ9.pdb,Experimental,PDB,Unknown,clean_5ZZ9,False
clean_2MKA.pdb,Experimental,PDB,Unknown,clean_2MKA,False
clean_5O9Z.pdb,Experimental,PDB,Unknown,clean_5O9Z,False
clean_2O25.pdb,Experimental,PDB,Unknown,clean_2O25,False
clean_6W0W.pdb,Experimental,PDB,Unknown,clean_6W0W,False
clean_8EIT.pdb,Experimental,PDB,Unknown,clean_8EIT,False
clean_3PDH.pdb,Experimental,PDB,Unknown,clean_3PDH,False
clean_8GDS.pdb,Experimental,PDB,Unknown,clean_8GDS,False
clean_2C2S.pdb,Experimental,PDB,Unknown,clean_2C2S,False
clean_5T1W.pdb,Experimental,PDB,Unknown,clean_5T1W,False
clean_2XZD.pdb,Experimental,PDB,Unknown,clean_2XZD,False
clean_5HVB.pdb,Experimental,PDB,Unknown,clean_5HVB,False
clean_4E26.pdb,Experimental,PDB,Unknown,clean_4E26,False
clean_2J11.pdb,Experimental,PDB,Unknown,clean_2J11,False
clean_2NNT.pdb,Experimental,PDB,Unknown,clean_2NNT,False
clean_8WG9.pdb,Experimental,PDB,Unknown,clean_8WG9,False
clean_3F7P.pdb,Experimental,PDB,Unknown,clean_3F7P,False
clean_1QMN.pdb,Experimental,PDB,Unknown,clean_1QMN,False
clean_8J00.pdb,Experimental,PDB,Unknown,clean_8J00,False
clean_6PNF.pdb,Experimental,PDB,Unknown,clean_6PNF,False
clean_7KRJ.pdb,Experimental,PDB,Unknown,clean_7KRJ,False
clean_2C2K.pdb,Experimental,PDB,Unknown,clean_2C2K,False
clean_7UAK.pdb,Experimental,PDB,Unknown,clean_7UAK,False
clean_5HBJ.pdb,Experimental,PDB,Unknown,clean_5HBJ,False
clean_7T94.pdb,Experimental,PDB,Unknown,clean_7T94,False
clean_8IW7.pdb,Experimental,PDB,Unknown,clean_8IW7,False
clean_8OTD.pdb,Experimental,PDB,Unknown,clean_8OTD,False
clean_5BO8.pdb,Experimental,PDB,Unknown,clean_5BO8,False
clean_2Y0I.pdb,Experimental,PDB,Unknown,clean_2Y0I,False
clean_4R30.pdb,Experimental,PDB,Unknown,clean_4R30,False
clean_3IUG.pdb,Experimental,PDB,Unknown,clean_3IUG,False
clean_7F6H.pdb,Experimental,PDB,Unknown,clean_7F6H,False
clean_6NI3.pdb,Experimental,PDB,Unknown,clean_6NI3,False
clean_4J1F.pdb,Experimental,PDB,Unknown,clean_4J1F,False
clean_5QQI.pdb,Experimental,PDB,Unknown,clean_5QQI,False
clean_2DLM.pdb,Experimental,PDB,Unknown,clean_2DLM,False
clean_3Q3B.pdb,Experimental,PDB,Unknown,clean_3Q3B,False
clean_3GCI.pdb,Experimental,PDB,Unknown,clean_3GCI,False
clean_5UQ0.pdb,Experimental,PDB,Unknown,clean_5UQ0,False
clean_5ZJA.pdb,Experimental,PDB,Unknown,clean_5ZJA,False
clean_6DJD.pdb,Experimental,PDB,Unknown,clean_6DJD,False
clean_6WOA.pdb,Experimental,PDB,Unknown,clean_6WOA,False
clean_5VDI.pdb,Experimental,PDB,Unknown,clean_5VDI,False
clean_6SJM.pdb,Experimental,PDB,Unknown,clean_6SJM,False
clean_5PZ8.pdb,Experimental,PDB,Unknown,clean_5PZ8,False
clean_7Y5X.pdb,Experimental,PDB,Unknown,clean_7Y5X,False
clean_7BOS.pdb,Experimental,PDB,Unknown,clean_7BOS,False
clean_7UPF.pdb,Experimental,PDB,Unknown,clean_7UPF,False
clean_7KH0.pdb,Experimental,PDB,Unknown,clean_7KH0,False
clean_3L33.pdb,Experimental,PDB,Unknown,clean_3L33,False
clean_8IZP.pdb,Experimental,PDB,Unknown,clean_8IZP,False
clean_6VWF.pdb,Experimental,PDB,Unknown,clean_6VWF,False
clean_3WS8.pdb,Experimental,PDB,Unknown,clean_3WS8,False
clean_5FMH.pdb,Experimental,PDB,Unknown,clean_5FMH,False
clean_2R9P.pdb,Experimental,PDB,Unknown,clean_2R9P,False
clean_8WFK.pdb,Experimental,PDB,Unknown,clean_8WFK,False
clean_8W8E.pdb,Experimental,PDB,Unknown,clean_8W8E,False
clean_8Y0N.pdb,Experimental,PDB,Unknown,clean_8Y0N,False
clean_8VLP.pdb,Experimental,PDB,Unknown,clean_8VLP,False
clean_4ORS.pdb,Experimental,PDB,Unknown,clean_4ORS,False
clean_2EEI.pdb,Experimental,PDB,Unknown,clean_2EEI,False
clean_6AV4.pdb,Experimental,PDB,Unknown,clean_6AV4,False
clean_1KSW.pdb,Experimental,PDB,Unknown,clean_1KSW,False
clean_3PRI.pdb,Experimental,PDB,Unknown,clean_3PRI,False
clean_8D3E.pdb,Experimental,PDB,Unknown,clean_8D3E,False
clean_7SBM.pdb,Experimental,PDB,Unknown,clean_7SBM,False
clean_5MJB.pdb,Experimental,PDB,Unknown,clean_5MJB,False
clean_2X11.pdb,Experimental,PDB,Unknown,clean_2X11,False
clean_8WC6.pdb,Experimental,PDB,Unknown,clean_8WC6,False
clean_1SHJ.pdb,Experimental,PDB,Unknown,clean_1SHJ,False
clean_7N66.pdb,Experimental,PDB,Unknown,clean_7N66,False
clean_7B8W.pdb,Experimental,PDB,Unknown,clean_7B8W,False
clean_8SC4.pdb,Experimental,PDB,Unknown,clean_8SC4,False
clean_5TR5.pdb,Experimental,PDB,Unknown,clean_5TR5,False
clean_5UKM.pdb,Experimental,PDB,Unknown,clean_5UKM,False
clean_7NWE.pdb,Experimental,PDB,Unknown,clean_7NWE,False
clean_2QJA.pdb,Experimental,PDB,Unknown,clean_2QJA,False
clean_4RZW.pdb,Experimental,PDB,Unknown,clean_4RZW,False
clean_1SC3.pdb,Experimental,PDB,Unknown,clean_1SC3,False
clean_9C2F.pdb,Experimental,PDB,Unknown,clean_9C2F,False
clean_4RQE.pdb,Experimental,PDB,Unknown,clean_4RQE,False
clean_7QKX.pdb,Experimental,PDB,Unknown,clean_7QKX,False
clean_5JPM.pdb,Experimental,PDB,Unknown,clean_5JPM,False
clean_3DEH.pdb,Experimental,PDB,Unknown,clean_3DEH,False
clean_8HQM.pdb,Experimental,PDB,Unknown,clean_8HQM,False
clean_4F5B.pdb,Experimental,PDB,Unknown,clean_4F5B,False
clean_3K22.pdb,Experimental,PDB,Unknown,clean_3K22,False
clean_8QJR.pdb,Experimental,PDB,Unknown,clean_8QJR,False
clean_7B51.pdb,Experimental,PDB,Unknown,clean_7B51,False
clean_8E6S.pdb,Experimental,PDB,Unknown,clean_8E6S,False
clean_2HO2.pdb,Experimental,PDB,Unknown,clean_2HO2,False
clean_4RD9.pdb,Experimental,PDB,Unknown,clean_4RD9,False
clean_6X9K.pdb,Experimental,PDB,Unknown,clean_6X9K,False
clean_6TCU.pdb,Experimental,PDB,Unknown,clean_6TCU,False
clean_3TTI.pdb,Experimental,PDB,Unknown,clean_3TTI,False
clean_3E00.pdb,Experimental,PDB,Unknown,clean_3E00,False
clean_2QQI.pdb,Experimental,PDB,Unknown,clean_2QQI,False
clean_8OP0.pdb,Experimental,PDB,Unknown,clean_8OP0,False
clean_6PWC.pdb,Experimental,PDB,Unknown,clean_6PWC,False
clean_9BWE.pdb,Experimental,PDB,Unknown,clean_9BWE,False
clean_3NYJ.pdb,Experimental,PDB,Unknown,clean_3NYJ,False
clean_4MVI.pdb,Experimental,PDB,Unknown,clean_4MVI,False
clean_9CX6.pdb,Experimental,PDB,Unknown,clean_9CX6,False
clean_3ZUN.pdb,Experimental,PDB,Unknown,clean_3ZUN,False
clean_2P23.pdb,Experimental,PDB,Unknown,clean_2P23,False
clean_3QA2.pdb,Experimental,PDB,Unknown,clean_3QA2,False
clean_8GEC.pdb,Experimental,PDB,Unknown,clean_8GEC,False
clean_8YNA.pdb,Experimental,PDB,Unknown,clean_8YNA,False
clean_6FMF.pdb,Experimental,PDB,Unknown,clean_6FMF,False
clean_2J9Q.pdb,Experimental,PDB,Unknown,clean_2J9Q,False
clean_9BRE.pdb,Experimental,PDB,Unknown,clean_9BRE,False
clean_5Y9L.pdb,Experimental,PDB,Unknown,clean_5Y9L,False
clean_7YNM.pdb,Experimental,PDB,Unknown,clean_7YNM,False
clean_8UQO.pdb,Experimental,PDB,Unknown,clean_8UQO,False
clean_7XMP.pdb,Experimental,PDB,Unknown,clean_7XMP,False
clean_9CHO.pdb,Experimental,PDB,Unknown,clean_9CHO,False
clean_8CZ0.pdb,Experimental,PDB,Unknown,clean_8CZ0,False
clean_8G9C.pdb,Experimental,PDB,Unknown,clean_8G9C,False
clean_4RWJ.pdb,Experimental,PDB,Unknown,clean_4RWJ,False
clean_4CUF.pdb,Experimental,PDB,Unknown,clean_4CUF,False
clean_9BC7.pdb,Experimental,PDB,Unknown,clean_9BC7,False
clean_5LI1.pdb,Experimental,PDB,Unknown,clean_5LI1,False
clean_3LL8.pdb,Experimental,PDB,Unknown,clean_3LL8,False
clean_5SFG.pdb,Experimental,PDB,Unknown,clean_5SFG,False
clean_8Y6H.pdb,Experimental,PDB,Unknown,clean_8Y6H,False
clean_5N38.pdb,Experimental,PDB,Unknown,clean_5N38,False
clean_7PGR.pdb,Experimental,PDB,Unknown,clean_7PGR,False
clean_5UAN.pdb,Experimental,PDB,Unknown,clean_5UAN,False
clean_7BKG.pdb,Experimental,PDB,Unknown,clean_7BKG,False
clean_4FEB.pdb,Experimental,PDB,Unknown,clean_4FEB,False
clean_7XBX.pdb,Experimental,PDB,Unknown,clean_7XBX,False
clean_5PZ2.pdb,Experimental,PDB,Unknown,clean_5PZ2,False
clean_8QT2.pdb,Experimental,PDB,Unknown,clean_8QT2,False
clean_2ZJI.pdb,Experimental,PDB,Unknown,clean_2ZJI,False
clean_7QL2.pdb,Experimental,PDB,Unknown,clean_7QL2,False
clean_4QTX.pdb,Experimental,PDB,Unknown,clean_4QTX,False
clean_7UM5.pdb,Experimental,PDB,Unknown,clean_7UM5,False
clean_6M8R.pdb,Experimental,PDB,Unknown,clean_6M8R,False
clean_5HSR.pdb,Experimental,PDB,Unknown,clean_5HSR,False
clean_8CS9.pdb,Experimental,PDB,Unknown,clean_8CS9,False
clean_4WK7.pdb,Experimental,PDB,Unknown,clean_4WK7,False
clean_7D59.pdb,Experimental,PDB,Unknown,clean_7D59,False
clean_4MVK.pdb,Experimental,PDB,Unknown,clean_4MVK,False
clean_8HCX.pdb,Experimental,PDB,Unknown,clean_8HCX,False
clean_3ULU.pdb,Experimental,PDB,Unknown,clean_3ULU,False
clean_3SIE.pdb,Experimental,PDB,Unknown,clean_3SIE,False
clean_4XIB.pdb,Experimental,PDB,Unknown,clean_4XIB,False
clean_2H4Y.pdb,Experimental,PDB,Unknown,clean_2H4Y,False
clean_7MFF.pdb,Experimental,PDB,Unknown,clean_7MFF,False
clean_3ZC5.pdb,Experimental,PDB,Unknown,clean_3ZC5,False
clean_7ZUB.pdb,Experimental,PDB,Unknown,clean_7ZUB,False
clean_5SGJ.pdb,Experimental,PDB,Unknown,clean_5SGJ,False
clean_2YGS.pdb,Experimental,PDB,Unknown,clean_2YGS,False
clean_3QVV.pdb,Experimental,PDB,Unknown,clean_3QVV,False
clean_1IMH.pdb,Experimental,PDB,Unknown,clean_1IMH,False
clean_7BYM.pdb,Experimental,PDB,Unknown,clean_7BYM,False
clean_6FDY.pdb,Experimental,PDB,Unknown,clean_6FDY,False
clean_2PKT.pdb,Experimental,PDB,Unknown,clean_2PKT,False
clean_5QH3.pdb,Experimental,PDB,Unknown,clean_5QH3,False
clean_3PE0.pdb,Experimental,PDB,Unknown,clean_3PE0,False
clean_5JKV.pdb,Experimental,PDB,Unknown,clean_5JKV,False
clean_8ZSJ.pdb,Experimental,PDB,Unknown,clean_8ZSJ,False
clean_7FSG.pdb,Experimental,PDB,Unknown,clean_7FSG,False
clean_6WOE.pdb,Experimental,PDB,Unknown,clean_6WOE,False
clean_8Q2J.pdb,Experimental,PDB,Unknown,clean_8Q2J,False
clean_8SL3.pdb,Experimental,PDB,Unknown,clean_8SL3,False
clean_6BQH.pdb,Experimental,PDB,Unknown,clean_6BQH,False
clean_8YRG.pdb,Experimental,PDB,Unknown,clean_8YRG,False
clean_6CT7.pdb,Experimental,PDB,Unknown,clean_6CT7,False
clean_4MSE.pdb,Experimental,PDB,Unknown,clean_4MSE,False
clean_7TTR.pdb,Experimental,PDB,Unknown,clean_7TTR,False
clean_6KZH.pdb,Experimental,PDB,Unknown,clean_6KZH,False
clean_5BV7.pdb,Experimental,PDB,Unknown,clean_5BV7,False
clean_3KMD.pdb,Experimental,PDB,Unknown,clean_3KMD,False
clean_7YDP.pdb,Experimental,PDB,Unknown,clean_7YDP,False
clean_6KN0.pdb,Experimental,PDB,Unknown,clean_6KN0,False
clean_5UO4.pdb,Experimental,PDB,Unknown,clean_5UO4,False
clean_8XGS.pdb,Experimental,PDB,Unknown,clean_8XGS,False
clean_7DN4.pdb,Experimental,PDB,Unknown,clean_7DN4,False
clean_7W9M.pdb,Experimental,PDB,Unknown,clean_7W9M,False
clean_7LBF.pdb,Experimental,PDB,Unknown,clean_7LBF,False
clean_6FKQ.pdb,Experimental,PDB,Unknown,clean_6FKQ,False
clean_8BCY.pdb,Experimental,PDB,Unknown,clean_8BCY,False
clean_2MJ1.pdb,Experimental,PDB,Unknown,clean_2MJ1,False
clean_5GIW.pdb,Experimental,PDB,Unknown,clean_5GIW,False
clean_4XW3.pdb,Experimental,PDB,Unknown,clean_4XW3,False
clean_6X3X.pdb,Experimental,PDB,Unknown,clean_6X3X,False
clean_4B3G.pdb,Experimental,PDB,Unknown,clean_4B3G,False
clean_7T3B.pdb,Experimental,PDB,Unknown,clean_7T3B,False
clean_7NTF.pdb,Experimental,PDB,Unknown,clean_7NTF,False
clean_5PX6.pdb,Experimental,PDB,Unknown,clean_5PX6,False
clean_8GAG.pdb,Experimental,PDB,Unknown,clean_8GAG,False
clean_5VFT.pdb,Experimental,PDB,Unknown,clean_5VFT,False
clean_1LCT.pdb,Experimental,PDB,Unknown,clean_1LCT,False
clean_7EPC.pdb,Experimental,PDB,Unknown,clean_7EPC,False
clean_4WHZ.pdb,Experimental,PDB,Unknown,clean_4WHZ,False
clean_5EWM.pdb,Experimental,PDB,Unknown,clean_5EWM,False
clean_6R2X.pdb,Experimental,PDB,Unknown,clean_6R2X,False
clean_7T8X.pdb,Experimental,PDB,Unknown,clean_7T8X,False
clean_8BOL.pdb,Experimental,PDB,Unknown,clean_8BOL,False
clean_6DRY.pdb,Experimental,PDB,Unknown,clean_6DRY,False
clean_6QRM.pdb,Experimental,PDB,Unknown,clean_6QRM,False
clean_8FF2.pdb,Experimental,PDB,Unknown,clean_8FF2,False
clean_8ET9.pdb,Experimental,PDB,Unknown,clean_8ET9,False
clean_2QA7.pdb,Experimental,PDB,Unknown,clean_2QA7,False
clean_5MRI.pdb,Experimental,PDB,Unknown,clean_5MRI,False
clean_4R32.pdb,Experimental,PDB,Unknown,clean_4R32,False
clean_4CDR.pdb,Experimental,PDB,Unknown,clean_4CDR,False
clean_1BI7.pdb,Experimental,PDB,Unknown,clean_1BI7,False
clean_7ESE.pdb,Experimental,PDB,Unknown,clean_7ESE,False
clean_2M9S.pdb,Experimental,PDB,Unknown,clean_2M9S,False
clean_6EHJ.pdb,Experimental,PDB,Unknown,clean_6EHJ,False
clean_4IJ3.pdb,Experimental,PDB,Unknown,clean_4IJ3,False
clean_5FS8.pdb,Experimental,PDB,Unknown,clean_5FS8,False
clean_8WKY.pdb,Experimental,PDB,Unknown,clean_8WKY,False
clean_7UP8.pdb,Experimental,PDB,Unknown,clean_7UP8,False
clean_4XX1.pdb,Experimental,PDB,Unknown,clean_4XX1,False
clean_1K86.pdb,Experimental,PDB,Unknown,clean_1K86,False
clean_3ULV.pdb,Experimental,PDB,Unknown,clean_3ULV,False
clean_7YIT.pdb,Experimental,PDB,Unknown,clean_7YIT,False
clean_6PXO.pdb,Experimental,PDB,Unknown,clean_6PXO,False
clean_4N90.pdb,Experimental,PDB,Unknown,clean_4N90,False
clean_6UVA.pdb,Experimental,PDB,Unknown,clean_6UVA,False
clean_9B8L.pdb,Experimental,PDB,Unknown,clean_9B8L,False
clean_7TVF.pdb,Experimental,PDB,Unknown,clean_7TVF,False
clean_1QGP.pdb,Experimental,PDB,Unknown,clean_1QGP,False
clean_8Q8U.pdb,Experimental,PDB,Unknown,clean_8Q8U,False
clean_5SHP.pdb,Experimental,PDB,Unknown,clean_5SHP,False
clean_6GGE.pdb,Experimental,PDB,Unknown,clean_6GGE,False
clean_4L0B.pdb,Experimental,PDB,Unknown,clean_4L0B,False
clean_8JCZ.pdb,Experimental,PDB,Unknown,clean_8JCZ,False
clean_4AHN.pdb,Experimental,PDB,Unknown,clean_4AHN,False
clean_8CQL.pdb,Experimental,PDB,Unknown,clean_8CQL,False
clean_8K6O.pdb,Experimental,PDB,Unknown,clean_8K6O,False
clean_3K5C.pdb,Experimental,PDB,Unknown,clean_3K5C,False
clean_7T1K.pdb,Experimental,PDB,Unknown,clean_7T1K,False
clean_2D7P.pdb,Experimental,PDB,Unknown,clean_2D7P,False
clean_1O43.pdb,Experimental,PDB,Unknown,clean_1O43,False
clean_5MS4.pdb,Experimental,PDB,Unknown,clean_5MS4,False
clean_5PYM.pdb,Experimental,PDB,Unknown,clean_5PYM,False
clean_3VP2.pdb,Experimental,PDB,Unknown,clean_3VP2,False
clean_4QMV.pdb,Experimental,PDB,Unknown,clean_4QMV,False
clean_5MJY.pdb,Experimental,PDB,Unknown,clean_5MJY,False
clean_3FZT.pdb,Experimental,PDB,Unknown,clean_3FZT,False
clean_2MXT.pdb,Experimental,PDB,Unknown,clean_2MXT,False
clean_7D5U.pdb,Experimental,PDB,Unknown,clean_7D5U,False
clean_5IUE.pdb,Experimental,PDB,Unknown,clean_5IUE,False
clean_5MKU.pdb,Experimental,PDB,Unknown,clean_5MKU,False
clean_6KTR.pdb,Experimental,PDB,Unknown,clean_6KTR,False
clean_5V46.pdb,Experimental,PDB,Unknown,clean_5V46,False
clean_4UP5.pdb,Experimental,PDB,Unknown,clean_4UP5,False
clean_2E6W.pdb,Experimental,PDB,Unknown,clean_2E6W,False
clean_3SJE.pdb,Experimental,PDB,Unknown,clean_3SJE,False
clean_4B0Q.pdb,Experimental,PDB,Unknown,clean_4B0Q,False
clean_9GNB.pdb,Experimental,PDB,Unknown,clean_9GNB,False
clean_6I64.pdb,Experimental,PDB,Unknown,clean_6I64,False
clean_8D3I.pdb,Experimental,PDB,Unknown,clean_8D3I,False
clean_5VV2.pdb,Experimental,PDB,Unknown,clean_5VV2,False
clean_4TK5.pdb,Experimental,PDB,Unknown,clean_4TK5,False
clean_3ITN.pdb,Experimental,PDB,Unknown,clean_3ITN,False
clean_1AMC.pdb,Experimental,PDB,Unknown,clean_1AMC,False
clean_4ACC.pdb,Experimental,PDB,Unknown,clean_4ACC,False
clean_2RIC.pdb,Experimental,PDB,Unknown,clean_2RIC,False
clean_1G96.pdb,Experimental,PDB,Unknown,clean_1G96,False
clean_7ZDD.pdb,Experimental,PDB,Unknown,clean_7ZDD,False
clean_1S1R.pdb,Experimental,PDB,Unknown,clean_1S1R,False
clean_5AJQ.pdb,Experimental,PDB,Unknown,clean_5AJQ,False
clean_4I0D.pdb,Experimental,PDB,Unknown,clean_4I0D,False
clean_8IJK.pdb,Experimental,PDB,Unknown,clean_8IJK,False
clean_4V01.pdb,Experimental,PDB,Unknown,clean_4V01,False
clean_5DAB.pdb,Experimental,PDB,Unknown,clean_5DAB,False
clean_7NCK.pdb,Experimental,PDB,Unknown,clean_7NCK,False
clean_6J8Y.pdb,Experimental,PDB,Unknown,clean_6J8Y,False
clean_4KFM.pdb,Experimental,PDB,Unknown,clean_4KFM,False
clean_8H37.pdb,Experimental,PDB,Unknown,clean_8H37,False
clean_2IS0.pdb,Experimental,PDB,Unknown,clean_2IS0,False
clean_5R64.pdb,Experimental,PDB,Unknown,clean_5R64,False
clean_8GE5.pdb,Experimental,PDB,Unknown,clean_8GE5,False
clean_8QJ2.pdb,Experimental,PDB,Unknown,clean_8QJ2,False
clean_2OYC.pdb,Experimental,PDB,Unknown,clean_2OYC,False
clean_1B08.pdb,Experimental,PDB,Unknown,clean_1B08,False
clean_6EDS.pdb,Experimental,PDB,Unknown,clean_6EDS,False
clean_5VAL.pdb,Experimental,PDB,Unknown,clean_5VAL,False
clean_1O4F.pdb,Experimental,PDB,Unknown,clean_1O4F,False
clean_5ADF.pdb,Experimental,PDB,Unknown,clean_5ADF,False
clean_3U2V.pdb,Experimental,PDB,Unknown,clean_3U2V,False
clean_2LGW.pdb,Experimental,PDB,Unknown,clean_2LGW,False
clean_3IOV.pdb,Experimental,PDB,Unknown,clean_3IOV,False
clean_7VT0.pdb,Experimental,PDB,Unknown,clean_7VT0,False
clean_7QQ4.pdb,Experimental,PDB,Unknown,clean_7QQ4,False
clean_4YDH.pdb,Experimental,PDB,Unknown,clean_4YDH,False
clean_4NDG.pdb,Experimental,PDB,Unknown,clean_4NDG,False
clean_3UEG.pdb,Experimental,PDB,Unknown,clean_3UEG,False
clean_8J04.pdb,Experimental,PDB,Unknown,clean_8J04,False
clean_3IDP.pdb,Experimental,PDB,Unknown,clean_3IDP,False
clean_7NE1.pdb,Experimental,PDB,Unknown,clean_7NE1,False
clean_7R94.pdb,Experimental,PDB,Unknown,clean_7R94,False
clean_2WGJ.pdb,Experimental,PDB,Unknown,clean_2WGJ,False
clean_7ORE.pdb,Experimental,PDB,Unknown,clean_7ORE,False
clean_8S5H.pdb,Experimental,PDB,Unknown,clean_8S5H,False
clean_7N6Z.pdb,Experimental,PDB,Unknown,clean_7N6Z,False
clean_7JXX.pdb,Experimental,PDB,Unknown,clean_7JXX,False
clean_7NCA.pdb,Experimental,PDB,Unknown,clean_7NCA,False
clean_1B1J.pdb,Experimental,PDB,Unknown,clean_1B1J,False
clean_7W3Z.pdb,Experimental,PDB,Unknown,clean_7W3Z,False
clean_8WWH.pdb,Experimental,PDB,Unknown,clean_8WWH,False
clean_9BXI.pdb,Experimental,PDB,Unknown,clean_9BXI,False
clean_8GEI.pdb,Experimental,PDB,Unknown,clean_8GEI,False
clean_3WYM.pdb,Experimental,PDB,Unknown,clean_3WYM,False
clean_5SG9.pdb,Experimental,PDB,Unknown,clean_5SG9,False
clean_7FI6.pdb,Experimental,PDB,Unknown,clean_7FI6,False
clean_5TO7.pdb,Experimental,PDB,Unknown,clean_5TO7,False
clean_5E2W.pdb,Experimental,PDB,Unknown,clean_5E2W,False
clean_2KBX.pdb,Experimental,PDB,Unknown,clean_2KBX,False
clean_6HOJ.pdb,Experimental,PDB,Unknown,clean_6HOJ,False
clean_6X3Z.pdb,Experimental,PDB,Unknown,clean_6X3Z,False
clean_6IPY.pdb,Experimental,PDB,Unknown,clean_6IPY,False
clean_9J31.pdb,Experimental,PDB,Unknown,clean_9J31,False
clean_8V1N.pdb,Experimental,PDB,Unknown,clean_8V1N,False
clean_3ZYJ.pdb,Experimental,PDB,Unknown,clean_3ZYJ,False
clean_5SKL.pdb,Experimental,PDB,Unknown,clean_5SKL,False
clean_8XJM.pdb,Experimental,PDB,Unknown,clean_8XJM,False
clean_6XMJ.pdb,Experimental,PDB,Unknown,clean_6XMJ,False
clean_2QEP.pdb,Experimental,PDB,Unknown,clean_2QEP,False
clean_6YO8.pdb,Experimental,PDB,Unknown,clean_6YO8,False
clean_2WF0.pdb,Experimental,PDB,Unknown,clean_2WF0,False
clean_6FE5.pdb,Experimental,PDB,Unknown,clean_6FE5,False
clean_8X2O.pdb,Experimental,PDB,Unknown,clean_8X2O,False
clean_5CI7.pdb,Experimental,PDB,Unknown,clean_5CI7,False
clean_7QKH.pdb,Experimental,PDB,Unknown,clean_7QKH,False
clean_8YHL.pdb,Experimental,PDB,Unknown,clean_8YHL,False
clean_3ZFM.pdb,Experimental,PDB,Unknown,clean_3ZFM,False
clean_1VFD.pdb,Experimental,PDB,Unknown,clean_1VFD,False
clean_8T4M.pdb,Experimental,PDB,Unknown,clean_8T4M,False
clean_1OBX.pdb,Experimental,PDB,Unknown,clean_1OBX,False
clean_5O1F.pdb,Experimental,PDB,Unknown,clean_5O1F,False
clean_8HJ5.pdb,Experimental,PDB,Unknown,clean_8HJ5,False
clean_6G2U.pdb,Experimental,PDB,Unknown,clean_6G2U,False
clean_6OO9.pdb,Experimental,PDB,Unknown,clean_6OO9,False
clean_7E8G.pdb,Experimental,PDB,Unknown,clean_7E8G,False
clean_8BIO.pdb,Experimental,PDB,Unknown,clean_8BIO,False
clean_2OOT.pdb,Experimental,PDB,Unknown,clean_2OOT,False
clean_4MQE.pdb,Experimental,PDB,Unknown,clean_4MQE,False
clean_2J33.pdb,Experimental,PDB,Unknown,clean_2J33,False
clean_1O41.pdb,Experimental,PDB,Unknown,clean_1O41,False
clean_4WDW.pdb,Experimental,PDB,Unknown,clean_4WDW,False
clean_1HCF.pdb,Experimental,PDB,Unknown,clean_1HCF,False
clean_2GLI.pdb,Experimental,PDB,Unknown,clean_2GLI,False
clean_9DA3.pdb,Experimental,PDB,Unknown,clean_9DA3,False
clean_4BKW.pdb,Experimental,PDB,Unknown,clean_4BKW,False
clean_5JZJ.pdb,Experimental,PDB,Unknown,clean_5JZJ,False
clean_3WU1.pdb,Experimental,PDB,Unknown,clean_3WU1,False
clean_7NDG.pdb,Experimental,PDB,Unknown,clean_7NDG,False
clean_7FSQ.pdb,Experimental,PDB,Unknown,clean_7FSQ,False
clean_5HUI.pdb,Experimental,PDB,Unknown,clean_5HUI,False
clean_8YGX.pdb,Experimental,PDB,Unknown,clean_8YGX,False
clean_7KVH.pdb,Experimental,PDB,Unknown,clean_7KVH,False
clean_4LMZ.pdb,Experimental,PDB,Unknown,clean_4LMZ,False
clean_3F5N.pdb,Experimental,PDB,Unknown,clean_3F5N,False
clean_2K03.pdb,Experimental,PDB,Unknown,clean_2K03,False
clean_6A7E.pdb,Experimental,PDB,Unknown,clean_6A7E,False
clean_8GG1.pdb,Experimental,PDB,Unknown,clean_8GG1,False
clean_2UZX.pdb,Experimental,PDB,Unknown,clean_2UZX,False
clean_9IY8.pdb,Experimental,PDB,Unknown,clean_9IY8,False
clean_4X0M.pdb,Experimental,PDB,Unknown,clean_4X0M,False
clean_6SI4.pdb,Experimental,PDB,Unknown,clean_6SI4,False
clean_4OVV.pdb,Experimental,PDB,Unknown,clean_4OVV,False
clean_2KNY.pdb,Experimental,PDB,Unknown,clean_2KNY,False
clean_1AS4.pdb,Experimental,PDB,Unknown,clean_1AS4,False
clean_4RZF.pdb,Experimental,PDB,Unknown,clean_4RZF,False
clean_2OAH.pdb,Experimental,PDB,Unknown,clean_2OAH,False
clean_2DBM.pdb,Experimental,PDB,Unknown,clean_2DBM,False
clean_4L87.pdb,Experimental,PDB,Unknown,clean_4L87,False
clean_6K42.pdb,Experimental,PDB,Unknown,clean_6K42,False
clean_7D9S.pdb,Experimental,PDB,Unknown,clean_7D9S,False
clean_7FSW.pdb,Experimental,PDB,Unknown,clean_7FSW,False
clean_4MSC.pdb,Experimental,PDB,Unknown,clean_4MSC,False
clean_7FJI.pdb,Experimental,PDB,Unknown,clean_7FJI,False
clean_2GF0.pdb,Experimental,PDB,Unknown,clean_2GF0,False
clean_6IIS.pdb,Experimental,PDB,Unknown,clean_6IIS,False
clean_5SI1.pdb,Experimental,PDB,Unknown,clean_5SI1,False
clean_5SEK.pdb,Experimental,PDB,Unknown,clean_5SEK,False
clean_8IKG.pdb,Experimental,PDB,Unknown,clean_8IKG,False
clean_5Y3A.pdb,Experimental,PDB,Unknown,clean_5Y3A,False
clean_1X57.pdb,Experimental,PDB,Unknown,clean_1X57,False
clean_4R0W.pdb,Experimental,PDB,Unknown,clean_4R0W,False
clean_2QJ9.pdb,Experimental,PDB,Unknown,clean_2QJ9,False
clean_3FJJ.pdb,Experimental,PDB,Unknown,clean_3FJJ,False
clean_6EMQ.pdb,Experimental,PDB,Unknown,clean_6EMQ,False
clean_8XN6.pdb,Experimental,PDB,Unknown,clean_8XN6,False
clean_2N4W.pdb,Experimental,PDB,Unknown,clean_2N4W,False
clean_4L0V.pdb,Experimental,PDB,Unknown,clean_4L0V,False
clean_2VUK.pdb,Experimental,PDB,Unknown,clean_2VUK,False
clean_5SIZ.pdb,Experimental,PDB,Unknown,clean_5SIZ,False
clean_3JXF.pdb,Experimental,PDB,Unknown,clean_3JXF,False
clean_5OTW.pdb,Experimental,PDB,Unknown,clean_5OTW,False
clean_6H4K.pdb,Experimental,PDB,Unknown,clean_6H4K,False
clean_4O3T.pdb,Experimental,PDB,Unknown,clean_4O3T,False
clean_5FI7.pdb,Experimental,PDB,Unknown,clean_5FI7,False
clean_8A4J.pdb,Experimental,PDB,Unknown,clean_8A4J,False
clean_5VEI.pdb,Experimental,PDB,Unknown,clean_5VEI,False
clean_6NWP.pdb,Experimental,PDB,Unknown,clean_6NWP,False
clean_3GHV.pdb,Experimental,PDB,Unknown,clean_3GHV,False
clean_6NGC.pdb,Experimental,PDB,Unknown,clean_6NGC,False
clean_6OOA.pdb,Experimental,PDB,Unknown,clean_6OOA,False
clean_1JXV.pdb,Experimental,PDB,Unknown,clean_1JXV,False
clean_7Y89.pdb,Experimental,PDB,Unknown,clean_7Y89,False
clean_3HGZ.pdb,Experimental,PDB,Unknown,clean_3HGZ,False
clean_4RMD.pdb,Experimental,PDB,Unknown,clean_4RMD,False
clean_7M8I.pdb,Experimental,PDB,Unknown,clean_7M8I,False
clean_9EZN.pdb,Experimental,PDB,Unknown,clean_9EZN,False
clean_5IZA.pdb,Experimental,PDB,Unknown,clean_5IZA,False
clean_4BUZ.pdb,Experimental,PDB,Unknown,clean_4BUZ,False
clean_3S7S.pdb,Experimental,PDB,Unknown,clean_3S7S,False
clean_5SEZ.pdb,Experimental,PDB,Unknown,clean_5SEZ,False
clean_8BSL.pdb,Experimental,PDB,Unknown,clean_8BSL,False
clean_8UNV.pdb,Experimental,PDB,Unknown,clean_8UNV,False
clean_5I9T.pdb,Experimental,PDB,Unknown,clean_5I9T,False
clean_7S8P.pdb,Experimental,PDB,Unknown,clean_7S8P,False
clean_3KZ8.pdb,Experimental,PDB,Unknown,clean_3KZ8,False
clean_3QZS.pdb,Experimental,PDB,Unknown,clean_3QZS,False
clean_4OC5.pdb,Experimental,PDB,Unknown,clean_4OC5,False
clean_1ZGL.pdb,Experimental,PDB,Unknown,clean_1ZGL,False
clean_4XR8.pdb,Experimental,PDB,Unknown,clean_4XR8,False
clean_3NSP.pdb,Experimental,PDB,Unknown,clean_3NSP,False
clean_8TG9.pdb,Experimental,PDB,Unknown,clean_8TG9,False
clean_6DCA.pdb,Experimental,PDB,Unknown,clean_6DCA,False
clean_1WI1.pdb,Experimental,PDB,Unknown,clean_1WI1,False
clean_6DAF.pdb,Experimental,PDB,Unknown,clean_6DAF,False
clean_6REV.pdb,Experimental,PDB,Unknown,clean_6REV,False
clean_6OB2.pdb,Experimental,PDB,Unknown,clean_6OB2,False
clean_2LYW.pdb,Experimental,PDB,Unknown,clean_2LYW,False
clean_1H4R.pdb,Experimental,PDB,Unknown,clean_1H4R,False
clean_2LK4.pdb,Experimental,PDB,Unknown,clean_2LK4,False
clean_4YEP.pdb,Experimental,PDB,Unknown,clean_4YEP,False
clean_9J8C.pdb,Experimental,PDB,Unknown,clean_9J8C,False
clean_6ZVP.pdb,Experimental,PDB,Unknown,clean_6ZVP,False
clean_7STX.pdb,Experimental,PDB,Unknown,clean_7STX,False
clean_2XFJ.pdb,Experimental,PDB,Unknown,clean_2XFJ,False
clean_4MBJ.pdb,Experimental,PDB,Unknown,clean_4MBJ,False
clean_5OTX.pdb,Experimental,PDB,Unknown,clean_5OTX,False
clean_2G35.pdb,Experimental,PDB,Unknown,clean_2G35,False
clean_1Q41.pdb,Experimental,PDB,Unknown,clean_1Q41,False
clean_8G2Y.pdb,Experimental,PDB,Unknown,clean_8G2Y,False
clean_5SFP.pdb,Experimental,PDB,Unknown,clean_5SFP,False
clean_5PZ9.pdb,Experimental,PDB,Unknown,clean_5PZ9,False
clean_7U2K.pdb,Experimental,PDB,Unknown,clean_7U2K,False
clean_2ZJH.pdb,Experimental,PDB,Unknown,clean_2ZJH,False
clean_7OZH.pdb,Experimental,PDB,Unknown,clean_7OZH,False
clean_8ZPL.pdb,Experimental,PDB,Unknown,clean_8ZPL,False
clean_8OP9.pdb,Experimental,PDB,Unknown,clean_8OP9,False
clean_8FN8.pdb,Experimental,PDB,Unknown,clean_8FN8,False
clean_8WU1.pdb,Experimental,PDB,Unknown,clean_8WU1,False
clean_4U32.pdb,Experimental,PDB,Unknown,clean_4U32,False
clean_7EPD.pdb,Experimental,PDB,Unknown,clean_7EPD,False
clean_7LU8.pdb,Experimental,PDB,Unknown,clean_7LU8,False
clean_7NSG.pdb,Experimental,PDB,Unknown,clean_7NSG,False
clean_5R4T.pdb,Experimental,PDB,Unknown,clean_5R4T,False
clean_5PZD.pdb,Experimental,PDB,Unknown,clean_5PZD,False
clean_2ZXZ.pdb,Experimental,PDB,Unknown,clean_2ZXZ,False
clean_5JGI.pdb,Experimental,PDB,Unknown,clean_5JGI,False
clean_6J8J.pdb,Experimental,PDB,Unknown,clean_6J8J,False
clean_7LBO.pdb,Experimental,PDB,Unknown,clean_7LBO,False
clean_5E6C.pdb,Experimental,PDB,Unknown,clean_5E6C,False
clean_8E0Q.pdb,Experimental,PDB,Unknown,clean_8E0Q,False
clean_5YIR.pdb,Experimental,PDB,Unknown,clean_5YIR,False
clean_4MUW.pdb,Experimental,PDB,Unknown,clean_4MUW,False
clean_3D6T.pdb,Experimental,PDB,Unknown,clean_3D6T,False
clean_5NW2.pdb,Experimental,PDB,Unknown,clean_5NW2,False
clean_6N0R.pdb,Experimental,PDB,Unknown,clean_6N0R,False
clean_5PZG.pdb,Experimental,PDB,Unknown,clean_5PZG,False
clean_6PXN.pdb,Experimental,PDB,Unknown,clean_6PXN,False
clean_6EHP.pdb,Experimental,PDB,Unknown,clean_6EHP,False
clean_2MZ2.pdb,Experimental,PDB,Unknown,clean_2MZ2,False
clean_9BJU.pdb,Experimental,PDB,Unknown,clean_9BJU,False
clean_6UL9.pdb,Experimental,PDB,Unknown,clean_6UL9,False
clean_2NO2.pdb,Experimental,PDB,Unknown,clean_2NO2,False
clean_4R1V.pdb,Experimental,PDB,Unknown,clean_4R1V,False
clean_8GUT.pdb,Experimental,PDB,Unknown,clean_8GUT,False
clean_4IVO.pdb,Experimental,PDB,Unknown,clean_4IVO,False
clean_5SEB.pdb,Experimental,PDB,Unknown,clean_5SEB,False
clean_7C7H.pdb,Experimental,PDB,Unknown,clean_7C7H,False
clean_8GTG.pdb,Experimental,PDB,Unknown,clean_8GTG,False
clean_3E88.pdb,Experimental,PDB,Unknown,clean_3E88,False
clean_3KR7.pdb,Experimental,PDB,Unknown,clean_3KR7,False
clean_8TZI.pdb,Experimental,PDB,Unknown,clean_8TZI,False
clean_5ILS.pdb,Experimental,PDB,Unknown,clean_5ILS,False
clean_5MO3.pdb,Experimental,PDB,Unknown,clean_5MO3,False
clean_3BAO.pdb,Experimental,PDB,Unknown,clean_3BAO,False
clean_8AU3.pdb,Experimental,PDB,Unknown,clean_8AU3,False
clean_7V3S.pdb,Experimental,PDB,Unknown,clean_7V3S,False
clean_4EHE.pdb,Experimental,PDB,Unknown,clean_4EHE,False
clean_6A7C.pdb,Experimental,PDB,Unknown,clean_6A7C,False
clean_8T2M.pdb,Experimental,PDB,Unknown,clean_8T2M,False
clean_1L5T.pdb,Experimental,PDB,Unknown,clean_1L5T,False
clean_8FLU.pdb,Experimental,PDB,Unknown,clean_8FLU,False
clean_1BA4.pdb,Experimental,PDB,Unknown,clean_1BA4,False
clean_8E3X.pdb,Experimental,PDB,Unknown,clean_8E3X,False
clean_7PGP.pdb,Experimental,PDB,Unknown,clean_7PGP,False
clean_2E8N.pdb,Experimental,PDB,Unknown,clean_2E8N,False
clean_5KBD.pdb,Experimental,PDB,Unknown,clean_5KBD,False
clean_3KTM.pdb,Experimental,PDB,Unknown,clean_3KTM,False
clean_6DJI.pdb,Experimental,PDB,Unknown,clean_6DJI,False
clean_8JHB.pdb,Experimental,PDB,Unknown,clean_8JHB,False
clean_3FZO.pdb,Experimental,PDB,Unknown,clean_3FZO,False
clean_7SBF.pdb,Experimental,PDB,Unknown,clean_7SBF,False
clean_4FG9.pdb,Experimental,PDB,Unknown,clean_4FG9,False
clean_2XIK.pdb,Experimental,PDB,Unknown,clean_2XIK,False
clean_5SJE.pdb,Experimental,PDB,Unknown,clean_5SJE,False
clean_8X43.pdb,Experimental,PDB,Unknown,clean_8X43,False
clean_9AYF.pdb,Experimental,PDB,Unknown,clean_9AYF,False
clean_2OUQ.pdb,Experimental,PDB,Unknown,clean_2OUQ,False
clean_3FJD.pdb,Experimental,PDB,Unknown,clean_3FJD,False
clean_6N5W.pdb,Experimental,PDB,Unknown,clean_6N5W,False
clean_2H2F.pdb,Experimental,PDB,Unknown,clean_2H2F,False
clean_8TZP.pdb,Experimental,PDB,Unknown,clean_8TZP,False
clean_6MA4.pdb,Experimental,PDB,Unknown,clean_6MA4,False
clean_8AR1.pdb,Experimental,PDB,Unknown,clean_8AR1,False
clean_6FEH.pdb,Experimental,PDB,Unknown,clean_6FEH,False
clean_3WTY.pdb,Experimental,PDB,Unknown,clean_3WTY,False
clean_5OOB.pdb,Experimental,PDB,Unknown,clean_5OOB,False
clean_5NK3.pdb,Experimental,PDB,Unknown,clean_5NK3,False
clean_6EOU.pdb,Experimental,PDB,Unknown,clean_6EOU,False
clean_8FU6.pdb,Experimental,PDB,Unknown,clean_8FU6,False
clean_5AR3.pdb,Experimental,PDB,Unknown,clean_5AR3,False
clean_2ANG.pdb,Experimental,PDB,Unknown,clean_2ANG,False
clean_5ELT.pdb,Experimental,PDB,Unknown,clean_5ELT,False
clean_8DDW.pdb,Experimental,PDB,Unknown,clean_8DDW,False
clean_5SFZ.pdb,Experimental,PDB,Unknown,clean_5SFZ,False
clean_8AVO.pdb,Experimental,PDB,Unknown,clean_8AVO,False
clean_2MRJ.pdb,Experimental,PDB,Unknown,clean_2MRJ,False
clean_8EFB.pdb,Experimental,PDB,Unknown,clean_8EFB,False
clean_2DIB.pdb,Experimental,PDB,Unknown,clean_2DIB,False
clean_9BU3.pdb,Experimental,PDB,Unknown,clean_9BU3,False
clean_8P5I.pdb,Experimental,PDB,Unknown,clean_8P5I,False
clean_3ZNO.pdb,Experimental,PDB,Unknown,clean_3ZNO,False
clean_3PSB.pdb,Experimental,PDB,Unknown,clean_3PSB,False
clean_2O3T.pdb,Experimental,PDB,Unknown,clean_2O3T,False
clean_1NM8.pdb,Experimental,PDB,Unknown,clean_1NM8,False
clean_4ENO.pdb,Experimental,PDB,Unknown,clean_4ENO,False
clean_8BEB.pdb,Experimental,PDB,Unknown,clean_8BEB,False
clean_4RCE.pdb,Experimental,PDB,Unknown,clean_4RCE,False
clean_2KI6.pdb,Experimental,PDB,Unknown,clean_2KI6,False
clean_2V37.pdb,Experimental,PDB,Unknown,clean_2V37,False
clean_4RKK.pdb,Experimental,PDB,Unknown,clean_4RKK,False
clean_4YOC.pdb,Experimental,PDB,Unknown,clean_4YOC,False
clean_2JLD.pdb,Experimental,PDB,Unknown,clean_2JLD,False
clean_8YN9.pdb,Experimental,PDB,Unknown,clean_8YN9,False
clean_3INH.pdb,Experimental,PDB,Unknown,clean_3INH,False
clean_7VNQ.pdb,Experimental,PDB,Unknown,clean_7VNQ,False
clean_8YU7.pdb,Experimental,PDB,Unknown,clean_8YU7,False
clean_1YK0.pdb,Experimental,PDB,Unknown,clean_1YK0,False
clean_6S7O.pdb,Experimental,PDB,Unknown,clean_6S7O,False
clean_9D61.pdb,Experimental,PDB,Unknown,clean_9D61,False
clean_3OXI.pdb,Experimental,PDB,Unknown,clean_3OXI,False
clean_8E6T.pdb,Experimental,PDB,Unknown,clean_8E6T,False
clean_8ZRK.pdb,Experimental,PDB,Unknown,clean_8ZRK,False
clean_7F7O.pdb,Experimental,PDB,Unknown,clean_7F7O,False
clean_5SFI.pdb,Experimental,PDB,Unknown,clean_5SFI,False
clean_6KOR.pdb,Experimental,PDB,Unknown,clean_6KOR,False
clean_7F9Y.pdb,Experimental,PDB,Unknown,clean_7F9Y,False
clean_5PY1.pdb,Experimental,PDB,Unknown,clean_5PY1,False
clean_7SXA.pdb,Experimental,PDB,Unknown,clean_7SXA,False
clean_4IE6.pdb,Experimental,PDB,Unknown,clean_4IE6,False
clean_5CSN.pdb,Experimental,PDB,Unknown,clean_5CSN,False
clean_1DHF.pdb,Experimental,PDB,Unknown,clean_1DHF,False
clean_6RKI.pdb,Experimental,PDB,Unknown,clean_6RKI,False
clean_3R5M.pdb,Experimental,PDB,Unknown,clean_3R5M,False
clean_7ATU.pdb,Experimental,PDB,Unknown,clean_7ATU,False
clean_8TIO.pdb,Experimental,PDB,Unknown,clean_8TIO,False
clean_8IA8.pdb,Experimental,PDB,Unknown,clean_8IA8,False
clean_4L9M.pdb,Experimental,PDB,Unknown,clean_4L9M,False
clean_3JZH.pdb,Experimental,PDB,Unknown,clean_3JZH,False
clean_5QGV.pdb,Experimental,PDB,Unknown,clean_5QGV,False
clean_5Z8H.pdb,Experimental,PDB,Unknown,clean_5Z8H,False
clean_2OHQ.pdb,Experimental,PDB,Unknown,clean_2OHQ,False
clean_6JSE.pdb,Experimental,PDB,Unknown,clean_6JSE,False
clean_3MXC.pdb,Experimental,PDB,Unknown,clean_3MXC,False
clean_5O4A.pdb,Experimental,PDB,Unknown,clean_5O4A,False
clean_4LKQ.pdb,Experimental,PDB,Unknown,clean_4LKQ,False
clean_9C1A.pdb,Experimental,PDB,Unknown,clean_9C1A,False
clean_6QEX.pdb,Experimental,PDB,Unknown,clean_6QEX,False
clean_1M16.pdb,Experimental,PDB,Unknown,clean_1M16,False
clean_8JP0.pdb,Experimental,PDB,Unknown,clean_8JP0,False
clean_4EHH.pdb,Experimental,PDB,Unknown,clean_4EHH,False
clean_2RFS.pdb,Experimental,PDB,Unknown,clean_2RFS,False
clean_1XQH.pdb,Experimental,PDB,Unknown,clean_1XQH,False
clean_3R2F.pdb,Experimental,PDB,Unknown,clean_3R2F,False
clean_4AHH.pdb,Experimental,PDB,Unknown,clean_4AHH,False
clean_7P4I.pdb,Experimental,PDB,Unknown,clean_7P4I,False
clean_5SKI.pdb,Experimental,PDB,Unknown,clean_5SKI,False
clean_7NCJ.pdb,Experimental,PDB,Unknown,clean_7NCJ,False
clean_4MCQ.pdb,Experimental,PDB,Unknown,clean_4MCQ,False
clean_4XWG.pdb,Experimental,PDB,Unknown,clean_4XWG,False
clean_5QGR.pdb,Experimental,PDB,Unknown,clean_5QGR,False
clean_5SHV.pdb,Experimental,PDB,Unknown,clean_5SHV,False
clean_7NRV.pdb,Experimental,PDB,Unknown,clean_7NRV,False
clean_7YMH.pdb,Experimental,PDB,Unknown,clean_7YMH,False
clean_7D36.pdb,Experimental,PDB,Unknown,clean_7D36,False
clean_4L34.pdb,Experimental,PDB,Unknown,clean_4L34,False
clean_9CTP.pdb,Experimental,PDB,Unknown,clean_9CTP,False
clean_2G56.pdb,Experimental,PDB,Unknown,clean_2G56,False
clean_7CQ7.pdb,Experimental,PDB,Unknown,clean_7CQ7,False
clean_8C8C.pdb,Experimental,PDB,Unknown,clean_8C8C,False
clean_6GTT.pdb,Experimental,PDB,Unknown,clean_6GTT,False
clean_2IMG.pdb,Experimental,PDB,Unknown,clean_2IMG,False
clean_4KBK.pdb,Experimental,PDB,Unknown,clean_4KBK,False
clean_9GE3.pdb,Experimental,PDB,Unknown,clean_9GE3,False
clean_7P3J.pdb,Experimental,PDB,Unknown,clean_7P3J,False
clean_8FH3.pdb,Experimental,PDB,Unknown,clean_8FH3,False
clean_7Y1F.pdb,Experimental,PDB,Unknown,clean_7Y1F,False
clean_4AJG.pdb,Experimental,PDB,Unknown,clean_4AJG,False
clean_8I5X.pdb,Experimental,PDB,Unknown,clean_8I5X,False
clean_1YM4.pdb,Experimental,PDB,Unknown,clean_1YM4,False
clean_6LTJ.pdb,Experimental,PDB,Unknown,clean_6LTJ,False
clean_3UMH.pdb,Experimental,PDB,Unknown,clean_3UMH,False
clean_4XYN.pdb,Experimental,PDB,Unknown,clean_4XYN,False
clean_7CIO.pdb,Experimental,PDB,Unknown,clean_7CIO,False
clean_6C19.pdb,Experimental,PDB,Unknown,clean_6C19,False
clean_7XMR.pdb,Experimental,PDB,Unknown,clean_7XMR,False
clean_2CFT.pdb,Experimental,PDB,Unknown,clean_2CFT,False
clean_6NFJ.pdb,Experimental,PDB,Unknown,clean_6NFJ,False
clean_4NP8.pdb,Experimental,PDB,Unknown,clean_4NP8,False
clean_5XS2.pdb,Experimental,PDB,Unknown,clean_5XS2,False
clean_1S2C.pdb,Experimental,PDB,Unknown,clean_1S2C,False
clean_7WU2.pdb,Experimental,PDB,Unknown,clean_7WU2,False
clean_5HE1.pdb,Experimental,PDB,Unknown,clean_5HE1,False
clean_2LZ4.pdb,Experimental,PDB,Unknown,clean_2LZ4,False
clean_2K9Y.pdb,Experimental,PDB,Unknown,clean_2K9Y,False
clean_1B4F.pdb,Experimental,PDB,Unknown,clean_1B4F,False
clean_7RZF.pdb,Experimental,PDB,Unknown,clean_7RZF,False
clean_8UFQ.pdb,Experimental,PDB,Unknown,clean_8UFQ,False
clean_1ZXM.pdb,Experimental,PDB,Unknown,clean_1ZXM,False
clean_5H14.pdb,Experimental,PDB,Unknown,clean_5H14,False
clean_9ITB.pdb,Experimental,PDB,Unknown,clean_9ITB,False
clean_7BRQ.pdb,Experimental,PDB,Unknown,clean_7BRQ,False
clean_8SMC.pdb,Experimental,PDB,Unknown,clean_8SMC,False
clean_1KMS.pdb,Experimental,PDB,Unknown,clean_1KMS,False
clean_4EWO.pdb,Experimental,PDB,Unknown,clean_4EWO,False
clean_1DRF.pdb,Experimental,PDB,Unknown,clean_1DRF,False
clean_5J06.pdb,Experimental,PDB,Unknown,clean_5J06,False
clean_2D4Q.pdb,Experimental,PDB,Unknown,clean_2D4Q,False
clean_6KZO.pdb,Experimental,PDB,Unknown,clean_6KZO,False
clean_4L2Y.pdb,Experimental,PDB,Unknown,clean_4L2Y,False
clean_6CVS.pdb,Experimental,PDB,Unknown,clean_6CVS,False
clean_5SGO.pdb,Experimental,PDB,Unknown,clean_5SGO,False
clean_5C1W.pdb,Experimental,PDB,Unknown,clean_5C1W,False
clean_9CZI.pdb,Experimental,PDB,Unknown,clean_9CZI,False
clean_2P69.pdb,Experimental,PDB,Unknown,clean_2P69,False
clean_4MS1.pdb,Experimental,PDB,Unknown,clean_4MS1,False
clean_3RK2.pdb,Experimental,PDB,Unknown,clean_3RK2,False
clean_8GGB.pdb,Experimental,PDB,Unknown,clean_8GGB,False
clean_5TVN.pdb,Experimental,PDB,Unknown,clean_5TVN,False
clean_4XUE.pdb,Experimental,PDB,Unknown,clean_4XUE,False
clean_3O19.pdb,Experimental,PDB,Unknown,clean_3O19,False
clean_5SIK.pdb,Experimental,PDB,Unknown,clean_5SIK,False
clean_8PVY.pdb,Experimental,PDB,Unknown,clean_8PVY,False
clean_2RND.pdb,Experimental,PDB,Unknown,clean_2RND,False
clean_8E92.pdb,Experimental,PDB,Unknown,clean_8E92,False
clean_5FB0.pdb,Experimental,PDB,Unknown,clean_5FB0,False
clean_8OT1.pdb,Experimental,PDB,Unknown,clean_8OT1,False
clean_5LF7.pdb,Experimental,PDB,Unknown,clean_5LF7,False
clean_5O71.pdb,Experimental,PDB,Unknown,clean_5O71,False
clean_8IF4.pdb,Experimental,PDB,Unknown,clean_8IF4,False
clean_4UIS.pdb,Experimental,PDB,Unknown,clean_4UIS,False
clean_3DPK.pdb,Experimental,PDB,Unknown,clean_3DPK,False
clean_1RGW.pdb,Experimental,PDB,Unknown,clean_1RGW,False
clean_8WCB.pdb,Experimental,PDB,Unknown,clean_8WCB,False
clean_6DC8.pdb,Experimental,PDB,Unknown,clean_6DC8,False
clean_7RZH.pdb,Experimental,PDB,Unknown,clean_7RZH,False
clean_7UTZ.pdb,Experimental,PDB,Unknown,clean_7UTZ,False
clean_8YUU.pdb,Experimental,PDB,Unknown,clean_8YUU,False
clean_8Q92.pdb,Experimental,PDB,Unknown,clean_8Q92,False
clean_7EZH.pdb,Experimental,PDB,Unknown,clean_7EZH,False
clean_2YLE.pdb,Experimental,PDB,Unknown,clean_2YLE,False
clean_3CCZ.pdb,Experimental,PDB,Unknown,clean_3CCZ,False
clean_1EHW.pdb,Experimental,PDB,Unknown,clean_1EHW,False
clean_6RL3.pdb,Experimental,PDB,Unknown,clean_6RL3,False
clean_4TJW.pdb,Experimental,PDB,Unknown,clean_4TJW,False
clean_7MRZ.pdb,Experimental,PDB,Unknown,clean_7MRZ,False
clean_9B4T.pdb,Experimental,PDB,Unknown,clean_9B4T,False
clean_9JKQ.pdb,Experimental,PDB,Unknown,clean_9JKQ,False
clean_6NE2.pdb,Experimental,PDB,Unknown,clean_6NE2,False
clean_7MGE.pdb,Experimental,PDB,Unknown,clean_7MGE,False
clean_5C5Q.pdb,Experimental,PDB,Unknown,clean_5C5Q,False
clean_5NK1.pdb,Experimental,PDB,Unknown,clean_5NK1,False
clean_8X54.pdb,Experimental,PDB,Unknown,clean_8X54,False
clean_5QU9.pdb,Experimental,PDB,Unknown,clean_5QU9,False
clean_4RMG.pdb,Experimental,PDB,Unknown,clean_4RMG,False
clean_3Q5E.pdb,Experimental,PDB,Unknown,clean_3Q5E,False
clean_3UEE.pdb,Experimental,PDB,Unknown,clean_3UEE,False
clean_6KBI.pdb,Experimental,PDB,Unknown,clean_6KBI,False
clean_8OQI.pdb,Experimental,PDB,Unknown,clean_8OQI,False
clean_1MSZ.pdb,Experimental,PDB,Unknown,clean_1MSZ,False
clean_4L3P.pdb,Experimental,PDB,Unknown,clean_4L3P,False
clean_6DJF.pdb,Experimental,PDB,Unknown,clean_6DJF,False
clean_8RQL.pdb,Experimental,PDB,Unknown,clean_8RQL,False
clean_2DGP.pdb,Experimental,PDB,Unknown,clean_2DGP,False
clean_8RKQ.pdb,Experimental,PDB,Unknown,clean_8RKQ,False
clean_6H7Z.pdb,Experimental,PDB,Unknown,clean_6H7Z,False
clean_1CJM.pdb,Experimental,PDB,Unknown,clean_1CJM,False
clean_8FMZ.pdb,Experimental,PDB,Unknown,clean_8FMZ,False
clean_5QD8.pdb,Experimental,PDB,Unknown,clean_5QD8,False
clean_3U0T.pdb,Experimental,PDB,Unknown,clean_3U0T,False
clean_2XFI.pdb,Experimental,PDB,Unknown,clean_2XFI,False
clean_3W6P.pdb,Experimental,PDB,Unknown,clean_3W6P,False
clean_3IFL.pdb,Experimental,PDB,Unknown,clean_3IFL,False
clean_3O8V.pdb,Experimental,PDB,Unknown,clean_3O8V,False
clean_7FT0.pdb,Experimental,PDB,Unknown,clean_7FT0,False
clean_9L3Y.pdb,Experimental,PDB,Unknown,clean_9L3Y,False
clean_9EW2.pdb,Experimental,PDB,Unknown,clean_9EW2,False
clean_3A7F.pdb,Experimental,PDB,Unknown,clean_3A7F,False
clean_8H04.pdb,Experimental,PDB,Unknown,clean_8H04,False
clean_5V45.pdb,Experimental,PDB,Unknown,clean_5V45,False
clean_8YP1.pdb,Experimental,PDB,Unknown,clean_8YP1,False
clean_2O4H.pdb,Experimental,PDB,Unknown,clean_2O4H,False
clean_5NPR.pdb,Experimental,PDB,Unknown,clean_5NPR,False
clean_2R2P.pdb,Experimental,PDB,Unknown,clean_2R2P,False
clean_4CNT.pdb,Experimental,PDB,Unknown,clean_4CNT,False
clean_2BDF.pdb,Experimental,PDB,Unknown,clean_2BDF,False
clean_5SGY.pdb,Experimental,PDB,Unknown,clean_5SGY,False
clean_5SEX.pdb,Experimental,PDB,Unknown,clean_5SEX,False
clean_4E0N.pdb,Experimental,PDB,Unknown,clean_4E0N,False
clean_7QG6.pdb,Experimental,PDB,Unknown,clean_7QG6,False
clean_4P45.pdb,Experimental,PDB,Unknown,clean_4P45,False
clean_4XVD.pdb,Experimental,PDB,Unknown,clean_4XVD,False
clean_1QX3.pdb,Experimental,PDB,Unknown,clean_1QX3,False
clean_8GJF.pdb,Experimental,PDB,Unknown,clean_8GJF,False
clean_2ZHS.pdb,Experimental,PDB,Unknown,clean_2ZHS,False
clean_3OTF.pdb,Experimental,PDB,Unknown,clean_3OTF,False
clean_5EC9.pdb,Experimental,PDB,Unknown,clean_5EC9,False
clean_5ZMC.pdb,Experimental,PDB,Unknown,clean_5ZMC,False
clean_8X7M.pdb,Experimental,PDB,Unknown,clean_8X7M,False
clean_5XKM.pdb,Experimental,PDB,Unknown,clean_5XKM,False
clean_7X0S.pdb,Experimental,PDB,Unknown,clean_7X0S,False
clean_4ZJS.pdb,Experimental,PDB,Unknown,clean_4ZJS,False
clean_2F8Y.pdb,Experimental,PDB,Unknown,clean_2F8Y,False
clean_9EOU.pdb,Experimental,PDB,Unknown,clean_9EOU,False
clean_8POK.pdb,Experimental,PDB,Unknown,clean_8POK,False
clean_8FLQ.pdb,Experimental,PDB,Unknown,clean_8FLQ,False
clean_7LRO.pdb,Experimental,PDB,Unknown,clean_7LRO,False
clean_6R3S.pdb,Experimental,PDB,Unknown,clean_6R3S,False
clean_6BF7.pdb,Experimental,PDB,Unknown,clean_6BF7,False
clean_5R67.pdb,Experimental,PDB,Unknown,clean_5R67,False
clean_6SFB.pdb,Experimental,PDB,Unknown,clean_6SFB,False
clean_8EPM.pdb,Experimental,PDB,Unknown,clean_8EPM,False
clean_6MIZ.pdb,Experimental,PDB,Unknown,clean_6MIZ,False
clean_4W9I.pdb,Experimental,PDB,Unknown,clean_4W9I,False
clean_3S95.pdb,Experimental,PDB,Unknown,clean_3S95,False
clean_3RTH.pdb,Experimental,PDB,Unknown,clean_3RTH,False
clean_8J20.pdb,Experimental,PDB,Unknown,clean_8J20,False
clean_7WC4.pdb,Experimental,PDB,Unknown,clean_7WC4,False
clean_8B46.pdb,Experimental,PDB,Unknown,clean_8B46,False
clean_5SKG.pdb,Experimental,PDB,Unknown,clean_5SKG,False
clean_1NZK.pdb,Experimental,PDB,Unknown,clean_1NZK,False
clean_3TGE.pdb,Experimental,PDB,Unknown,clean_3TGE,False
clean_5K0M.pdb,Experimental,PDB,Unknown,clean_5K0M,False
clean_5EL3.pdb,Experimental,PDB,Unknown,clean_5EL3,False
clean_5O1C.pdb,Experimental,PDB,Unknown,clean_5O1C,False
clean_9BXR.pdb,Experimental,PDB,Unknown,clean_9BXR,False
clean_6N17.pdb,Experimental,PDB,Unknown,clean_6N17,False
clean_3TWT.pdb,Experimental,PDB,Unknown,clean_3TWT,False
clean_1WT6.pdb,Experimental,PDB,Unknown,clean_1WT6,False
clean_4LII.pdb,Experimental,PDB,Unknown,clean_4LII,False
clean_6PHK.pdb,Experimental,PDB,Unknown,clean_6PHK,False
clean_4JP9.pdb,Experimental,PDB,Unknown,clean_4JP9,False
clean_1KF9.pdb,Experimental,PDB,Unknown,clean_1KF9,False
clean_8IEC.pdb,Experimental,PDB,Unknown,clean_8IEC,False
clean_7NG7.pdb,Experimental,PDB,Unknown,clean_7NG7,False
clean_4I1H.pdb,Experimental,PDB,Unknown,clean_4I1H,False
clean_4LEO.pdb,Experimental,PDB,Unknown,clean_4LEO,False
clean_1DSZ.pdb,Experimental,PDB,Unknown,clean_1DSZ,False
clean_3I8V.pdb,Experimental,PDB,Unknown,clean_3I8V,False
clean_7P6B.pdb,Experimental,PDB,Unknown,clean_7P6B,False
clean_7A2T.pdb,Experimental,PDB,Unknown,clean_7A2T,False
clean_7FAR.pdb,Experimental,PDB,Unknown,clean_7FAR,False
clean_9COX.pdb,Experimental,PDB,Unknown,clean_9COX,False
clean_8IT5.pdb,Experimental,PDB,Unknown,clean_8IT5,False
clean_8UNW.pdb,Experimental,PDB,Unknown,clean_8UNW,False
clean_7KPN.pdb,Experimental,PDB,Unknown,clean_7KPN,False
clean_5J3P.pdb,Experimental,PDB,Unknown,clean_5J3P,False
clean_8XQS.pdb,Experimental,PDB,Unknown,clean_8XQS,False
clean_2C0L.pdb,Experimental,PDB,Unknown,clean_2C0L,False
clean_7LXV.pdb,Experimental,PDB,Unknown,clean_7LXV,False
clean_8X7A.pdb,Experimental,PDB,Unknown,clean_8X7A,False
clean_2MVX.pdb,Experimental,PDB,Unknown,clean_2MVX,False
clean_1HYK.pdb,Experimental,PDB,Unknown,clean_1HYK,False
clean_7EYQ.pdb,Experimental,PDB,Unknown,clean_7EYQ,False
clean_2ODU.pdb,Experimental,PDB,Unknown,clean_2ODU,False
clean_3E6U.pdb,Experimental,PDB,Unknown,clean_3E6U,False
clean_7S8O.pdb,Experimental,PDB,Unknown,clean_7S8O,False
clean_5CNK.pdb,Experimental,PDB,Unknown,clean_5CNK,False
clean_3WUU.pdb,Experimental,PDB,Unknown,clean_3WUU,False
clean_2NTR.pdb,Experimental,PDB,Unknown,clean_2NTR,False
clean_2N51.pdb,Experimental,PDB,Unknown,clean_2N51,False
clean_5LPN.pdb,Experimental,PDB,Unknown,clean_5LPN,False
clean_7A2M.pdb,Experimental,PDB,Unknown,clean_7A2M,False
clean_2DJS.pdb,Experimental,PDB,Unknown,clean_2DJS,False
clean_7XAT.pdb,Experimental,PDB,Unknown,clean_7XAT,False
clean_8H9P.pdb,Experimental,PDB,Unknown,clean_8H9P,False
clean_6FN1.pdb,Experimental,PDB,Unknown,clean_6FN1,False
clean_2IIP.pdb,Experimental,PDB,Unknown,clean_2IIP,False
clean_4TLQ.pdb,Experimental,PDB,Unknown,clean_4TLQ,False
clean_8WFF.pdb,Experimental,PDB,Unknown,clean_8WFF,False
clean_7ZNL.pdb,Experimental,PDB,Unknown,clean_7ZNL,False
clean_4H3I.pdb,Experimental,PDB,Unknown,clean_4H3I,False
clean_7W0N.pdb,Experimental,PDB,Unknown,clean_7W0N,False
clean_6LZZ.pdb,Experimental,PDB,Unknown,clean_6LZZ,False
clean_5W6M.pdb,Experimental,PDB,Unknown,clean_5W6M,False
clean_3F8Y.pdb,Experimental,PDB,Unknown,clean_3F8Y,False
clean_3QTI.pdb,Experimental,PDB,Unknown,clean_3QTI,False
clean_6W7L.pdb,Experimental,PDB,Unknown,clean_6W7L,False
clean_6IIQ.pdb,Experimental,PDB,Unknown,clean_6IIQ,False
clean_8S5M.pdb,Experimental,PDB,Unknown,clean_8S5M,False
clean_5SGM.pdb,Experimental,PDB,Unknown,clean_5SGM,False
clean_7KVN.pdb,Experimental,PDB,Unknown,clean_7KVN,False
clean_3H52.pdb,Experimental,PDB,Unknown,clean_3H52,False
clean_8IYH.pdb,Experimental,PDB,Unknown,clean_8IYH,False
clean_7VLA.pdb,Experimental,PDB,Unknown,clean_7VLA,False
clean_5G3J.pdb,Experimental,PDB,Unknown,clean_5G3J,False
clean_5J7S.pdb,Experimental,PDB,Unknown,clean_5J7S,False
clean_3CID.pdb,Experimental,PDB,Unknown,clean_3CID,False
clean_7TRQ.pdb,Experimental,PDB,Unknown,clean_7TRQ,False
clean_4L41.pdb,Experimental,PDB,Unknown,clean_4L41,False
clean_7B3Z.pdb,Experimental,PDB,Unknown,clean_7B3Z,False
clean_4JQ0.pdb,Experimental,PDB,Unknown,clean_4JQ0,False
clean_6URN.pdb,Experimental,PDB,Unknown,clean_6URN,False
clean_2AH9.pdb,Experimental,PDB,Unknown,clean_2AH9,False
clean_2OHK.pdb,Experimental,PDB,Unknown,clean_2OHK,False
clean_5ONP.pdb,Experimental,PDB,Unknown,clean_5ONP,False
clean_4B77.pdb,Experimental,PDB,Unknown,clean_4B77,False
clean_4UFU.pdb,Experimental,PDB,Unknown,clean_4UFU,False
clean_3D7F.pdb,Experimental,PDB,Unknown,clean_3D7F,False
clean_3QDZ.pdb,Experimental,PDB,Unknown,clean_3QDZ,False
clean_6K3N.pdb,Experimental,PDB,Unknown,clean_6K3N,False
clean_3R6G.pdb,Experimental,PDB,Unknown,clean_3R6G,False
clean_4L3V.pdb,Experimental,PDB,Unknown,clean_4L3V,False
clean_7XJK.pdb,Experimental,PDB,Unknown,clean_7XJK,False
clean_3U2T.pdb,Experimental,PDB,Unknown,clean_3U2T,False
clean_5SHE.pdb,Experimental,PDB,Unknown,clean_5SHE,False
clean_9F6X.pdb,Experimental,PDB,Unknown,clean_9F6X,False
clean_5SJA.pdb,Experimental,PDB,Unknown,clean_5SJA,False
clean_5XUI.pdb,Experimental,PDB,Unknown,clean_5XUI,False
clean_2ORK.pdb,Experimental,PDB,Unknown,clean_2ORK,False
clean_7XP6.pdb,Experimental,PDB,Unknown,clean_7XP6,False
clean_6UWP.pdb,Experimental,PDB,Unknown,clean_6UWP,False
clean_7B31.pdb,Experimental,PDB,Unknown,clean_7B31,False
clean_1M8Y.pdb,Experimental,PDB,Unknown,clean_1M8Y,False
clean_8HNN.pdb,Experimental,PDB,Unknown,clean_8HNN,False
clean_3LV3.pdb,Experimental,PDB,Unknown,clean_3LV3,False
clean_1S0X.pdb,Experimental,PDB,Unknown,clean_1S0X,False
clean_3Q6W.pdb,Experimental,PDB,Unknown,clean_3Q6W,False
clean_5VUX.pdb,Experimental,PDB,Unknown,clean_5VUX,False
clean_4BUD.pdb,Experimental,PDB,Unknown,clean_4BUD,False
clean_3ROP.pdb,Experimental,PDB,Unknown,clean_3ROP,False
clean_4M92.pdb,Experimental,PDB,Unknown,clean_4M92,False
clean_8QWP.pdb,Experimental,PDB,Unknown,clean_8QWP,False
clean_7X8S.pdb,Experimental,PDB,Unknown,clean_7X8S,False
clean_3IXJ.pdb,Experimental,PDB,Unknown,clean_3IXJ,False
clean_8A4L.pdb,Experimental,PDB,Unknown,clean_8A4L,False
clean_6IJI.pdb,Experimental,PDB,Unknown,clean_6IJI,False
clean_9HGS.pdb,Experimental,PDB,Unknown,clean_9HGS,False
clean_5VCE.pdb,Experimental,PDB,Unknown,clean_5VCE,False
clean_8HLL.pdb,Experimental,PDB,Unknown,clean_8HLL,False
clean_5FWJ.pdb,Experimental,PDB,Unknown,clean_5FWJ,False
clean_5MCW.pdb,Experimental,PDB,Unknown,clean_5MCW,False
clean_3ETO.pdb,Experimental,PDB,Unknown,clean_3ETO,False
clean_3KVX.pdb,Experimental,PDB,Unknown,clean_3KVX,False
clean_3VFD.pdb,Experimental,PDB,Unknown,clean_3VFD,False
clean_4L2K.pdb,Experimental,PDB,Unknown,clean_4L2K,False
clean_4KKG.pdb,Experimental,PDB,Unknown,clean_4KKG,False
clean_1RHQ.pdb,Experimental,PDB,Unknown,clean_1RHQ,False
clean_7BB7.pdb,Experimental,PDB,Unknown,clean_7BB7,False
clean_5SKM.pdb,Experimental,PDB,Unknown,clean_5SKM,False
clean_2I65.pdb,Experimental,PDB,Unknown,clean_2I65,False
clean_8PPE.pdb,Experimental,PDB,Unknown,clean_8PPE,False
clean_2EE9.pdb,Experimental,PDB,Unknown,clean_2EE9,False
clean_7V4D.pdb,Experimental,PDB,Unknown,clean_7V4D,False
clean_7YK8.pdb,Experimental,PDB,Unknown,clean_7YK8,False
clean_8B9R.pdb,Experimental,PDB,Unknown,clean_8B9R,False
clean_3HM6.pdb,Experimental,PDB,Unknown,clean_3HM6,False
clean_5UOE.pdb,Experimental,PDB,Unknown,clean_5UOE,False
clean_4DBU.pdb,Experimental,PDB,Unknown,clean_4DBU,False
clean_2OTK.pdb,Experimental,PDB,Unknown,clean_2OTK,False
clean_4LXM.pdb,Experimental,PDB,Unknown,clean_4LXM,False
clean_4J1I.pdb,Experimental,PDB,Unknown,clean_4J1I,False
clean_5YIS.pdb,Experimental,PDB,Unknown,clean_5YIS,False
clean_2FK1.pdb,Experimental,PDB,Unknown,clean_2FK1,False
clean_8QP9.pdb,Experimental,PDB,Unknown,clean_8QP9,False
clean_8HIR.pdb,Experimental,PDB,Unknown,clean_8HIR,False
clean_4IWD.pdb,Experimental,PDB,Unknown,clean_4IWD,False
clean_3SKF.pdb,Experimental,PDB,Unknown,clean_3SKF,False
clean_6C0A.pdb,Experimental,PDB,Unknown,clean_6C0A,False
clean_2PGL.pdb,Experimental,PDB,Unknown,clean_2PGL,False
clean_8RNA.pdb,Experimental,PDB,Unknown,clean_8RNA,False
clean_4ZS2.pdb,Experimental,PDB,Unknown,clean_4ZS2,False
clean_4XAJ.pdb,Experimental,PDB,Unknown,clean_4XAJ,False
clean_4WUN.pdb,Experimental,PDB,Unknown,clean_4WUN,False
clean_9F3V.pdb,Experimental,PDB,Unknown,clean_9F3V,False
clean_2DB8.pdb,Experimental,PDB,Unknown,clean_2DB8,False
clean_6MIF.pdb,Experimental,PDB,Unknown,clean_6MIF,False
clean_5UY8.pdb,Experimental,PDB,Unknown,clean_5UY8,False
clean_8Q88.pdb,Experimental,PDB,Unknown,clean_8Q88,False
clean_7DHL.pdb,Experimental,PDB,Unknown,clean_7DHL,False
clean_5YGX.pdb,Experimental,PDB,Unknown,clean_5YGX,False
clean_2V5T.pdb,Experimental,PDB,Unknown,clean_2V5T,False
clean_1MU7.pdb,Experimental,PDB,Unknown,clean_1MU7,False
clean_4HTI.pdb,Experimental,PDB,Unknown,clean_4HTI,False
clean_2NDH.pdb,Experimental,PDB,Unknown,clean_2NDH,False
clean_1DLS.pdb,Experimental,PDB,Unknown,clean_1DLS,False
clean_7B4A.pdb,Experimental,PDB,Unknown,clean_7B4A,False
clean_1KA6.pdb,Experimental,PDB,Unknown,clean_1KA6,False
clean_2IQG.pdb,Experimental,PDB,Unknown,clean_2IQG,False
clean_6UBW.pdb,Experimental,PDB,Unknown,clean_6UBW,False
clean_5I3Y.pdb,Experimental,PDB,Unknown,clean_5I3Y,False
clean_6D26.pdb,Experimental,PDB,Unknown,clean_6D26,False
clean_3MJG.pdb,Experimental,PDB,Unknown,clean_3MJG,False
clean_3BAU.pdb,Experimental,PDB,Unknown,clean_3BAU,False
clean_4XAS.pdb,Experimental,PDB,Unknown,clean_4XAS,False
clean_4DLO.pdb,Experimental,PDB,Unknown,clean_4DLO,False
clean_7A2Z.pdb,Experimental,PDB,Unknown,clean_7A2Z,False
clean_7US7.pdb,Experimental,PDB,Unknown,clean_7US7,False
clean_8XZH.pdb,Experimental,PDB,Unknown,clean_8XZH,False
clean_2GH0.pdb,Experimental,PDB,Unknown,clean_2GH0,False
clean_2EW9.pdb,Experimental,PDB,Unknown,clean_2EW9,False
clean_6RW2.pdb,Experimental,PDB,Unknown,clean_6RW2,False
clean_4BSK.pdb,Experimental,PDB,Unknown,clean_4BSK,False
clean_7FSZ.pdb,Experimental,PDB,Unknown,clean_7FSZ,False
clean_4KAK.pdb,Experimental,PDB,Unknown,clean_4KAK,False
clean_3UB2.pdb,Experimental,PDB,Unknown,clean_3UB2,False
clean_2CFR.pdb,Experimental,PDB,Unknown,clean_2CFR,False
clean_4DWK.pdb,Experimental,PDB,Unknown,clean_4DWK,False
clean_1JPP.pdb,Experimental,PDB,Unknown,clean_1JPP,False
clean_7S1M.pdb,Experimental,PDB,Unknown,clean_7S1M,False
clean_8BQW.pdb,Experimental,PDB,Unknown,clean_8BQW,False
clean_5HPB.pdb,Experimental,PDB,Unknown,clean_5HPB,False
clean_2YX8.pdb,Experimental,PDB,Unknown,clean_2YX8,False
clean_6NHY.pdb,Experimental,PDB,Unknown,clean_6NHY,False
clean_1IYF.pdb,Experimental,PDB,Unknown,clean_1IYF,False
clean_8GRX.pdb,Experimental,PDB,Unknown,clean_8GRX,False
clean_8PP0.pdb,Experimental,PDB,Unknown,clean_8PP0,False
clean_6EKD.pdb,Experimental,PDB,Unknown,clean_6EKD,False
clean_6QAO.pdb,Experimental,PDB,Unknown,clean_6QAO,False
clean_9ITE.pdb,Experimental,PDB,Unknown,clean_9ITE,False
clean_6E3Z.pdb,Experimental,PDB,Unknown,clean_6E3Z,False
clean_7NRT.pdb,Experimental,PDB,Unknown,clean_7NRT,False
clean_5HTI.pdb,Experimental,PDB,Unknown,clean_5HTI,False
clean_6YVI.pdb,Experimental,PDB,Unknown,clean_6YVI,False
clean_6PVS.pdb,Experimental,PDB,Unknown,clean_6PVS,False
clean_8QYL.pdb,Experimental,PDB,Unknown,clean_8QYL,False
clean_2MWF.pdb,Experimental,PDB,Unknown,clean_2MWF,False
clean_4DEI.pdb,Experimental,PDB,Unknown,clean_4DEI,False
clean_6XBJ.pdb,Experimental,PDB,Unknown,clean_6XBJ,False
clean_2PER.pdb,Experimental,PDB,Unknown,clean_2PER,False
clean_2IDH.pdb,Experimental,PDB,Unknown,clean_2IDH,False
clean_6S01.pdb,Experimental,PDB,Unknown,clean_6S01,False
clean_3DYQ.pdb,Experimental,PDB,Unknown,clean_3DYQ,False
clean_8RH4.pdb,Experimental,PDB,Unknown,clean_8RH4,False
clean_8IZC.pdb,Experimental,PDB,Unknown,clean_8IZC,False
clean_7M0V.pdb,Experimental,PDB,Unknown,clean_7M0V,False
clean_7W57.pdb,Experimental,PDB,Unknown,clean_7W57,False
clean_7DTV.pdb,Experimental,PDB,Unknown,clean_7DTV,False
clean_8FDT.pdb,Experimental,PDB,Unknown,clean_8FDT,False
clean_6C24.pdb,Experimental,PDB,Unknown,clean_6C24,False
clean_9AXX.pdb,Experimental,PDB,Unknown,clean_9AXX,False
clean_4TKF.pdb,Experimental,PDB,Unknown,clean_4TKF,False
clean_2WYA.pdb,Experimental,PDB,Unknown,clean_2WYA,False
clean_3UA7.pdb,Experimental,PDB,Unknown,clean_3UA7,False
clean_8XP5.pdb,Experimental,PDB,Unknown,clean_8XP5,False
clean_4FGB.pdb,Experimental,PDB,Unknown,clean_4FGB,False
clean_6SZQ.pdb,Experimental,PDB,Unknown,clean_6SZQ,False
clean_8WEA.pdb,Experimental,PDB,Unknown,clean_8WEA,False
clean_3KN0.pdb,Experimental,PDB,Unknown,clean_3KN0,False
clean_8RMR.pdb,Experimental,PDB,Unknown,clean_8RMR,False
clean_8SI9.pdb,Experimental,PDB,Unknown,clean_8SI9,False
clean_1WJ3.pdb,Experimental,PDB,Unknown,clean_1WJ3,False
clean_2YT8.pdb,Experimental,PDB,Unknown,clean_2YT8,False
clean_7X8Q.pdb,Experimental,PDB,Unknown,clean_7X8Q,False
clean_7T9I.pdb,Experimental,PDB,Unknown,clean_7T9I,False
clean_2Q5I.pdb,Experimental,PDB,Unknown,clean_2Q5I,False
clean_6DRZ.pdb,Experimental,PDB,Unknown,clean_6DRZ,False
clean_8BDX.pdb,Experimental,PDB,Unknown,clean_8BDX,False
clean_7P3V.pdb,Experimental,PDB,Unknown,clean_7P3V,False
clean_3DLX.pdb,Experimental,PDB,Unknown,clean_3DLX,False
clean_6W25.pdb,Experimental,PDB,Unknown,clean_6W25,False
clean_3F66.pdb,Experimental,PDB,Unknown,clean_3F66,False
clean_2OKJ.pdb,Experimental,PDB,Unknown,clean_2OKJ,False
clean_5JHK.pdb,Experimental,PDB,Unknown,clean_5JHK,False
clean_6IWI.pdb,Experimental,PDB,Unknown,clean_6IWI,False
clean_7ABM.pdb,Experimental,PDB,Unknown,clean_7ABM,False
clean_4HNI.pdb,Experimental,PDB,Unknown,clean_4HNI,False
clean_5EMC.pdb,Experimental,PDB,Unknown,clean_5EMC,False
clean_2VJ3.pdb,Experimental,PDB,Unknown,clean_2VJ3,False
clean_8XMO.pdb,Experimental,PDB,Unknown,clean_8XMO,False
clean_5D3O.pdb,Experimental,PDB,Unknown,clean_5D3O,False
clean_9DA2.pdb,Experimental,PDB,Unknown,clean_9DA2,False
clean_8OLQ.pdb,Experimental,PDB,Unknown,clean_8OLQ,False
clean_7D2X.pdb,Experimental,PDB,Unknown,clean_7D2X,False
clean_7D2H.pdb,Experimental,PDB,Unknown,clean_7D2H,False
clean_7EW2.pdb,Experimental,PDB,Unknown,clean_7EW2,False
clean_6J8H.pdb,Experimental,PDB,Unknown,clean_6J8H,False
clean_6ROA.pdb,Experimental,PDB,Unknown,clean_6ROA,False
clean_8FN1.pdb,Experimental,PDB,Unknown,clean_8FN1,False
clean_4NQA.pdb,Experimental,PDB,Unknown,clean_4NQA,False
clean_7TS6.pdb,Experimental,PDB,Unknown,clean_7TS6,False
clean_3ZOV.pdb,Experimental,PDB,Unknown,clean_3ZOV,False
clean_3QYB.pdb,Experimental,PDB,Unknown,clean_3QYB,False
clean_2XEJ.pdb,Experimental,PDB,Unknown,clean_2XEJ,False
clean_3V9H.pdb,Experimental,PDB,Unknown,clean_3V9H,False
clean_8GY7.pdb,Experimental,PDB,Unknown,clean_8GY7,False
clean_2R2O.pdb,Experimental,PDB,Unknown,clean_2R2O,False
clean_5W4W.pdb,Experimental,PDB,Unknown,clean_5W4W,False
clean_4D8O.pdb,Experimental,PDB,Unknown,clean_4D8O,False
clean_6NSQ.pdb,Experimental,PDB,Unknown,clean_6NSQ,False
clean_9FYP.pdb,Experimental,PDB,Unknown,clean_9FYP,False
clean_9COU.pdb,Experimental,PDB,Unknown,clean_9COU,False
clean_7KS8.pdb,Experimental,PDB,Unknown,clean_7KS8,False
clean_6MA3.pdb,Experimental,PDB,Unknown,clean_6MA3,False
clean_4UHG.pdb,Experimental,PDB,Unknown,clean_4UHG,False
clean_4BGM.pdb,Experimental,PDB,Unknown,clean_4BGM,False
clean_1O4B.pdb,Experimental,PDB,Unknown,clean_1O4B,False
clean_4HRF.pdb,Experimental,PDB,Unknown,clean_4HRF,False
clean_5M7U.pdb,Experimental,PDB,Unknown,clean_5M7U,False
clean_3V79.pdb,Experimental,PDB,Unknown,clean_3V79,False
clean_6UQG.pdb,Experimental,PDB,Unknown,clean_6UQG,False
clean_4PIV.pdb,Experimental,PDB,Unknown,clean_4PIV,False
clean_5SE3.pdb,Experimental,PDB,Unknown,clean_5SE3,False
clean_3SN7.pdb,Experimental,PDB,Unknown,clean_3SN7,False
clean_8W9A.pdb,Experimental,PDB,Unknown,clean_8W9A,False
clean_5XGI.pdb,Experimental,PDB,Unknown,clean_5XGI,False
clean_6ME9.pdb,Experimental,PDB,Unknown,clean_6ME9,False
clean_5CC1.pdb,Experimental,PDB,Unknown,clean_5CC1,False
clean_4WHV.pdb,Experimental,PDB,Unknown,clean_4WHV,False
clean_5F1K.pdb,Experimental,PDB,Unknown,clean_5F1K,False
clean_8IJB.pdb,Experimental,PDB,Unknown,clean_8IJB,False
clean_2J1Z.pdb,Experimental,PDB,Unknown,clean_2J1Z,False
clean_3WS9.pdb,Experimental,PDB,Unknown,clean_3WS9,False
clean_5HYN.pdb,Experimental,PDB,Unknown,clean_5HYN,False
clean_9GWT.pdb,Experimental,PDB,Unknown,clean_9GWT,False
clean_3ZKI.pdb,Experimental,PDB,Unknown,clean_3ZKI,False
clean_2KWF.pdb,Experimental,PDB,Unknown,clean_2KWF,False
clean_5SH0.pdb,Experimental,PDB,Unknown,clean_5SH0,False
clean_7NAO.pdb,Experimental,PDB,Unknown,clean_7NAO,False
clean_7XAV.pdb,Experimental,PDB,Unknown,clean_7XAV,False
clean_8OL7.pdb,Experimental,PDB,Unknown,clean_8OL7,False
clean_7XJL.pdb,Experimental,PDB,Unknown,clean_7XJL,False
clean_5TKE.pdb,Experimental,PDB,Unknown,clean_5TKE,False
clean_1OZO.pdb,Experimental,PDB,Unknown,clean_1OZO,False
clean_8SPS.pdb,Experimental,PDB,Unknown,clean_8SPS,False
clean_3EFK.pdb,Experimental,PDB,Unknown,clean_3EFK,False
clean_5BNW.pdb,Experimental,PDB,Unknown,clean_5BNW,False
clean_1PL0.pdb,Experimental,PDB,Unknown,clean_1PL0,False
clean_2I3C.pdb,Experimental,PDB,Unknown,clean_2I3C,False
clean_2AEW.pdb,Experimental,PDB,Unknown,clean_2AEW,False
clean_5ED2.pdb,Experimental,PDB,Unknown,clean_5ED2,False
clean_8EDN.pdb,Experimental,PDB,Unknown,clean_8EDN,False
clean_3NXT.pdb,Experimental,PDB,Unknown,clean_3NXT,False
clean_2YGW.pdb,Experimental,PDB,Unknown,clean_2YGW,False
clean_7WY8.pdb,Experimental,PDB,Unknown,clean_7WY8,False
clean_5SEV.pdb,Experimental,PDB,Unknown,clean_5SEV,False
clean_8OL6.pdb,Experimental,PDB,Unknown,clean_8OL6,False
clean_4N39.pdb,Experimental,PDB,Unknown,clean_4N39,False
clean_5OEK.pdb,Experimental,PDB,Unknown,clean_5OEK,False
clean_4BBX.pdb,Experimental,PDB,Unknown,clean_4BBX,False
clean_6TVM.pdb,Experimental,PDB,Unknown,clean_6TVM,False
clean_6I3D.pdb,Experimental,PDB,Unknown,clean_6I3D,False
clean_7K1F.pdb,Experimental,PDB,Unknown,clean_7K1F,False
clean_8D19.pdb,Experimental,PDB,Unknown,clean_8D19,False
clean_7MYO.pdb,Experimental,PDB,Unknown,clean_7MYO,False
clean_4DI2.pdb,Experimental,PDB,Unknown,clean_4DI2,False
clean_8Q7N.pdb,Experimental,PDB,Unknown,clean_8Q7N,False
clean_7TI5.pdb,Experimental,PDB,Unknown,clean_7TI5,False
clean_5AMB.pdb,Experimental,PDB,Unknown,clean_5AMB,False
clean_9LSI.pdb,Experimental,PDB,Unknown,clean_9LSI,False
clean_5SIS.pdb,Experimental,PDB,Unknown,clean_5SIS,False
clean_6LML.pdb,Experimental,PDB,Unknown,clean_6LML,False
clean_3WSZ.pdb,Experimental,PDB,Unknown,clean_3WSZ,False
clean_8J0O.pdb,Experimental,PDB,Unknown,clean_8J0O,False
clean_7WXW.pdb,Experimental,PDB,Unknown,clean_7WXW,False
clean_3DZH.pdb,Experimental,PDB,Unknown,clean_3DZH,False
clean_5EYD.pdb,Experimental,PDB,Unknown,clean_5EYD,False
clean_5M9C.pdb,Experimental,PDB,Unknown,clean_5M9C,False
clean_2FGI.pdb,Experimental,PDB,Unknown,clean_2FGI,False
clean_9J8N.pdb,Experimental,PDB,Unknown,clean_9J8N,False
clean_8WWM.pdb,Experimental,PDB,Unknown,clean_8WWM,False
clean_4PF7.pdb,Experimental,PDB,Unknown,clean_4PF7,False
clean_1HS5.pdb,Experimental,PDB,Unknown,clean_1HS5,False
clean_3L3A.pdb,Experimental,PDB,Unknown,clean_3L3A,False
clean_2JAJ.pdb,Experimental,PDB,Unknown,clean_2JAJ,False
clean_5EK7.pdb,Experimental,PDB,Unknown,clean_5EK7,False
clean_8RRR.pdb,Experimental,PDB,Unknown,clean_8RRR,False
clean_8AM0.pdb,Experimental,PDB,Unknown,clean_8AM0,False
clean_3EPZ.pdb,Experimental,PDB,Unknown,clean_3EPZ,False
clean_7K7J.pdb,Experimental,PDB,Unknown,clean_7K7J,False
clean_2L9U.pdb,Experimental,PDB,Unknown,clean_2L9U,False
clean_5T0I.pdb,Experimental,PDB,Unknown,clean_5T0I,False
clean_2D7Q.pdb,Experimental,PDB,Unknown,clean_2D7Q,False
clean_4QUE.pdb,Experimental,PDB,Unknown,clean_4QUE,False
clean_8OL5.pdb,Experimental,PDB,Unknown,clean_8OL5,False
clean_6UL8.pdb,Experimental,PDB,Unknown,clean_6UL8,False
clean_9J8O.pdb,Experimental,PDB,Unknown,clean_9J8O,False
clean_5MAT.pdb,Experimental,PDB,Unknown,clean_5MAT,False
clean_3QBV.pdb,Experimental,PDB,Unknown,clean_3QBV,False
clean_4UH5.pdb,Experimental,PDB,Unknown,clean_4UH5,False
clean_3FJF.pdb,Experimental,PDB,Unknown,clean_3FJF,False
clean_9D5J.pdb,Experimental,PDB,Unknown,clean_9D5J,False
clean_2ODV.pdb,Experimental,PDB,Unknown,clean_2ODV,False
clean_8CUJ.pdb,Experimental,PDB,Unknown,clean_8CUJ,False
clean_8E9W.pdb,Experimental,PDB,Unknown,clean_8E9W,False
clean_5J1H.pdb,Experimental,PDB,Unknown,clean_5J1H,False
clean_1N28.pdb,Experimental,PDB,Unknown,clean_1N28,False
clean_1ZJD.pdb,Experimental,PDB,Unknown,clean_1ZJD,False
clean_5SJX.pdb,Experimental,PDB,Unknown,clean_5SJX,False
clean_8V6U.pdb,Experimental,PDB,Unknown,clean_8V6U,False
clean_6DS5.pdb,Experimental,PDB,Unknown,clean_6DS5,False
clean_5ZV3.pdb,Experimental,PDB,Unknown,clean_5ZV3,False
clean_2YRB.pdb,Experimental,PDB,Unknown,clean_2YRB,False
clean_2O5K.pdb,Experimental,PDB,Unknown,clean_2O5K,False
clean_1HRE.pdb,Experimental,PDB,Unknown,clean_1HRE,False
clean_6Y6H.pdb,Experimental,PDB,Unknown,clean_6Y6H,False
clean_2Q11.pdb,Experimental,PDB,Unknown,clean_2Q11,False
clean_1Z1L.pdb,Experimental,PDB,Unknown,clean_1Z1L,False
clean_6WWZ.pdb,Experimental,PDB,Unknown,clean_6WWZ,False
clean_4RMH.pdb,Experimental,PDB,Unknown,clean_4RMH,False
clean_2IO2.pdb,Experimental,PDB,Unknown,clean_2IO2,False
clean_5JPO.pdb,Experimental,PDB,Unknown,clean_5JPO,False
clean_3VOZ.pdb,Experimental,PDB,Unknown,clean_3VOZ,False
clean_7KVJ.pdb,Experimental,PDB,Unknown,clean_7KVJ,False
clean_2YUK.pdb,Experimental,PDB,Unknown,clean_2YUK,False
clean_6NUQ.pdb,Experimental,PDB,Unknown,clean_6NUQ,False
clean_9IQT.pdb,Experimental,PDB,Unknown,clean_9IQT,False
clean_3E7C.pdb,Experimental,PDB,Unknown,clean_3E7C,False
clean_7X10.pdb,Experimental,PDB,Unknown,clean_7X10,False
clean_4J3L.pdb,Experimental,PDB,Unknown,clean_4J3L,False
clean_4TKN.pdb,Experimental,PDB,Unknown,clean_4TKN,False
clean_6UMG.pdb,Experimental,PDB,Unknown,clean_6UMG,False
clean_6LT0.pdb,Experimental,PDB,Unknown,clean_6LT0,False
clean_7K7L.pdb,Experimental,PDB,Unknown,clean_7K7L,False
clean_3CJK.pdb,Experimental,PDB,Unknown,clean_3CJK,False
clean_3BA4.pdb,Experimental,PDB,Unknown,clean_3BA4,False
clean_5UWS.pdb,Experimental,PDB,Unknown,clean_5UWS,False
clean_6AVO.pdb,Experimental,PDB,Unknown,clean_6AVO,False
clean_2Y29.pdb,Experimental,PDB,Unknown,clean_2Y29,False
clean_5SH8.pdb,Experimental,PDB,Unknown,clean_5SH8,False
clean_4IDQ.pdb,Experimental,PDB,Unknown,clean_4IDQ,False
clean_6HEU.pdb,Experimental,PDB,Unknown,clean_6HEU,False
clean_7M0W.pdb,Experimental,PDB,Unknown,clean_7M0W,False
clean_9B1I.pdb,Experimental,PDB,Unknown,clean_9B1I,False
clean_6WO7.pdb,Experimental,PDB,Unknown,clean_6WO7,False
clean_1PAU.pdb,Experimental,PDB,Unknown,clean_1PAU,False
clean_1DB5.pdb,Experimental,PDB,Unknown,clean_1DB5,False
clean_2BJJ.pdb,Experimental,PDB,Unknown,clean_2BJJ,False
clean_7A2Q.pdb,Experimental,PDB,Unknown,clean_7A2Q,False
clean_8UO0.pdb,Experimental,PDB,Unknown,clean_8UO0,False
clean_6BDZ.pdb,Experimental,PDB,Unknown,clean_6BDZ,False
clean_5OKO.pdb,Experimental,PDB,Unknown,clean_5OKO,False
clean_7FST.pdb,Experimental,PDB,Unknown,clean_7FST,False
clean_6EHO.pdb,Experimental,PDB,Unknown,clean_6EHO,False
clean_9EPP.pdb,Experimental,PDB,Unknown,clean_9EPP,False
clean_8TS7.pdb,Experimental,PDB,Unknown,clean_8TS7,False
clean_3QMK.pdb,Experimental,PDB,Unknown,clean_3QMK,False
clean_2DNT.pdb,Experimental,PDB,Unknown,clean_2DNT,False
clean_2BIQ.pdb,Experimental,PDB,Unknown,clean_2BIQ,False
clean_7WC6.pdb,Experimental,PDB,Unknown,clean_7WC6,False
clean_2PF6.pdb,Experimental,PDB,Unknown,clean_2PF6,False
clean_1ZR7.pdb,Experimental,PDB,Unknown,clean_1ZR7,False
clean_5JI9.pdb,Experimental,PDB,Unknown,clean_5JI9,False
clean_3R6L.pdb,Experimental,PDB,Unknown,clean_3R6L,False
clean_2AR7.pdb,Experimental,PDB,Unknown,clean_2AR7,False
clean_1S6O.pdb,Experimental,PDB,Unknown,clean_1S6O,False
clean_4RWK.pdb,Experimental,PDB,Unknown,clean_4RWK,False
clean_3OW9.pdb,Experimental,PDB,Unknown,clean_3OW9,False
clean_7OUV.pdb,Experimental,PDB,Unknown,clean_7OUV,False
clean_4UUU.pdb,Experimental,PDB,Unknown,clean_4UUU,False
clean_8EEB.pdb,Experimental,PDB,Unknown,clean_8EEB,False
clean_8BSN.pdb,Experimental,PDB,Unknown,clean_8BSN,False
clean_2LAP.pdb,Experimental,PDB,Unknown,clean_2LAP,False
clean_3P0Q.pdb,Experimental,PDB,Unknown,clean_3P0Q,False
clean_2QL9.pdb,Experimental,PDB,Unknown,clean_2QL9,False
clean_8GED.pdb,Experimental,PDB,Unknown,clean_8GED,False
clean_5FI4.pdb,Experimental,PDB,Unknown,clean_5FI4,False
clean_7U0I.pdb,Experimental,PDB,Unknown,clean_7U0I,False
clean_4BHG.pdb,Experimental,PDB,Unknown,clean_4BHG,False
clean_3O2G.pdb,Experimental,PDB,Unknown,clean_3O2G,False
clean_3I4A.pdb,Experimental,PDB,Unknown,clean_3I4A,False
clean_4BG1.pdb,Experimental,PDB,Unknown,clean_4BG1,False
clean_9C1B.pdb,Experimental,PDB,Unknown,clean_9C1B,False
clean_5TGZ.pdb,Experimental,PDB,Unknown,clean_5TGZ,False
clean_7F54.pdb,Experimental,PDB,Unknown,clean_7F54,False
clean_3HNG.pdb,Experimental,PDB,Unknown,clean_3HNG,False
clean_4RCD.pdb,Experimental,PDB,Unknown,clean_4RCD,False
clean_8J22.pdb,Experimental,PDB,Unknown,clean_8J22,False
clean_8VOH.pdb,Experimental,PDB,Unknown,clean_8VOH,False
clean_7MYR.pdb,Experimental,PDB,Unknown,clean_7MYR,False
clean_5QHE.pdb,Experimental,PDB,Unknown,clean_5QHE,False
clean_6W2X.pdb,Experimental,PDB,Unknown,clean_6W2X,False
clean_1B6C.pdb,Experimental,PDB,Unknown,clean_1B6C,False
clean_6D6T.pdb,Experimental,PDB,Unknown,clean_6D6T,False
clean_6WKU.pdb,Experimental,PDB,Unknown,clean_6WKU,False
clean_6FMK.pdb,Experimental,PDB,Unknown,clean_6FMK,False
clean_4AYW.pdb,Experimental,PDB,Unknown,clean_4AYW,False
clean_7BWN.pdb,Experimental,PDB,Unknown,clean_7BWN,False
clean_4BUV.pdb,Experimental,PDB,Unknown,clean_4BUV,False
clean_5N5N.pdb,Experimental,PDB,Unknown,clean_5N5N,False
clean_6HKZ.pdb,Experimental,PDB,Unknown,clean_6HKZ,False
clean_2B2V.pdb,Experimental,PDB,Unknown,clean_2B2V,False
clean_7UP6.pdb,Experimental,PDB,Unknown,clean_7UP6,False
clean_8FO7.pdb,Experimental,PDB,Unknown,clean_8FO7,False
clean_6OIK.pdb,Experimental,PDB,Unknown,clean_6OIK,False
clean_8VVE.pdb,Experimental,PDB,Unknown,clean_8VVE,False
clean_2Q5H.pdb,Experimental,PDB,Unknown,clean_2Q5H,False
clean_4MRZ.pdb,Experimental,PDB,Unknown,clean_4MRZ,False
clean_3E4A.pdb,Experimental,PDB,Unknown,clean_3E4A,False
clean_4HGT.pdb,Experimental,PDB,Unknown,clean_4HGT,False
clean_4JYW.pdb,Experimental,PDB,Unknown,clean_4JYW,False
clean_8YW5.pdb,Experimental,PDB,Unknown,clean_8YW5,False
clean_4DKK.pdb,Experimental,PDB,Unknown,clean_4DKK,False
clean_6HRF.pdb,Experimental,PDB,Unknown,clean_6HRF,False
clean_3V6O.pdb,Experimental,PDB,Unknown,clean_3V6O,False
clean_3TV4.pdb,Experimental,PDB,Unknown,clean_3TV4,False
clean_2KG2.pdb,Experimental,PDB,Unknown,clean_2KG2,False
clean_4KL1.pdb,Experimental,PDB,Unknown,clean_4KL1,False
clean_2PVV.pdb,Experimental,PDB,Unknown,clean_2PVV,False
clean_5V5B.pdb,Experimental,PDB,Unknown,clean_5V5B,False
clean_7C7Q.pdb,Experimental,PDB,Unknown,clean_7C7Q,False
clean_4I4H.pdb,Experimental,PDB,Unknown,clean_4I4H,False
clean_5SIG.pdb,Experimental,PDB,Unknown,clean_5SIG,False
clean_1SMO.pdb,Experimental,PDB,Unknown,clean_1SMO,False
clean_5SFK.pdb,Experimental,PDB,Unknown,clean_5SFK,False
clean_5KPL.pdb,Experimental,PDB,Unknown,clean_5KPL,False
clean_3IVI.pdb,Experimental,PDB,Unknown,clean_3IVI,False
clean_8W50.pdb,Experimental,PDB,Unknown,clean_8W50,False
clean_4R1Y.pdb,Experimental,PDB,Unknown,clean_4R1Y,False
clean_4QMP.pdb,Experimental,PDB,Unknown,clean_4QMP,False
clean_6NGH.pdb,Experimental,PDB,Unknown,clean_6NGH,False
clean_8HAQ.pdb,Experimental,PDB,Unknown,clean_8HAQ,False
clean_8P7C.pdb,Experimental,PDB,Unknown,clean_8P7C,False
clean_2QJB.pdb,Experimental,PDB,Unknown,clean_2QJB,False
clean_6DMI.pdb,Experimental,PDB,Unknown,clean_6DMI,False
clean_8RCI.pdb,Experimental,PDB,Unknown,clean_8RCI,False
clean_7W55.pdb,Experimental,PDB,Unknown,clean_7W55,False
clean_7ET7.pdb,Experimental,PDB,Unknown,clean_7ET7,False
clean_7TS2.pdb,Experimental,PDB,Unknown,clean_7TS2,False
clean_1LVQ.pdb,Experimental,PDB,Unknown,clean_1LVQ,False
clean_4WXX.pdb,Experimental,PDB,Unknown,clean_4WXX,False
clean_8BK0.pdb,Experimental,PDB,Unknown,clean_8BK0,False
clean_6D6I.pdb,Experimental,PDB,Unknown,clean_6D6I,False
clean_3Q0Q.pdb,Experimental,PDB,Unknown,clean_3Q0Q,False
clean_7JTO.pdb,Experimental,PDB,Unknown,clean_7JTO,False
clean_8ZJG.pdb,Experimental,PDB,Unknown,clean_8ZJG,False
clean_3QI1.pdb,Experimental,PDB,Unknown,clean_3QI1,False
clean_7QJZ.pdb,Experimental,PDB,Unknown,clean_7QJZ,False
clean_7E2Z.pdb,Experimental,PDB,Unknown,clean_7E2Z,False
clean_4J3M.pdb,Experimental,PDB,Unknown,clean_4J3M,False
clean_8HTI.pdb,Experimental,PDB,Unknown,clean_8HTI,False
clean_4FG8.pdb,Experimental,PDB,Unknown,clean_4FG8,False
clean_2H1L.pdb,Experimental,PDB,Unknown,clean_2H1L,False
clean_3U2W.pdb,Experimental,PDB,Unknown,clean_3U2W,False
clean_4PF9.pdb,Experimental,PDB,Unknown,clean_4PF9,False
clean_4MRW.pdb,Experimental,PDB,Unknown,clean_4MRW,False
clean_7JIS.pdb,Experimental,PDB,Unknown,clean_7JIS,False
clean_4J17.pdb,Experimental,PDB,Unknown,clean_4J17,False
clean_5NK2.pdb,Experimental,PDB,Unknown,clean_5NK2,False
clean_5K89.pdb,Experimental,PDB,Unknown,clean_5K89,False
clean_3UMI.pdb,Experimental,PDB,Unknown,clean_3UMI,False
clean_7V4B.pdb,Experimental,PDB,Unknown,clean_7V4B,False
clean_2Q15.pdb,Experimental,PDB,Unknown,clean_2Q15,False
clean_7LP0.pdb,Experimental,PDB,Unknown,clean_7LP0,False
clean_7ZHO.pdb,Experimental,PDB,Unknown,clean_7ZHO,False
clean_6A71.pdb,Experimental,PDB,Unknown,clean_6A71,False
clean_3ZMG.pdb,Experimental,PDB,Unknown,clean_3ZMG,False
clean_1WP0.pdb,Experimental,PDB,Unknown,clean_1WP0,False
clean_2OF0.pdb,Experimental,PDB,Unknown,clean_2OF0,False
clean_6U3R.pdb,Experimental,PDB,Unknown,clean_6U3R,False
clean_6KIW.pdb,Experimental,PDB,Unknown,clean_6KIW,False
clean_4BV6.pdb,Experimental,PDB,Unknown,clean_4BV6,False
clean_5SKN.pdb,Experimental,PDB,Unknown,clean_5SKN,False
clean_3IKP.pdb,Experimental,PDB,Unknown,clean_3IKP,False
clean_4H36.pdb,Experimental,PDB,Unknown,clean_4H36,False
clean_8TRV.pdb,Experimental,PDB,Unknown,clean_8TRV,False
clean_8OQ8.pdb,Experimental,PDB,Unknown,clean_8OQ8,False
clean_9CZH.pdb,Experimental,PDB,Unknown,clean_9CZH,False
clean_7WY5.pdb,Experimental,PDB,Unknown,clean_7WY5,False
clean_8QW6.pdb,Experimental,PDB,Unknown,clean_8QW6,False
clean_6LI3.pdb,Experimental,PDB,Unknown,clean_6LI3,False
clean_8UFP.pdb,Experimental,PDB,Unknown,clean_8UFP,False
clean_8WJQ.pdb,Experimental,PDB,Unknown,clean_8WJQ,False
clean_3CZD.pdb,Experimental,PDB,Unknown,clean_3CZD,False
clean_3ZBF.pdb,Experimental,PDB,Unknown,clean_3ZBF,False
clean_3I5S.pdb,Experimental,PDB,Unknown,clean_3I5S,False
clean_6CU8.pdb,Experimental,PDB,Unknown,clean_6CU8,False
clean_3FJA.pdb,Experimental,PDB,Unknown,clean_3FJA,False
clean_7QKZ.pdb,Experimental,PDB,Unknown,clean_7QKZ,False
clean_8XFT.pdb,Experimental,PDB,Unknown,clean_8XFT,False
clean_8OQ6.pdb,Experimental,PDB,Unknown,clean_8OQ6,False
clean_2H5J.pdb,Experimental,PDB,Unknown,clean_2H5J,False
clean_4JVG.pdb,Experimental,PDB,Unknown,clean_4JVG,False
clean_1M6I.pdb,Experimental,PDB,Unknown,clean_1M6I,False
clean_2VIZ.pdb,Experimental,PDB,Unknown,clean_2VIZ,False
clean_4W9E.pdb,Experimental,PDB,Unknown,clean_4W9E,False
clean_5QGO.pdb,Experimental,PDB,Unknown,clean_5QGO,False
clean_2GS0.pdb,Experimental,PDB,Unknown,clean_2GS0,False
clean_8OX9.pdb,Experimental,PDB,Unknown,clean_8OX9,False
clean_6CFN.pdb,Experimental,PDB,Unknown,clean_6CFN,False
clean_1KV6.pdb,Experimental,PDB,Unknown,clean_1KV6,False
clean_4Q91.pdb,Experimental,PDB,Unknown,clean_4Q91,False
clean_5NPS.pdb,Experimental,PDB,Unknown,clean_5NPS,False
clean_7T0Z.pdb,Experimental,PDB,Unknown,clean_7T0Z,False
clean_5SGF.pdb,Experimental,PDB,Unknown,clean_5SGF,False
clean_3PD1.pdb,Experimental,PDB,Unknown,clean_3PD1,False
clean_5XQI.pdb,Experimental,PDB,Unknown,clean_5XQI,False
clean_1GQF.pdb,Experimental,PDB,Unknown,clean_1GQF,False
clean_1T9S.pdb,Experimental,PDB,Unknown,clean_1T9S,False
clean_8JLJ.pdb,Experimental,PDB,Unknown,clean_8JLJ,False
clean_3PE3.pdb,Experimental,PDB,Unknown,clean_3PE3,False
clean_8GE1.pdb,Experimental,PDB,Unknown,clean_8GE1,False
clean_8S5L.pdb,Experimental,PDB,Unknown,clean_8S5L,False
clean_8EWD.pdb,Experimental,PDB,Unknown,clean_8EWD,False
clean_8BG0.pdb,Experimental,PDB,Unknown,clean_8BG0,False
clean_7WC8.pdb,Experimental,PDB,Unknown,clean_7WC8,False
clean_3SJX.pdb,Experimental,PDB,Unknown,clean_3SJX,False
clean_7FTC.pdb,Experimental,PDB,Unknown,clean_7FTC,False
clean_4ZW9.pdb,Experimental,PDB,Unknown,clean_4ZW9,False
clean_9EP8.pdb,Experimental,PDB,Unknown,clean_9EP8,False
clean_5PX9.pdb,Experimental,PDB,Unknown,clean_5PX9,False
clean_2ZHU.pdb,Experimental,PDB,Unknown,clean_2ZHU,False
clean_6UVP.pdb,Experimental,PDB,Unknown,clean_6UVP,False
clean_8ZWL.pdb,Experimental,PDB,Unknown,clean_8ZWL,False
clean_8U4L.pdb,Experimental,PDB,Unknown,clean_8U4L,False
clean_8KFY.pdb,Experimental,PDB,Unknown,clean_8KFY,False
clean_5NKA.pdb,Experimental,PDB,Unknown,clean_5NKA,False
clean_1R1W.pdb,Experimental,PDB,Unknown,clean_1R1W,False
clean_3VP0.pdb,Experimental,PDB,Unknown,clean_3VP0,False
clean_3CKW.pdb,Experimental,PDB,Unknown,clean_3CKW,False
clean_4WZX.pdb,Experimental,PDB,Unknown,clean_4WZX,False
clean_7NTH.pdb,Experimental,PDB,Unknown,clean_7NTH,False
clean_7D8R.pdb,Experimental,PDB,Unknown,clean_7D8R,False
clean_2MOM.pdb,Experimental,PDB,Unknown,clean_2MOM,False
clean_3MHD.pdb,Experimental,PDB,Unknown,clean_3MHD,False
clean_1RWP.pdb,Experimental,PDB,Unknown,clean_1RWP,False
clean_6NHB.pdb,Experimental,PDB,Unknown,clean_6NHB,False
clean_2XWU.pdb,Experimental,PDB,Unknown,clean_2XWU,False
clean_1RHU.pdb,Experimental,PDB,Unknown,clean_1RHU,False
clean_5D7P.pdb,Experimental,PDB,Unknown,clean_5D7P,False
clean_1TQF.pdb,Experimental,PDB,Unknown,clean_1TQF,False
clean_4Q9P.pdb,Experimental,PDB,Unknown,clean_4Q9P,False
clean_4GSF.pdb,Experimental,PDB,Unknown,clean_4GSF,False
clean_7AWE.pdb,Experimental,PDB,Unknown,clean_7AWE,False
clean_3TJS.pdb,Experimental,PDB,Unknown,clean_3TJS,False
clean_6ME6.pdb,Experimental,PDB,Unknown,clean_6ME6,False
clean_3UDY.pdb,Experimental,PDB,Unknown,clean_3UDY,False
clean_3E5H.pdb,Experimental,PDB,Unknown,clean_3E5H,False
clean_1K74.pdb,Experimental,PDB,Unknown,clean_1K74,False
clean_2VKM.pdb,Experimental,PDB,Unknown,clean_2VKM,False
clean_7YNL.pdb,Experimental,PDB,Unknown,clean_7YNL,False
clean_7LSW.pdb,Experimental,PDB,Unknown,clean_7LSW,False
clean_8IL3.pdb,Experimental,PDB,Unknown,clean_8IL3,False
clean_8XOX.pdb,Experimental,PDB,Unknown,clean_8XOX,False
clean_2IWP.pdb,Experimental,PDB,Unknown,clean_2IWP,False
clean_7FSH.pdb,Experimental,PDB,Unknown,clean_7FSH,False
clean_7E9H.pdb,Experimental,PDB,Unknown,clean_7E9H,False
clean_7W9T.pdb,Experimental,PDB,Unknown,clean_7W9T,False
clean_8EZE.pdb,Experimental,PDB,Unknown,clean_8EZE,False
clean_7KL2.pdb,Experimental,PDB,Unknown,clean_7KL2,False
clean_8TXZ.pdb,Experimental,PDB,Unknown,clean_8TXZ,False
clean_2EF1.pdb,Experimental,PDB,Unknown,clean_2EF1,False
clean_3MSJ.pdb,Experimental,PDB,Unknown,clean_3MSJ,False
clean_4UVW.pdb,Experimental,PDB,Unknown,clean_4UVW,False
clean_3VV7.pdb,Experimental,PDB,Unknown,clean_3VV7,False
clean_7S1N.pdb,Experimental,PDB,Unknown,clean_7S1N,False
clean_7UPE.pdb,Experimental,PDB,Unknown,clean_7UPE,False
clean_4N1D.pdb,Experimental,PDB,Unknown,clean_4N1D,False
clean_5PWE.pdb,Experimental,PDB,Unknown,clean_5PWE,False
clean_1BX2.pdb,Experimental,PDB,Unknown,clean_1BX2,False
clean_5SI6.pdb,Experimental,PDB,Unknown,clean_5SI6,False
clean_3EAB.pdb,Experimental,PDB,Unknown,clean_3EAB,False
clean_6B9X.pdb,Experimental,PDB,Unknown,clean_6B9X,False
clean_8TM5.pdb,Experimental,PDB,Unknown,clean_8TM5,False
clean_2XB1.pdb,Experimental,PDB,Unknown,clean_2XB1,False
clean_9BU2.pdb,Experimental,PDB,Unknown,clean_9BU2,False
clean_5SX8.pdb,Experimental,PDB,Unknown,clean_5SX8,False
clean_3DZK.pdb,Experimental,PDB,Unknown,clean_3DZK,False
clean_7THY.pdb,Experimental,PDB,Unknown,clean_7THY,False
clean_8HMP.pdb,Experimental,PDB,Unknown,clean_8HMP,False
clean_7KX8.pdb,Experimental,PDB,Unknown,clean_7KX8,False
clean_4L09.pdb,Experimental,PDB,Unknown,clean_4L09,False
clean_7A2J.pdb,Experimental,PDB,Unknown,clean_7A2J,False
clean_6B8Q.pdb,Experimental,PDB,Unknown,clean_6B8Q,False
clean_8JII.pdb,Experimental,PDB,Unknown,clean_8JII,False
clean_5PXV.pdb,Experimental,PDB,Unknown,clean_5PXV,False
clean_5OWQ.pdb,Experimental,PDB,Unknown,clean_5OWQ,False
clean_7PUE.pdb,Experimental,PDB,Unknown,clean_7PUE,False
clean_8GCK.pdb,Experimental,PDB,Unknown,clean_8GCK,False
clean_8KGG.pdb,Experimental,PDB,Unknown,clean_8KGG,False
clean_4YK6.pdb,Experimental,PDB,Unknown,clean_4YK6,False
clean_5NR4.pdb,Experimental,PDB,Unknown,clean_5NR4,False
clean_2B2U.pdb,Experimental,PDB,Unknown,clean_2B2U,False
clean_7YNP.pdb,Experimental,PDB,Unknown,clean_7YNP,False
clean_6JOI.pdb,Experimental,PDB,Unknown,clean_6JOI,False
clean_7EJK.pdb,Experimental,PDB,Unknown,clean_7EJK,False
clean_4P59.pdb,Experimental,PDB,Unknown,clean_4P59,False
clean_4MID.pdb,Experimental,PDB,Unknown,clean_4MID,False
clean_4ZVS.pdb,Experimental,PDB,Unknown,clean_4ZVS,False
clean_5AEF.pdb,Experimental,PDB,Unknown,clean_5AEF,False
clean_4X21.pdb,Experimental,PDB,Unknown,clean_4X21,False
clean_4UVN.pdb,Experimental,PDB,Unknown,clean_4UVN,False
clean_5SKD.pdb,Experimental,PDB,Unknown,clean_5SKD,False
clean_6O4H.pdb,Experimental,PDB,Unknown,clean_6O4H,False
clean_8TU6.pdb,Experimental,PDB,Unknown,clean_8TU6,False
clean_6AV5.pdb,Experimental,PDB,Unknown,clean_6AV5,False
clean_4PRY.pdb,Experimental,PDB,Unknown,clean_4PRY,False
clean_5Y65.pdb,Experimental,PDB,Unknown,clean_5Y65,False
clean_7XOU.pdb,Experimental,PDB,Unknown,clean_7XOU,False
clean_3UII.pdb,Experimental,PDB,Unknown,clean_3UII,False
clean_2D4C.pdb,Experimental,PDB,Unknown,clean_2D4C,False
clean_4H3J.pdb,Experimental,PDB,Unknown,clean_4H3J,False
clean_8F7X.pdb,Experimental,PDB,Unknown,clean_8F7X,False
clean_8EWP.pdb,Experimental,PDB,Unknown,clean_8EWP,False
clean_8XLO.pdb,Experimental,PDB,Unknown,clean_8XLO,False
clean_7YL1.pdb,Experimental,PDB,Unknown,clean_7YL1,False
clean_1FE3.pdb,Experimental,PDB,Unknown,clean_1FE3,False
clean_1AIE.pdb,Experimental,PDB,Unknown,clean_1AIE,False
clean_5JSM.pdb,Experimental,PDB,Unknown,clean_5JSM,False
clean_8F76.pdb,Experimental,PDB,Unknown,clean_8F76,False
clean_4UI6.pdb,Experimental,PDB,Unknown,clean_4UI6,False
clean_4UVX.pdb,Experimental,PDB,Unknown,clean_4UVX,False
clean_5WBZ.pdb,Experimental,PDB,Unknown,clean_5WBZ,False
clean_4K5Y.pdb,Experimental,PDB,Unknown,clean_4K5Y,False
clean_7KTP.pdb,Experimental,PDB,Unknown,clean_7KTP,False
clean_2L35.pdb,Experimental,PDB,Unknown,clean_2L35,False
clean_7BRU.pdb,Experimental,PDB,Unknown,clean_7BRU,False
clean_2B1P.pdb,Experimental,PDB,Unknown,clean_2B1P,False
clean_4YJL.pdb,Experimental,PDB,Unknown,clean_4YJL,False
clean_1MG4.pdb,Experimental,PDB,Unknown,clean_1MG4,False
clean_1SC4.pdb,Experimental,PDB,Unknown,clean_1SC4,False
clean_3F91.pdb,Experimental,PDB,Unknown,clean_3F91,False
clean_5PWS.pdb,Experimental,PDB,Unknown,clean_5PWS,False
clean_3KKA.pdb,Experimental,PDB,Unknown,clean_3KKA,False
clean_8BFA.pdb,Experimental,PDB,Unknown,clean_8BFA,False
clean_7D9T.pdb,Experimental,PDB,Unknown,clean_7D9T,False
clean_6TRJ.pdb,Experimental,PDB,Unknown,clean_6TRJ,False
clean_8VCF.pdb,Experimental,PDB,Unknown,clean_8VCF,False
clean_1XLS.pdb,Experimental,PDB,Unknown,clean_1XLS,False
clean_5SI7.pdb,Experimental,PDB,Unknown,clean_5SI7,False
clean_1UDU.pdb,Experimental,PDB,Unknown,clean_1UDU,False
clean_8BB5.pdb,Experimental,PDB,Unknown,clean_8BB5,False
clean_6BDH.pdb,Experimental,PDB,Unknown,clean_6BDH,False
clean_1HBY.pdb,Experimental,PDB,Unknown,clean_1HBY,False
clean_4UI8.pdb,Experimental,PDB,Unknown,clean_4UI8,False
clean_8QT8.pdb,Experimental,PDB,Unknown,clean_8QT8,False
clean_3VV6.pdb,Experimental,PDB,Unknown,clean_3VV6,False
clean_5HLP.pdb,Experimental,PDB,Unknown,clean_5HLP,False
clean_1WI3.pdb,Experimental,PDB,Unknown,clean_1WI3,False
clean_5SE2.pdb,Experimental,PDB,Unknown,clean_5SE2,False
clean_7NPW.pdb,Experimental,PDB,Unknown,clean_7NPW,False
clean_5QHF.pdb,Experimental,PDB,Unknown,clean_5QHF,False
clean_1EAZ.pdb,Experimental,PDB,Unknown,clean_1EAZ,False
clean_4KBC.pdb,Experimental,PDB,Unknown,clean_4KBC,False
clean_8FHS.pdb,Experimental,PDB,Unknown,clean_8FHS,False
clean_7XBW.pdb,Experimental,PDB,Unknown,clean_7XBW,False
clean_7BPI.pdb,Experimental,PDB,Unknown,clean_7BPI,False
clean_5YQL.pdb,Experimental,PDB,Unknown,clean_5YQL,False
clean_4OMJ.pdb,Experimental,PDB,Unknown,clean_4OMJ,False
clean_4X3E.pdb,Experimental,PDB,Unknown,clean_4X3E,False
clean_4QUD.pdb,Experimental,PDB,Unknown,clean_4QUD,False
clean_1Q5K.pdb,Experimental,PDB,Unknown,clean_1Q5K,False
clean_7CMU.pdb,Experimental,PDB,Unknown,clean_7CMU,False
clean_4QXF.pdb,Experimental,PDB,Unknown,clean_4QXF,False
clean_6VR5.pdb,Experimental,PDB,Unknown,clean_6VR5,False
clean_7N2S.pdb,Experimental,PDB,Unknown,clean_7N2S,False
clean_4GS6.pdb,Experimental,PDB,Unknown,clean_4GS6,False
clean_1UDT.pdb,Experimental,PDB,Unknown,clean_1UDT,False
clean_9BFK.pdb,Experimental,PDB,Unknown,clean_9BFK,False
clean_8BI9.pdb,Experimental,PDB,Unknown,clean_8BI9,False
clean_3Q26.pdb,Experimental,PDB,Unknown,clean_3Q26,False
clean_7EW7.pdb,Experimental,PDB,Unknown,clean_7EW7,False
clean_4PZW.pdb,Experimental,PDB,Unknown,clean_4PZW,False
clean_8GFZ.pdb,Experimental,PDB,Unknown,clean_8GFZ,False
clean_4K9U.pdb,Experimental,PDB,Unknown,clean_4K9U,False
clean_2CG5.pdb,Experimental,PDB,Unknown,clean_2CG5,False
clean_7APK.pdb,Experimental,PDB,Unknown,clean_7APK,False
clean_1OR3.pdb,Experimental,PDB,Unknown,clean_1OR3,False
clean_7SD0.pdb,Experimental,PDB,Unknown,clean_7SD0,False
clean_8IJD.pdb,Experimental,PDB,Unknown,clean_8IJD,False
clean_8WC7.pdb,Experimental,PDB,Unknown,clean_8WC7,False
clean_8V5I.pdb,Experimental,PDB,Unknown,clean_8V5I,False
clean_4XUD.pdb,Experimental,PDB,Unknown,clean_4XUD,False
clean_7TZ7.pdb,Experimental,PDB,Unknown,clean_7TZ7,False
clean_7P7F.pdb,Experimental,PDB,Unknown,clean_7P7F,False
clean_5O1H.pdb,Experimental,PDB,Unknown,clean_5O1H,False
clean_4F12.pdb,Experimental,PDB,Unknown,clean_4F12,False
clean_8VSD.pdb,Experimental,PDB,Unknown,clean_8VSD,False
clean_4QJC.pdb,Experimental,PDB,Unknown,clean_4QJC,False
clean_6URR.pdb,Experimental,PDB,Unknown,clean_6URR,False
clean_3BWM.pdb,Experimental,PDB,Unknown,clean_3BWM,False
clean_3BI1.pdb,Experimental,PDB,Unknown,clean_3BI1,False
clean_4J1E.pdb,Experimental,PDB,Unknown,clean_4J1E,False
clean_6P9Y.pdb,Experimental,PDB,Unknown,clean_6P9Y,False
clean_5J1T.pdb,Experimental,PDB,Unknown,clean_5J1T,False
clean_8P3I.pdb,Experimental,PDB,Unknown,clean_8P3I,False
clean_3U4H.pdb,Experimental,PDB,Unknown,clean_3U4H,False
clean_8GE8.pdb,Experimental,PDB,Unknown,clean_8GE8,False
clean_7XZ6.pdb,Experimental,PDB,Unknown,clean_7XZ6,False
clean_5SG8.pdb,Experimental,PDB,Unknown,clean_5SG8,False
clean_4P60.pdb,Experimental,PDB,Unknown,clean_4P60,False
clean_2KY5.pdb,Experimental,PDB,Unknown,clean_2KY5,False
clean_6NG2.pdb,Experimental,PDB,Unknown,clean_6NG2,False
clean_2DNF.pdb,Experimental,PDB,Unknown,clean_2DNF,False
clean_8OSC.pdb,Experimental,PDB,Unknown,clean_8OSC,False
clean_7CFM.pdb,Experimental,PDB,Unknown,clean_7CFM,False
clean_5IAJ.pdb,Experimental,PDB,Unknown,clean_5IAJ,False
clean_5SK1.pdb,Experimental,PDB,Unknown,clean_5SK1,False
clean_4UI4.pdb,Experimental,PDB,Unknown,clean_4UI4,False
clean_5NK8.pdb,Experimental,PDB,Unknown,clean_5NK8,False
clean_3U9Y.pdb,Experimental,PDB,Unknown,clean_3U9Y,False
clean_3SKJ.pdb,Experimental,PDB,Unknown,clean_3SKJ,False
clean_2JE1.pdb,Experimental,PDB,Unknown,clean_2JE1,False
clean_3UG8.pdb,Experimental,PDB,Unknown,clean_3UG8,False
clean_7JVP.pdb,Experimental,PDB,Unknown,clean_7JVP,False
clean_4FRK.pdb,Experimental,PDB,Unknown,clean_4FRK,False
clean_3WOY.pdb,Experimental,PDB,Unknown,clean_3WOY,False
clean_8G7X.pdb,Experimental,PDB,Unknown,clean_8G7X,False
clean_5LF3.pdb,Experimental,PDB,Unknown,clean_5LF3,False
clean_5SJK.pdb,Experimental,PDB,Unknown,clean_5SJK,False
clean_3DZF.pdb,Experimental,PDB,Unknown,clean_3DZF,False
clean_7QN7.pdb,Experimental,PDB,Unknown,clean_7QN7,False
clean_4TN6.pdb,Experimental,PDB,Unknown,clean_4TN6,False
clean_6PHP.pdb,Experimental,PDB,Unknown,clean_6PHP,False
clean_6XWD.pdb,Experimental,PDB,Unknown,clean_6XWD,False
clean_4ACU.pdb,Experimental,PDB,Unknown,clean_4ACU,False
clean_9BBM.pdb,Experimental,PDB,Unknown,clean_9BBM,False
clean_9H8S.pdb,Experimental,PDB,Unknown,clean_9H8S,False
clean_5NDD.pdb,Experimental,PDB,Unknown,clean_5NDD,False
clean_8TM0.pdb,Experimental,PDB,Unknown,clean_8TM0,False
clean_8JJ9.pdb,Experimental,PDB,Unknown,clean_8JJ9,False
clean_9E1T.pdb,Experimental,PDB,Unknown,clean_9E1T,False
clean_7VIG.pdb,Experimental,PDB,Unknown,clean_7VIG,False
clean_2JOD.pdb,Experimental,PDB,Unknown,clean_2JOD,False
clean_9BQJ.pdb,Experimental,PDB,Unknown,clean_9BQJ,False
clean_7R03.pdb,Experimental,PDB,Unknown,clean_7R03,False
clean_4K9V.pdb,Experimental,PDB,Unknown,clean_4K9V,False
clean_4YVX.pdb,Experimental,PDB,Unknown,clean_4YVX,False
clean_7RTZ.pdb,Experimental,PDB,Unknown,clean_7RTZ,False
clean_2A3R.pdb,Experimental,PDB,Unknown,clean_2A3R,False
clean_4ZK5.pdb,Experimental,PDB,Unknown,clean_4ZK5,False
clean_8PKM.pdb,Experimental,PDB,Unknown,clean_8PKM,False
clean_5U6P.pdb,Experimental,PDB,Unknown,clean_5U6P,False
clean_6ME4.pdb,Experimental,PDB,Unknown,clean_6ME4,False
clean_8IZB.pdb,Experimental,PDB,Unknown,clean_8IZB,False
clean_8F7Q.pdb,Experimental,PDB,Unknown,clean_8F7Q,False
clean_8PQJ.pdb,Experimental,PDB,Unknown,clean_8PQJ,False
clean_8GWH.pdb,Experimental,PDB,Unknown,clean_8GWH,False
clean_6N0D.pdb,Experimental,PDB,Unknown,clean_6N0D,False
clean_3FC6.pdb,Experimental,PDB,Unknown,clean_3FC6,False
clean_8YUT.pdb,Experimental,PDB,Unknown,clean_8YUT,False
clean_2E2R.pdb,Experimental,PDB,Unknown,clean_2E2R,False
clean_4MCS.pdb,Experimental,PDB,Unknown,clean_4MCS,False
clean_8TZC.pdb,Experimental,PDB,Unknown,clean_8TZC,False
clean_2K1R.pdb,Experimental,PDB,Unknown,clean_2K1R,False
clean_3C0I.pdb,Experimental,PDB,Unknown,clean_3C0I,False
clean_5WBR.pdb,Experimental,PDB,Unknown,clean_5WBR,False
clean_2STW.pdb,Experimental,PDB,Unknown,clean_2STW,False
clean_3SKC.pdb,Experimental,PDB,Unknown,clean_3SKC,False
clean_8XV3.pdb,Experimental,PDB,Unknown,clean_8XV3,False
clean_3ZJY.pdb,Experimental,PDB,Unknown,clean_3ZJY,False
clean_6TPA.pdb,Experimental,PDB,Unknown,clean_6TPA,False
clean_8ZQR.pdb,Experimental,PDB,Unknown,clean_8ZQR,False
clean_8UGY.pdb,Experimental,PDB,Unknown,clean_8UGY,False
clean_6DJG.pdb,Experimental,PDB,Unknown,clean_6DJG,False
clean_5L6W.pdb,Experimental,PDB,Unknown,clean_5L6W,False
clean_8IZY.pdb,Experimental,PDB,Unknown,clean_8IZY,False
clean_7XZZ.pdb,Experimental,PDB,Unknown,clean_7XZZ,False
clean_7PGQ.pdb,Experimental,PDB,Unknown,clean_7PGQ,False
clean_2ABJ.pdb,Experimental,PDB,Unknown,clean_2ABJ,False
clean_8EOG.pdb,Experimental,PDB,Unknown,clean_8EOG,False
clean_6P5P.pdb,Experimental,PDB,Unknown,clean_6P5P,False
clean_4DVQ.pdb,Experimental,PDB,Unknown,clean_4DVQ,False
clean_8TQW.pdb,Experimental,PDB,Unknown,clean_8TQW,False
clean_7MN5.pdb,Experimental,PDB,Unknown,clean_7MN5,False
clean_7T6B.pdb,Experimental,PDB,Unknown,clean_7T6B,False
clean_6OSA.pdb,Experimental,PDB,Unknown,clean_6OSA,False
clean_8HMV.pdb,Experimental,PDB,Unknown,clean_8HMV,False
clean_4V04.pdb,Experimental,PDB,Unknown,clean_4V04,False
clean_5SXF.pdb,Experimental,PDB,Unknown,clean_5SXF,False
clean_8QWL.pdb,Experimental,PDB,Unknown,clean_8QWL,False
clean_2COD.pdb,Experimental,PDB,Unknown,clean_2COD,False
clean_4HT1.pdb,Experimental,PDB,Unknown,clean_4HT1,False
clean_7FSX.pdb,Experimental,PDB,Unknown,clean_7FSX,False
clean_3WTZ.pdb,Experimental,PDB,Unknown,clean_3WTZ,False
clean_6WO9.pdb,Experimental,PDB,Unknown,clean_6WO9,False
clean_7TW3.pdb,Experimental,PDB,Unknown,clean_7TW3,False
clean_4KZJ.pdb,Experimental,PDB,Unknown,clean_4KZJ,False
clean_2QQ2.pdb,Experimental,PDB,Unknown,clean_2QQ2,False
clean_3HHM.pdb,Experimental,PDB,Unknown,clean_3HHM,False
clean_1O4O.pdb,Experimental,PDB,Unknown,clean_1O4O,False
clean_6ED6.pdb,Experimental,PDB,Unknown,clean_6ED6,False
clean_5SIB.pdb,Experimental,PDB,Unknown,clean_5SIB,False
clean_3NMZ.pdb,Experimental,PDB,Unknown,clean_3NMZ,False
clean_4HA5.pdb,Experimental,PDB,Unknown,clean_4HA5,False
clean_8P0X.pdb,Experimental,PDB,Unknown,clean_8P0X,False
clean_7TN4.pdb,Experimental,PDB,Unknown,clean_7TN4,False
clean_3GD8.pdb,Experimental,PDB,Unknown,clean_3GD8,False
clean_6JOK.pdb,Experimental,PDB,Unknown,clean_6JOK,False
clean_8U4P.pdb,Experimental,PDB,Unknown,clean_8U4P,False
clean_8BJA.pdb,Experimental,PDB,Unknown,clean_8BJA,False
clean_6URL.pdb,Experimental,PDB,Unknown,clean_6URL,False
clean_6S39.pdb,Experimental,PDB,Unknown,clean_6S39,False
clean_6SDC.pdb,Experimental,PDB,Unknown,clean_6SDC,False
clean_5PWT.pdb,Experimental,PDB,Unknown,clean_5PWT,False
clean_7B7N.pdb,Experimental,PDB,Unknown,clean_7B7N,False
clean_1BA6.pdb,Experimental,PDB,Unknown,clean_1BA6,False
clean_8X92.pdb,Experimental,PDB,Unknown,clean_8X92,False
clean_6M8S.pdb,Experimental,PDB,Unknown,clean_6M8S,False
clean_4CXW.pdb,Experimental,PDB,Unknown,clean_4CXW,False
clean_9ERM.pdb,Experimental,PDB,Unknown,clean_9ERM,False
clean_5SEO.pdb,Experimental,PDB,Unknown,clean_5SEO,False
clean_4PZX.pdb,Experimental,PDB,Unknown,clean_4PZX,False
clean_8X7B.pdb,Experimental,PDB,Unknown,clean_8X7B,False
clean_1SHY.pdb,Experimental,PDB,Unknown,clean_1SHY,False
clean_2P5X.pdb,Experimental,PDB,Unknown,clean_2P5X,False
clean_1N29.pdb,Experimental,PDB,Unknown,clean_1N29,False
clean_6QJQ.pdb,Experimental,PDB,Unknown,clean_6QJQ,False
clean_5AL3.pdb,Experimental,PDB,Unknown,clean_5AL3,False
clean_2I32.pdb,Experimental,PDB,Unknown,clean_2I32,False
clean_7LQ1.pdb,Experimental,PDB,Unknown,clean_7LQ1,False
clean_5C29.pdb,Experimental,PDB,Unknown,clean_5C29,False
clean_3LW1.pdb,Experimental,PDB,Unknown,clean_3LW1,False
clean_5CSF.pdb,Experimental,PDB,Unknown,clean_5CSF,False
clean_4P6W.pdb,Experimental,PDB,Unknown,clean_4P6W,False
clean_8ZJD.pdb,Experimental,PDB,Unknown,clean_8ZJD,False
clean_3KJF.pdb,Experimental,PDB,Unknown,clean_3KJF,False
clean_8Q9M.pdb,Experimental,PDB,Unknown,clean_8Q9M,False
clean_2DQ5.pdb,Experimental,PDB,Unknown,clean_2DQ5,False
clean_7O1Q.pdb,Experimental,PDB,Unknown,clean_7O1Q,False
clean_5JYO.pdb,Experimental,PDB,Unknown,clean_5JYO,False
clean_6O3A.pdb,Experimental,PDB,Unknown,clean_6O3A,False
clean_6WKR.pdb,Experimental,PDB,Unknown,clean_6WKR,False
clean_4QMU.pdb,Experimental,PDB,Unknown,clean_4QMU,False
clean_2LZL.pdb,Experimental,PDB,Unknown,clean_2LZL,False
clean_3BUH.pdb,Experimental,PDB,Unknown,clean_3BUH,False
clean_2ZT6.pdb,Experimental,PDB,Unknown,clean_2ZT6,False
clean_5J3S.pdb,Experimental,PDB,Unknown,clean_5J3S,False
clean_1UJK.pdb,Experimental,PDB,Unknown,clean_1UJK,False
clean_5U7K.pdb,Experimental,PDB,Unknown,clean_5U7K,False
clean_8GEF.pdb,Experimental,PDB,Unknown,clean_8GEF,False
clean_1Y8O.pdb,Experimental,PDB,Unknown,clean_1Y8O,False
clean_2WTT.pdb,Experimental,PDB,Unknown,clean_2WTT,False
clean_6RTB.pdb,Experimental,PDB,Unknown,clean_6RTB,False
clean_2DP4.pdb,Experimental,PDB,Unknown,clean_2DP4,False
clean_4RP7.pdb,Experimental,PDB,Unknown,clean_4RP7,False
clean_1X6G.pdb,Experimental,PDB,Unknown,clean_1X6G,False
clean_5SDX.pdb,Experimental,PDB,Unknown,clean_5SDX,False
clean_6BVB.pdb,Experimental,PDB,Unknown,clean_6BVB,False
clean_1PKS.pdb,Experimental,PDB,Unknown,clean_1PKS,False
clean_6JDW.pdb,Experimental,PDB,Unknown,clean_6JDW,False
clean_8I4O.pdb,Experimental,PDB,Unknown,clean_8I4O,False
clean_2CHM.pdb,Experimental,PDB,Unknown,clean_2CHM,False
clean_9CXC.pdb,Experimental,PDB,Unknown,clean_9CXC,False
clean_5BO6.pdb,Experimental,PDB,Unknown,clean_5BO6,False
clean_6SAD.pdb,Experimental,PDB,Unknown,clean_6SAD,False
clean_5D68.pdb,Experimental,PDB,Unknown,clean_5D68,False
clean_4CWD.pdb,Experimental,PDB,Unknown,clean_4CWD,False
clean_7X84.pdb,Experimental,PDB,Unknown,clean_7X84,False
clean_7U14.pdb,Experimental,PDB,Unknown,clean_7U14,False
clean_5C23.pdb,Experimental,PDB,Unknown,clean_5C23,False
clean_7JV5.pdb,Experimental,PDB,Unknown,clean_7JV5,False
clean_5HNI.pdb,Experimental,PDB,Unknown,clean_5HNI,False
clean_3UDH.pdb,Experimental,PDB,Unknown,clean_3UDH,False
clean_7B4F.pdb,Experimental,PDB,Unknown,clean_7B4F,False
clean_2RD0.pdb,Experimental,PDB,Unknown,clean_2RD0,False
clean_8QMO.pdb,Experimental,PDB,Unknown,clean_8QMO,False
clean_8ZWH.pdb,Experimental,PDB,Unknown,clean_8ZWH,False
clean_7XMS.pdb,Experimental,PDB,Unknown,clean_7XMS,False
clean_3BXK.pdb,Experimental,PDB,Unknown,clean_3BXK,False
clean_2N0A.pdb,Experimental,PDB,Unknown,clean_2N0A,False
clean_2ERS.pdb,Experimental,PDB,Unknown,clean_2ERS,False
clean_5XGH.pdb,Experimental,PDB,Unknown,clean_5XGH,False
clean_4XY2.pdb,Experimental,PDB,Unknown,clean_4XY2,False
clean_5M7R.pdb,Experimental,PDB,Unknown,clean_5M7R,False
clean_2F5H.pdb,Experimental,PDB,Unknown,clean_2F5H,False
clean_3WTS.pdb,Experimental,PDB,Unknown,clean_3WTS,False
clean_4TW9.pdb,Experimental,PDB,Unknown,clean_4TW9,False
clean_3EFJ.pdb,Experimental,PDB,Unknown,clean_3EFJ,False
clean_8Q2K.pdb,Experimental,PDB,Unknown,clean_8Q2K,False
clean_2XSS.pdb,Experimental,PDB,Unknown,clean_2XSS,False
clean_7BRH.pdb,Experimental,PDB,Unknown,clean_7BRH,False
clean_7FSV.pdb,Experimental,PDB,Unknown,clean_7FSV,False
clean_5HE4.pdb,Experimental,PDB,Unknown,clean_5HE4,False
clean_2C1E.pdb,Experimental,PDB,Unknown,clean_2C1E,False
clean_7XAU.pdb,Experimental,PDB,Unknown,clean_7XAU,False
clean_8BFB.pdb,Experimental,PDB,Unknown,clean_8BFB,False
clean_8X52.pdb,Experimental,PDB,Unknown,clean_8X52,False
clean_5EG0.pdb,Experimental,PDB,Unknown,clean_5EG0,False
clean_8WI4.pdb,Experimental,PDB,Unknown,clean_8WI4,False
clean_8ORG.pdb,Experimental,PDB,Unknown,clean_8ORG,False
clean_8SC6.pdb,Experimental,PDB,Unknown,clean_8SC6,False
clean_3IO6.pdb,Experimental,PDB,Unknown,clean_3IO6,False
clean_8OQA.pdb,Experimental,PDB,Unknown,clean_8OQA,False
clean_1Z6W.pdb,Experimental,PDB,Unknown,clean_1Z6W,False
clean_5PWK.pdb,Experimental,PDB,Unknown,clean_5PWK,False
clean_8EDM.pdb,Experimental,PDB,Unknown,clean_8EDM,False
clean_2MVN.pdb,Experimental,PDB,Unknown,clean_2MVN,False
clean_5SFL.pdb,Experimental,PDB,Unknown,clean_5SFL,False
clean_8YHU.pdb,Experimental,PDB,Unknown,clean_8YHU,False
clean_7UPG.pdb,Experimental,PDB,Unknown,clean_7UPG,False
clean_7SIM.pdb,Experimental,PDB,Unknown,clean_7SIM,False
clean_9B54.pdb,Experimental,PDB,Unknown,clean_9B54,False
clean_1RWW.pdb,Experimental,PDB,Unknown,clean_1RWW,False
clean_6CYC.pdb,Experimental,PDB,Unknown,clean_6CYC,False
clean_7JQD.pdb,Experimental,PDB,Unknown,clean_7JQD,False
clean_1P63.pdb,Experimental,PDB,Unknown,clean_1P63,False
clean_4ZSH.pdb,Experimental,PDB,Unknown,clean_4ZSH,False
clean_6RGQ.pdb,Experimental,PDB,Unknown,clean_6RGQ,False
clean_9DA4.pdb,Experimental,PDB,Unknown,clean_9DA4,False
clean_2HZ9.pdb,Experimental,PDB,Unknown,clean_2HZ9,False
clean_7F1Z.pdb,Experimental,PDB,Unknown,clean_7F1Z,False
clean_4REE.pdb,Experimental,PDB,Unknown,clean_4REE,False
clean_4USE.pdb,Experimental,PDB,Unknown,clean_4USE,False
clean_6A6B.pdb,Experimental,PDB,Unknown,clean_6A6B,False
clean_8BM5.pdb,Experimental,PDB,Unknown,clean_8BM5,False
clean_1WJM.pdb,Experimental,PDB,Unknown,clean_1WJM,False
clean_8I97.pdb,Experimental,PDB,Unknown,clean_8I97,False
clean_6WOG.pdb,Experimental,PDB,Unknown,clean_6WOG,False
clean_1KLV.pdb,Experimental,PDB,Unknown,clean_1KLV,False
clean_7PG5.pdb,Experimental,PDB,Unknown,clean_7PG5,False
clean_4P4B.pdb,Experimental,PDB,Unknown,clean_4P4B,False
clean_4F7S.pdb,Experimental,PDB,Unknown,clean_4F7S,False
clean_3M1S.pdb,Experimental,PDB,Unknown,clean_3M1S,False
clean_2GVP.pdb,Experimental,PDB,Unknown,clean_2GVP,False
clean_3MX0.pdb,Experimental,PDB,Unknown,clean_3MX0,False
clean_9CZP.pdb,Experimental,PDB,Unknown,clean_9CZP,False
clean_4I12.pdb,Experimental,PDB,Unknown,clean_4I12,False
clean_3ROD.pdb,Experimental,PDB,Unknown,clean_3ROD,False
clean_1O46.pdb,Experimental,PDB,Unknown,clean_1O46,False
clean_4AWJ.pdb,Experimental,PDB,Unknown,clean_4AWJ,False
clean_5SKE.pdb,Experimental,PDB,Unknown,clean_5SKE,False
clean_4HMN.pdb,Experimental,PDB,Unknown,clean_4HMN,False
clean_5ZTY.pdb,Experimental,PDB,Unknown,clean_5ZTY,False
clean_2H61.pdb,Experimental,PDB,Unknown,clean_2H61,False
clean_1H45.pdb,Experimental,PDB,Unknown,clean_1H45,False
clean_8GEJ.pdb,Experimental,PDB,Unknown,clean_8GEJ,False
clean_8OVM.pdb,Experimental,PDB,Unknown,clean_8OVM,False
clean_5L73.pdb,Experimental,PDB,Unknown,clean_5L73,False
clean_3ZKQ.pdb,Experimental,PDB,Unknown,clean_3ZKQ,False
clean_6S3C.pdb,Experimental,PDB,Unknown,clean_6S3C,False
clean_8H9Q.pdb,Experimental,PDB,Unknown,clean_8H9Q,False
clean_7KX6.pdb,Experimental,PDB,Unknown,clean_7KX6,False
clean_3RTM.pdb,Experimental,PDB,Unknown,clean_3RTM,False
clean_6V34.pdb,Experimental,PDB,Unknown,clean_6V34,False
clean_4J1C.pdb,Experimental,PDB,Unknown,clean_4J1C,False
clean_3UQX.pdb,Experimental,PDB,Unknown,clean_3UQX,False
clean_6Y4O.pdb,Experimental,PDB,Unknown,clean_6Y4O,False
clean_1U3B.pdb,Experimental,PDB,Unknown,clean_1U3B,False
clean_8Q99.pdb,Experimental,PDB,Unknown,clean_8Q99,False
clean_6GPJ.pdb,Experimental,PDB,Unknown,clean_6GPJ,False
clean_6F5L.pdb,Experimental,PDB,Unknown,clean_6F5L,False
clean_7MSB.pdb,Experimental,PDB,Unknown,clean_7MSB,False
clean_5UC3.pdb,Experimental,PDB,Unknown,clean_5UC3,False
clean_4W4V.pdb,Experimental,PDB,Unknown,clean_4W4V,False
clean_8FPT.pdb,Experimental,PDB,Unknown,clean_8FPT,False
clean_1AQC.pdb,Experimental,PDB,Unknown,clean_1AQC,False
clean_5PXS.pdb,Experimental,PDB,Unknown,clean_5PXS,False
clean_8F6G.pdb,Experimental,PDB,Unknown,clean_8F6G,False
clean_8HMA.pdb,Experimental,PDB,Unknown,clean_8HMA,False
clean_6BF9.pdb,Experimental,PDB,Unknown,clean_6BF9,False
clean_8QQF.pdb,Experimental,PDB,Unknown,clean_8QQF,False
clean_3I2E.pdb,Experimental,PDB,Unknown,clean_3I2E,False
clean_4UFS.pdb,Experimental,PDB,Unknown,clean_4UFS,False
clean_7D8P.pdb,Experimental,PDB,Unknown,clean_7D8P,False
clean_6AGJ.pdb,Experimental,PDB,Unknown,clean_6AGJ,False
clean_8V0B.pdb,Experimental,PDB,Unknown,clean_8V0B,False
clean_3F7Z.pdb,Experimental,PDB,Unknown,clean_3F7Z,False
clean_8X81.pdb,Experimental,PDB,Unknown,clean_8X81,False
clean_6FF9.pdb,Experimental,PDB,Unknown,clean_6FF9,False
clean_6N4P.pdb,Experimental,PDB,Unknown,clean_6N4P,False
clean_8DCP.pdb,Experimental,PDB,Unknown,clean_8DCP,False
clean_7FSJ.pdb,Experimental,PDB,Unknown,clean_7FSJ,False
clean_4KZL.pdb,Experimental,PDB,Unknown,clean_4KZL,False
clean_6XZ9.pdb,Experimental,PDB,Unknown,clean_6XZ9,False
clean_1ESR.pdb,Experimental,PDB,Unknown,clean_1ESR,False
clean_6IIT.pdb,Experimental,PDB,Unknown,clean_6IIT,False
clean_1YOM.pdb,Experimental,PDB,Unknown,clean_1YOM,False
clean_7SCE.pdb,Experimental,PDB,Unknown,clean_7SCE,False
clean_7Y65.pdb,Experimental,PDB,Unknown,clean_7Y65,False
clean_4ZSP.pdb,Experimental,PDB,Unknown,clean_4ZSP,False
clean_4ORW.pdb,Experimental,PDB,Unknown,clean_4ORW,False
clean_6BD2.pdb,Experimental,PDB,Unknown,clean_6BD2,False
clean_8E6U.pdb,Experimental,PDB,Unknown,clean_8E6U,False
clean_2J8Q.pdb,Experimental,PDB,Unknown,clean_2J8Q,False
clean_5EW8.pdb,Experimental,PDB,Unknown,clean_5EW8,False
clean_5ZS8.pdb,Experimental,PDB,Unknown,clean_5ZS8,False
clean_1YJR.pdb,Experimental,PDB,Unknown,clean_1YJR,False
clean_4PS0.pdb,Experimental,PDB,Unknown,clean_4PS0,False
clean_5U6D.pdb,Experimental,PDB,Unknown,clean_5U6D,False
clean_5HF3.pdb,Experimental,PDB,Unknown,clean_5HF3,False
clean_3BAQ.pdb,Experimental,PDB,Unknown,clean_3BAQ,False
clean_8OUU.pdb,Experimental,PDB,Unknown,clean_8OUU,False
clean_8RH8.pdb,Experimental,PDB,Unknown,clean_8RH8,False
clean_3LJU.pdb,Experimental,PDB,Unknown,clean_3LJU,False
clean_8P82.pdb,Experimental,PDB,Unknown,clean_8P82,False
clean_8K6M.pdb,Experimental,PDB,Unknown,clean_8K6M,False
clean_8TYW.pdb,Experimental,PDB,Unknown,clean_8TYW,False
clean_4J0Y.pdb,Experimental,PDB,Unknown,clean_4J0Y,False
clean_8GG6.pdb,Experimental,PDB,Unknown,clean_8GG6,False
clean_8EFO.pdb,Experimental,PDB,Unknown,clean_8EFO,False
clean_5HID.pdb,Experimental,PDB,Unknown,clean_5HID,False
clean_5E90.pdb,Experimental,PDB,Unknown,clean_5E90,False
clean_6PZ4.pdb,Experimental,PDB,Unknown,clean_6PZ4,False
clean_6MSA.pdb,Experimental,PDB,Unknown,clean_6MSA,False
clean_8P0W.pdb,Experimental,PDB,Unknown,clean_8P0W,False
clean_8ANK.pdb,Experimental,PDB,Unknown,clean_8ANK,False
clean_7P6N.pdb,Experimental,PDB,Unknown,clean_7P6N,False
clean_4QXE.pdb,Experimental,PDB,Unknown,clean_4QXE,False
clean_2CDR.pdb,Experimental,PDB,Unknown,clean_2CDR,False
clean_7RNS.pdb,Experimental,PDB,Unknown,clean_7RNS,False
clean_5HE7.pdb,Experimental,PDB,Unknown,clean_5HE7,False
clean_4J23.pdb,Experimental,PDB,Unknown,clean_4J23,False
clean_4NKS.pdb,Experimental,PDB,Unknown,clean_4NKS,False
clean_2YBX.pdb,Experimental,PDB,Unknown,clean_2YBX,False
clean_7BV4.pdb,Experimental,PDB,Unknown,clean_7BV4,False
clean_4KYO.pdb,Experimental,PDB,Unknown,clean_4KYO,False
clean_3L3R.pdb,Experimental,PDB,Unknown,clean_3L3R,False
clean_3DXD.pdb,Experimental,PDB,Unknown,clean_3DXD,False
clean_7B30.pdb,Experimental,PDB,Unknown,clean_7B30,False
clean_6KMH.pdb,Experimental,PDB,Unknown,clean_6KMH,False
clean_6EL9.pdb,Experimental,PDB,Unknown,clean_6EL9,False
clean_1Y7N.pdb,Experimental,PDB,Unknown,clean_1Y7N,False
clean_8AAU.pdb,Experimental,PDB,Unknown,clean_8AAU,False
clean_6N13.pdb,Experimental,PDB,Unknown,clean_6N13,False
clean_8JP1.pdb,Experimental,PDB,Unknown,clean_8JP1,False
clean_4RWI.pdb,Experimental,PDB,Unknown,clean_4RWI,False
clean_6TKK.pdb,Experimental,PDB,Unknown,clean_6TKK,False
clean_1AXC.pdb,Experimental,PDB,Unknown,clean_1AXC,False
clean_7M3F.pdb,Experimental,PDB,Unknown,clean_7M3F,False
clean_3EXO.pdb,Experimental,PDB,Unknown,clean_3EXO,False
clean_4QUG.pdb,Experimental,PDB,Unknown,clean_4QUG,False
clean_4UDD.pdb,Experimental,PDB,Unknown,clean_4UDD,False
clean_6O4G.pdb,Experimental,PDB,Unknown,clean_6O4G,False
clean_6E37.pdb,Experimental,PDB,Unknown,clean_6E37,False
clean_8CVX.pdb,Experimental,PDB,Unknown,clean_8CVX,False
clean_1FMK.pdb,Experimental,PDB,Unknown,clean_1FMK,False
clean_5ITD.pdb,Experimental,PDB,Unknown,clean_5ITD,False
clean_3MHK.pdb,Experimental,PDB,Unknown,clean_3MHK,False
clean_3UD9.pdb,Experimental,PDB,Unknown,clean_3UD9,False
clean_4ORH.pdb,Experimental,PDB,Unknown,clean_4ORH,False
clean_7P6C.pdb,Experimental,PDB,Unknown,clean_7P6C,False
clean_8UNL.pdb,Experimental,PDB,Unknown,clean_8UNL,False
clean_8SL4.pdb,Experimental,PDB,Unknown,clean_8SL4,False
clean_4H3B.pdb,Experimental,PDB,Unknown,clean_4H3B,False
clean_5VVU.pdb,Experimental,PDB,Unknown,clean_5VVU,False
clean_8UO4.pdb,Experimental,PDB,Unknown,clean_8UO4,False
clean_3UWE.pdb,Experimental,PDB,Unknown,clean_3UWE,False
clean_6SO5.pdb,Experimental,PDB,Unknown,clean_6SO5,False
clean_7FT3.pdb,Experimental,PDB,Unknown,clean_7FT3,False
clean_7SIN.pdb,Experimental,PDB,Unknown,clean_7SIN,False
clean_8FUG.pdb,Experimental,PDB,Unknown,clean_8FUG,False
clean_3H8Z.pdb,Experimental,PDB,Unknown,clean_3H8Z,False
clean_7REN.pdb,Experimental,PDB,Unknown,clean_7REN,False
clean_4UI7.pdb,Experimental,PDB,Unknown,clean_4UI7,False
clean_1MVC.pdb,Experimental,PDB,Unknown,clean_1MVC,False
clean_7U10.pdb,Experimental,PDB,Unknown,clean_7U10,False
clean_2COR.pdb,Experimental,PDB,Unknown,clean_2COR,False
clean_6D9H.pdb,Experimental,PDB,Unknown,clean_6D9H,False
clean_8C06.pdb,Experimental,PDB,Unknown,clean_8C06,False
clean_7V0X.pdb,Experimental,PDB,Unknown,clean_7V0X,False
clean_4M7B.pdb,Experimental,PDB,Unknown,clean_4M7B,False
clean_8T51.pdb,Experimental,PDB,Unknown,clean_8T51,False
clean_8OX7.pdb,Experimental,PDB,Unknown,clean_8OX7,False
clean_5FLF.pdb,Experimental,PDB,Unknown,clean_5FLF,False
clean_7VGH.pdb,Experimental,PDB,Unknown,clean_7VGH,False
clean_5O7P.pdb,Experimental,PDB,Unknown,clean_5O7P,False
clean_2Y0J.pdb,Experimental,PDB,Unknown,clean_2Y0J,False
clean_5NIN.pdb,Experimental,PDB,Unknown,clean_5NIN,False
clean_2ORJ.pdb,Experimental,PDB,Unknown,clean_2ORJ,False
clean_3NVN.pdb,Experimental,PDB,Unknown,clean_3NVN,False
clean_6QAP.pdb,Experimental,PDB,Unknown,clean_6QAP,False
clean_2LAN.pdb,Experimental,PDB,Unknown,clean_2LAN,False
clean_4P6X.pdb,Experimental,PDB,Unknown,clean_4P6X,False
clean_8VVF.pdb,Experimental,PDB,Unknown,clean_8VVF,False
clean_8BOD.pdb,Experimental,PDB,Unknown,clean_8BOD,False
clean_7WCL.pdb,Experimental,PDB,Unknown,clean_7WCL,False
clean_4ZSM.pdb,Experimental,PDB,Unknown,clean_4ZSM,False
clean_7UJQ.pdb,Experimental,PDB,Unknown,clean_7UJQ,False
clean_4LOE.pdb,Experimental,PDB,Unknown,clean_4LOE,False
clean_6SI0.pdb,Experimental,PDB,Unknown,clean_6SI0,False
clean_3A7E.pdb,Experimental,PDB,Unknown,clean_3A7E,False
clean_6I62.pdb,Experimental,PDB,Unknown,clean_6I62,False
clean_6Y4P.pdb,Experimental,PDB,Unknown,clean_6Y4P,False
clean_5WVC.pdb,Experimental,PDB,Unknown,clean_5WVC,False
clean_5TXD.pdb,Experimental,PDB,Unknown,clean_5TXD,False
clean_8TBX.pdb,Experimental,PDB,Unknown,clean_8TBX,False
clean_8WRA.pdb,Experimental,PDB,Unknown,clean_8WRA,False
clean_7B4H.pdb,Experimental,PDB,Unknown,clean_7B4H,False
clean_3UDQ.pdb,Experimental,PDB,Unknown,clean_3UDQ,False
clean_8V8J.pdb,Experimental,PDB,Unknown,clean_8V8J,False
clean_6X3W.pdb,Experimental,PDB,Unknown,clean_6X3W,False
clean_8W4T.pdb,Experimental,PDB,Unknown,clean_8W4T,False
clean_3BRW.pdb,Experimental,PDB,Unknown,clean_3BRW,False
clean_8WGD.pdb,Experimental,PDB,Unknown,clean_8WGD,False
clean_8JDW.pdb,Experimental,PDB,Unknown,clean_8JDW,False
clean_3NC9.pdb,Experimental,PDB,Unknown,clean_3NC9,False
clean_8VHF.pdb,Experimental,PDB,Unknown,clean_8VHF,False
clean_4PXZ.pdb,Experimental,PDB,Unknown,clean_4PXZ,False
clean_2DYQ.pdb,Experimental,PDB,Unknown,clean_2DYQ,False
clean_5SFE.pdb,Experimental,PDB,Unknown,clean_5SFE,False
clean_3EU9.pdb,Experimental,PDB,Unknown,clean_3EU9,False
clean_8VG4.pdb,Experimental,PDB,Unknown,clean_8VG4,False
clean_5XQZ.pdb,Experimental,PDB,Unknown,clean_5XQZ,False
clean_5SD9.pdb,Experimental,PDB,Unknown,clean_5SD9,False
clean_7EZK.pdb,Experimental,PDB,Unknown,clean_7EZK,False
clean_7WVY.pdb,Experimental,PDB,Unknown,clean_7WVY,False
clean_2ZDZ.pdb,Experimental,PDB,Unknown,clean_2ZDZ,False
clean_7V48.pdb,Experimental,PDB,Unknown,clean_7V48,False
clean_1O42.pdb,Experimental,PDB,Unknown,clean_1O42,False
clean_4BGK.pdb,Experimental,PDB,Unknown,clean_4BGK,False
clean_5SHJ.pdb,Experimental,PDB,Unknown,clean_5SHJ,False
clean_6GGC.pdb,Experimental,PDB,Unknown,clean_6GGC,False
clean_4EEG.pdb,Experimental,PDB,Unknown,clean_4EEG,False
clean_8OQZ.pdb,Experimental,PDB,Unknown,clean_8OQZ,False
clean_1ZV4.pdb,Experimental,PDB,Unknown,clean_1ZV4,False
clean_1E0O.pdb,Experimental,PDB,Unknown,clean_1E0O,False
clean_4AGN.pdb,Experimental,PDB,Unknown,clean_4AGN,False
clean_8JLR.pdb,Experimental,PDB,Unknown,clean_8JLR,False
clean_2GRQ.pdb,Experimental,PDB,Unknown,clean_2GRQ,False
clean_8HQ2.pdb,Experimental,PDB,Unknown,clean_8HQ2,False
clean_8XQF.pdb,Experimental,PDB,Unknown,clean_8XQF,False
clean_5W7I.pdb,Experimental,PDB,Unknown,clean_5W7I,False
clean_3WYK.pdb,Experimental,PDB,Unknown,clean_3WYK,False
clean_9CHT.pdb,Experimental,PDB,Unknown,clean_9CHT,False
clean_2HXS.pdb,Experimental,PDB,Unknown,clean_2HXS,False
clean_8X2Q.pdb,Experimental,PDB,Unknown,clean_8X2Q,False
clean_8BOC.pdb,Experimental,PDB,Unknown,clean_8BOC,False
clean_6QPJ.pdb,Experimental,PDB,Unknown,clean_6QPJ,False
clean_4ZG6.pdb,Experimental,PDB,Unknown,clean_4ZG6,False
clean_8ZFA.pdb,Experimental,PDB,Unknown,clean_8ZFA,False
clean_6OMN.pdb,Experimental,PDB,Unknown,clean_6OMN,False
clean_7B3Q.pdb,Experimental,PDB,Unknown,clean_7B3Q,False
clean_7SF7.pdb,Experimental,PDB,Unknown,clean_7SF7,False
clean_5X6V.pdb,Experimental,PDB,Unknown,clean_5X6V,False
clean_3TGG.pdb,Experimental,PDB,Unknown,clean_3TGG,False
clean_5CLM.pdb,Experimental,PDB,Unknown,clean_5CLM,False
clean_5A46.pdb,Experimental,PDB,Unknown,clean_5A46,False
clean_4ERC.pdb,Experimental,PDB,Unknown,clean_4ERC,False
clean_3L5D.pdb,Experimental,PDB,Unknown,clean_3L5D,False
clean_2ZAS.pdb,Experimental,PDB,Unknown,clean_2ZAS,False
clean_3BUK.pdb,Experimental,PDB,Unknown,clean_3BUK,False
clean_8EWL.pdb,Experimental,PDB,Unknown,clean_8EWL,False
clean_5VZY.pdb,Experimental,PDB,Unknown,clean_5VZY,False
clean_5SDU.pdb,Experimental,PDB,Unknown,clean_5SDU,False
clean_2ZHV.pdb,Experimental,PDB,Unknown,clean_2ZHV,False
clean_3UDM.pdb,Experimental,PDB,Unknown,clean_3UDM,False
clean_4WNP.pdb,Experimental,PDB,Unknown,clean_4WNP,False
clean_5QGH.pdb,Experimental,PDB,Unknown,clean_5QGH,False
clean_8H0P.pdb,Experimental,PDB,Unknown,clean_8H0P,False
clean_3VLG.pdb,Experimental,PDB,Unknown,clean_3VLG,False
clean_5QH1.pdb,Experimental,PDB,Unknown,clean_5QH1,False
clean_5TWF.pdb,Experimental,PDB,Unknown,clean_5TWF,False
clean_8DGT.pdb,Experimental,PDB,Unknown,clean_8DGT,False
clean_2LY4.pdb,Experimental,PDB,Unknown,clean_2LY4,False
clean_5Y39.pdb,Experimental,PDB,Unknown,clean_5Y39,False
clean_7U11.pdb,Experimental,PDB,Unknown,clean_7U11,False
clean_7XKD.pdb,Experimental,PDB,Unknown,clean_7XKD,False
clean_8WC5.pdb,Experimental,PDB,Unknown,clean_8WC5,False
clean_2HZQ.pdb,Experimental,PDB,Unknown,clean_2HZQ,False
clean_7LD3.pdb,Experimental,PDB,Unknown,clean_7LD3,False
clean_7U36.pdb,Experimental,PDB,Unknown,clean_7U36,False
clean_3OJ2.pdb,Experimental,PDB,Unknown,clean_3OJ2,False
clean_9B9G.pdb,Experimental,PDB,Unknown,clean_9B9G,False
clean_4EEO.pdb,Experimental,PDB,Unknown,clean_4EEO,False
clean_4R5N.pdb,Experimental,PDB,Unknown,clean_4R5N,False
clean_5PYF.pdb,Experimental,PDB,Unknown,clean_5PYF,False
clean_8H36.pdb,Experimental,PDB,Unknown,clean_8H36,False
clean_8Y1P.pdb,Experimental,PDB,Unknown,clean_8Y1P,False
clean_3IOL.pdb,Experimental,PDB,Unknown,clean_3IOL,False
clean_6VCJ.pdb,Experimental,PDB,Unknown,clean_6VCJ,False
clean_1N11.pdb,Experimental,PDB,Unknown,clean_1N11,False
clean_4B05.pdb,Experimental,PDB,Unknown,clean_4B05,False
clean_6UJC.pdb,Experimental,PDB,Unknown,clean_6UJC,False
clean_3DAC.pdb,Experimental,PDB,Unknown,clean_3DAC,False
clean_5M9V.pdb,Experimental,PDB,Unknown,clean_5M9V,False
clean_5NVZ.pdb,Experimental,PDB,Unknown,clean_5NVZ,False
clean_3FMO.pdb,Experimental,PDB,Unknown,clean_3FMO,False
clean_7MKH.pdb,Experimental,PDB,Unknown,clean_7MKH,False
clean_5SG6.pdb,Experimental,PDB,Unknown,clean_5SG6,False
clean_4R91.pdb,Experimental,PDB,Unknown,clean_4R91,False
clean_9ATV.pdb,Experimental,PDB,Unknown,clean_9ATV,False
clean_1FGI.pdb,Experimental,PDB,Unknown,clean_1FGI,False
clean_9DRX.pdb,Experimental,PDB,Unknown,clean_9DRX,False
clean_5PZ4.pdb,Experimental,PDB,Unknown,clean_5PZ4,False
clean_8BZM.pdb,Experimental,PDB,Unknown,clean_8BZM,False
clean_7VV3.pdb,Experimental,PDB,Unknown,clean_7VV3,False
clean_7XBD.pdb,Experimental,PDB,Unknown,clean_7XBD,False
clean_3OAF.pdb,Experimental,PDB,Unknown,clean_3OAF,False
clean_4AVW.pdb,Experimental,PDB,Unknown,clean_4AVW,False
clean_4IUE.pdb,Experimental,PDB,Unknown,clean_4IUE,False
clean_6CVO.pdb,Experimental,PDB,Unknown,clean_6CVO,False
clean_5OWS.pdb,Experimental,PDB,Unknown,clean_5OWS,False
clean_5H25.pdb,Experimental,PDB,Unknown,clean_5H25,False
clean_7RBT.pdb,Experimental,PDB,Unknown,clean_7RBT,False
clean_6HYO.pdb,Experimental,PDB,Unknown,clean_6HYO,False
clean_6DV5.pdb,Experimental,PDB,Unknown,clean_6DV5,False
clean_8C3O.pdb,Experimental,PDB,Unknown,clean_8C3O,False
clean_2MWY.pdb,Experimental,PDB,Unknown,clean_2MWY,False
clean_3QVU.pdb,Experimental,PDB,Unknown,clean_3QVU,False
clean_4XEK.pdb,Experimental,PDB,Unknown,clean_4XEK,False
clean_4M8H.pdb,Experimental,PDB,Unknown,clean_4M8H,False
clean_6A3V.pdb,Experimental,PDB,Unknown,clean_6A3V,False
clean_5SF0.pdb,Experimental,PDB,Unknown,clean_5SF0,False
clean_3L58.pdb,Experimental,PDB,Unknown,clean_3L58,False
clean_7BK4.pdb,Experimental,PDB,Unknown,clean_7BK4,False
clean_1PET.pdb,Experimental,PDB,Unknown,clean_1PET,False
clean_7W77.pdb,Experimental,PDB,Unknown,clean_7W77,False
clean_4BUS.pdb,Experimental,PDB,Unknown,clean_4BUS,False
clean_3DV5.pdb,Experimental,PDB,Unknown,clean_3DV5,False
clean_5OHD.pdb,Experimental,PDB,Unknown,clean_5OHD,False
clean_9IVM.pdb,Experimental,PDB,Unknown,clean_9IVM,False
clean_4MPM.pdb,Experimental,PDB,Unknown,clean_4MPM,False
clean_5U7L.pdb,Experimental,PDB,Unknown,clean_5U7L,False
clean_1TQN.pdb,Experimental,PDB,Unknown,clean_1TQN,False
clean_4UWB.pdb,Experimental,PDB,Unknown,clean_4UWB,False
clean_2X7O.pdb,Experimental,PDB,Unknown,clean_2X7O,False
clean_1UN4.pdb,Experimental,PDB,Unknown,clean_1UN4,False
clean_4LLX.pdb,Experimental,PDB,Unknown,clean_4LLX,False
clean_6OIZ.pdb,Experimental,PDB,Unknown,clean_6OIZ,False
clean_2W84.pdb,Experimental,PDB,Unknown,clean_2W84,False
clean_8AN8.pdb,Experimental,PDB,Unknown,clean_8AN8,False
clean_1Y3J.pdb,Experimental,PDB,Unknown,clean_1Y3J,False
clean_9AXY.pdb,Experimental,PDB,Unknown,clean_9AXY,False
clean_5HOA.pdb,Experimental,PDB,Unknown,clean_5HOA,False
clean_1FQY.pdb,Experimental,PDB,Unknown,clean_1FQY,False
clean_1PWA.pdb,Experimental,PDB,Unknown,clean_1PWA,False
clean_8VNV.pdb,Experimental,PDB,Unknown,clean_8VNV,False
clean_2XN4.pdb,Experimental,PDB,Unknown,clean_2XN4,False
clean_5FBK.pdb,Experimental,PDB,Unknown,clean_5FBK,False
clean_5EZX.pdb,Experimental,PDB,Unknown,clean_5EZX,False
clean_1W3B.pdb,Experimental,PDB,Unknown,clean_1W3B,False
clean_5SHY.pdb,Experimental,PDB,Unknown,clean_5SHY,False
clean_5QCZ.pdb,Experimental,PDB,Unknown,clean_5QCZ,False
clean_6YHF.pdb,Experimental,PDB,Unknown,clean_6YHF,False
clean_2AHI.pdb,Experimental,PDB,Unknown,clean_2AHI,False
clean_4L7J.pdb,Experimental,PDB,Unknown,clean_4L7J,False
clean_3KT9.pdb,Experimental,PDB,Unknown,clean_3KT9,False
clean_4AGO.pdb,Experimental,PDB,Unknown,clean_4AGO,False
clean_4G83.pdb,Experimental,PDB,Unknown,clean_4G83,False
clean_2L34.pdb,Experimental,PDB,Unknown,clean_2L34,False
clean_4UVU.pdb,Experimental,PDB,Unknown,clean_4UVU,False
clean_4RE8.pdb,Experimental,PDB,Unknown,clean_4RE8,False
clean_6UJ1.pdb,Experimental,PDB,Unknown,clean_6UJ1,False
clean_3OFI.pdb,Experimental,PDB,Unknown,clean_3OFI,False
clean_3LMG.pdb,Experimental,PDB,Unknown,clean_3LMG,False
clean_7WIH.pdb,Experimental,PDB,Unknown,clean_7WIH,False
clean_8EWQ.pdb,Experimental,PDB,Unknown,clean_8EWQ,False
clean_5XJU.pdb,Experimental,PDB,Unknown,clean_5XJU,False
clean_7FTD.pdb,Experimental,PDB,Unknown,clean_7FTD,False
clean_8S3R.pdb,Experimental,PDB,Unknown,clean_8S3R,False
clean_4U3Y.pdb,Experimental,PDB,Unknown,clean_4U3Y,False
clean_2FIT.pdb,Experimental,PDB,Unknown,clean_2FIT,False
clean_7SAR.pdb,Experimental,PDB,Unknown,clean_7SAR,False
clean_4USD.pdb,Experimental,PDB,Unknown,clean_4USD,False
clean_9B1G.pdb,Experimental,PDB,Unknown,clean_9B1G,False
clean_3WSY.pdb,Experimental,PDB,Unknown,clean_3WSY,False
clean_7D43.pdb,Experimental,PDB,Unknown,clean_7D43,False
clean_6PB0.pdb,Experimental,PDB,Unknown,clean_6PB0,False
clean_2OHN.pdb,Experimental,PDB,Unknown,clean_2OHN,False
clean_5U7Q.pdb,Experimental,PDB,Unknown,clean_5U7Q,False
clean_4H1U.pdb,Experimental,PDB,Unknown,clean_4H1U,False
clean_6REY.pdb,Experimental,PDB,Unknown,clean_6REY,False
clean_8V8V.pdb,Experimental,PDB,Unknown,clean_8V8V,False
clean_4GS7.pdb,Experimental,PDB,Unknown,clean_4GS7,False
clean_3R6I.pdb,Experimental,PDB,Unknown,clean_3R6I,False
clean_4FSL.pdb,Experimental,PDB,Unknown,clean_4FSL,False
clean_8T50.pdb,Experimental,PDB,Unknown,clean_8T50,False
clean_2ESL.pdb,Experimental,PDB,Unknown,clean_2ESL,False
clean_5J1X.pdb,Experimental,PDB,Unknown,clean_5J1X,False
clean_9BKK.pdb,Experimental,PDB,Unknown,clean_9BKK,False
clean_8UD9.pdb,Experimental,PDB,Unknown,clean_8UD9,False
clean_2ZDU.pdb,Experimental,PDB,Unknown,clean_2ZDU,False
clean_8JPO.pdb,Experimental,PDB,Unknown,clean_8JPO,False
clean_5SFU.pdb,Experimental,PDB,Unknown,clean_5SFU,False
clean_5SHZ.pdb,Experimental,PDB,Unknown,clean_5SHZ,False
clean_7WR5.pdb,Experimental,PDB,Unknown,clean_7WR5,False
clean_8J18.pdb,Experimental,PDB,Unknown,clean_8J18,False
clean_7Y48.pdb,Experimental,PDB,Unknown,clean_7Y48,False
clean_7TYX.pdb,Experimental,PDB,Unknown,clean_7TYX,False
clean_6SKH.pdb,Experimental,PDB,Unknown,clean_6SKH,False
clean_1D4T.pdb,Experimental,PDB,Unknown,clean_1D4T,False
clean_8IER.pdb,Experimental,PDB,Unknown,clean_8IER,False
clean_6WLW.pdb,Experimental,PDB,Unknown,clean_6WLW,False
clean_8DEH.pdb,Experimental,PDB,Unknown,clean_8DEH,False
clean_6MZ0.pdb,Experimental,PDB,Unknown,clean_6MZ0,False
clean_1AOT.pdb,Experimental,PDB,Unknown,clean_1AOT,False
clean_2JX2.pdb,Experimental,PDB,Unknown,clean_2JX2,False
clean_7SK7.pdb,Experimental,PDB,Unknown,clean_7SK7,False
clean_4JGV.pdb,Experimental,PDB,Unknown,clean_4JGV,False
clean_6PEK.pdb,Experimental,PDB,Unknown,clean_6PEK,False
clean_8QWK.pdb,Experimental,PDB,Unknown,clean_8QWK,False
clean_4N3A.pdb,Experimental,PDB,Unknown,clean_4N3A,False
clean_5SK2.pdb,Experimental,PDB,Unknown,clean_5SK2,False
clean_6YVJ.pdb,Experimental,PDB,Unknown,clean_6YVJ,False
clean_5PYE.pdb,Experimental,PDB,Unknown,clean_5PYE,False
clean_7RSQ.pdb,Experimental,PDB,Unknown,clean_7RSQ,False
clean_4ZVX.pdb,Experimental,PDB,Unknown,clean_4ZVX,False
clean_2PH8.pdb,Experimental,PDB,Unknown,clean_2PH8,False
clean_6OB3.pdb,Experimental,PDB,Unknown,clean_6OB3,False
clean_8UI0.pdb,Experimental,PDB,Unknown,clean_8UI0,False
clean_9MQJ.pdb,Experimental,PDB,Unknown,clean_9MQJ,False
clean_5M9J.pdb,Experimental,PDB,Unknown,clean_5M9J,False
clean_7DHA.pdb,Experimental,PDB,Unknown,clean_7DHA,False
clean_4D0E.pdb,Experimental,PDB,Unknown,clean_4D0E,False
clean_8TM3.pdb,Experimental,PDB,Unknown,clean_8TM3,False
clean_5TF9.pdb,Experimental,PDB,Unknown,clean_5TF9,False
clean_6N0Q.pdb,Experimental,PDB,Unknown,clean_6N0Q,False
clean_6CYD.pdb,Experimental,PDB,Unknown,clean_6CYD,False
clean_4P4I.pdb,Experimental,PDB,Unknown,clean_4P4I,False
clean_3Q9P.pdb,Experimental,PDB,Unknown,clean_3Q9P,False
clean_7QWG.pdb,Experimental,PDB,Unknown,clean_7QWG,False
clean_3F88.pdb,Experimental,PDB,Unknown,clean_3F88,False
clean_6O1Q.pdb,Experimental,PDB,Unknown,clean_6O1Q,False
clean_8XT9.pdb,Experimental,PDB,Unknown,clean_8XT9,False
clean_1YM2.pdb,Experimental,PDB,Unknown,clean_1YM2,False
clean_8K8E.pdb,Experimental,PDB,Unknown,clean_8K8E,False
clean_5IZ8.pdb,Experimental,PDB,Unknown,clean_5IZ8,False
clean_7EAX.pdb,Experimental,PDB,Unknown,clean_7EAX,False
clean_8IOC.pdb,Experimental,PDB,Unknown,clean_8IOC,False
clean_5LN3.pdb,Experimental,PDB,Unknown,clean_5LN3,False
clean_6MCQ.pdb,Experimental,PDB,Unknown,clean_6MCQ,False
clean_3FMP.pdb,Experimental,PDB,Unknown,clean_3FMP,False
clean_5T0J.pdb,Experimental,PDB,Unknown,clean_5T0J,False
clean_3L5E.pdb,Experimental,PDB,Unknown,clean_3L5E,False
clean_8YW4.pdb,Experimental,PDB,Unknown,clean_8YW4,False
clean_6LO2.pdb,Experimental,PDB,Unknown,clean_6LO2,False
clean_8PQW.pdb,Experimental,PDB,Unknown,clean_8PQW,False
clean_7W40.pdb,Experimental,PDB,Unknown,clean_7W40,False
clean_8UV1.pdb,Experimental,PDB,Unknown,clean_8UV1,False
clean_8VH4.pdb,Experimental,PDB,Unknown,clean_8VH4,False
clean_3H0A.pdb,Experimental,PDB,Unknown,clean_3H0A,False
clean_1MJD.pdb,Experimental,PDB,Unknown,clean_1MJD,False
clean_7A2U.pdb,Experimental,PDB,Unknown,clean_7A2U,False
clean_8VXF.pdb,Experimental,PDB,Unknown,clean_8VXF,False
clean_1V04.pdb,Experimental,PDB,Unknown,clean_1V04,False
clean_8KF4.pdb,Experimental,PDB,Unknown,clean_8KF4,False
clean_6QJM.pdb,Experimental,PDB,Unknown,clean_6QJM,False
clean_3NXR.pdb,Experimental,PDB,Unknown,clean_3NXR,False
clean_6HYM.pdb,Experimental,PDB,Unknown,clean_6HYM,False
clean_6MA2.pdb,Experimental,PDB,Unknown,clean_6MA2,False
clean_7UPI.pdb,Experimental,PDB,Unknown,clean_7UPI,False
clean_7WVV.pdb,Experimental,PDB,Unknown,clean_7WVV,False
clean_5IAG.pdb,Experimental,PDB,Unknown,clean_5IAG,False
clean_1PB5.pdb,Experimental,PDB,Unknown,clean_1PB5,False
clean_3PPK.pdb,Experimental,PDB,Unknown,clean_3PPK,False
clean_5WDY.pdb,Experimental,PDB,Unknown,clean_5WDY,False
clean_4ONG.pdb,Experimental,PDB,Unknown,clean_4ONG,False
clean_7SAS.pdb,Experimental,PDB,Unknown,clean_7SAS,False
clean_2K04.pdb,Experimental,PDB,Unknown,clean_2K04,False
clean_8VF6.pdb,Experimental,PDB,Unknown,clean_8VF6,False
clean_4RDA.pdb,Experimental,PDB,Unknown,clean_4RDA,False
clean_4DJX.pdb,Experimental,PDB,Unknown,clean_4DJX,False
clean_5QH6.pdb,Experimental,PDB,Unknown,clean_5QH6,False
clean_5MY9.pdb,Experimental,PDB,Unknown,clean_5MY9,False
clean_2K43.pdb,Experimental,PDB,Unknown,clean_2K43,False
clean_3FV8.pdb,Experimental,PDB,Unknown,clean_3FV8,False
clean_6THG.pdb,Experimental,PDB,Unknown,clean_6THG,False
clean_5SZJ.pdb,Experimental,PDB,Unknown,clean_5SZJ,False
clean_8SEJ.pdb,Experimental,PDB,Unknown,clean_8SEJ,False
clean_7OPP.pdb,Experimental,PDB,Unknown,clean_7OPP,False
clean_2L63.pdb,Experimental,PDB,Unknown,clean_2L63,False
clean_7B1E.pdb,Experimental,PDB,Unknown,clean_7B1E,False
clean_8J6I.pdb,Experimental,PDB,Unknown,clean_8J6I,False
clean_1SAF.pdb,Experimental,PDB,Unknown,clean_1SAF,False
clean_2WD1.pdb,Experimental,PDB,Unknown,clean_2WD1,False
clean_3IJ0.pdb,Experimental,PDB,Unknown,clean_3IJ0,False
clean_4KZU.pdb,Experimental,PDB,Unknown,clean_4KZU,False
clean_8CYY.pdb,Experimental,PDB,Unknown,clean_8CYY,False
clean_7ZL7.pdb,Experimental,PDB,Unknown,clean_7ZL7,False
clean_2JBU.pdb,Experimental,PDB,Unknown,clean_2JBU,False
clean_4AVP.pdb,Experimental,PDB,Unknown,clean_4AVP,False
clean_6HK4.pdb,Experimental,PDB,Unknown,clean_6HK4,False
clean_8DI4.pdb,Experimental,PDB,Unknown,clean_8DI4,False
clean_5T89.pdb,Experimental,PDB,Unknown,clean_5T89,False
clean_5PZ7.pdb,Experimental,PDB,Unknown,clean_5PZ7,False
clean_8G54.pdb,Experimental,PDB,Unknown,clean_8G54,False
clean_5LLU.pdb,Experimental,PDB,Unknown,clean_5LLU,False
clean_6ZY5.pdb,Experimental,PDB,Unknown,clean_6ZY5,False
clean_3BJC.pdb,Experimental,PDB,Unknown,clean_3BJC,False
clean_5SFD.pdb,Experimental,PDB,Unknown,clean_5SFD,False
clean_2JRZ.pdb,Experimental,PDB,Unknown,clean_2JRZ,False
clean_8JTW.pdb,Experimental,PDB,Unknown,clean_8JTW,False
clean_4TPP.pdb,Experimental,PDB,Unknown,clean_4TPP,False
clean_4XV1.pdb,Experimental,PDB,Unknown,clean_4XV1,False
clean_6ULA.pdb,Experimental,PDB,Unknown,clean_6ULA,False
clean_4F11.pdb,Experimental,PDB,Unknown,clean_4F11,False
clean_5XFC.pdb,Experimental,PDB,Unknown,clean_5XFC,False
clean_2QHO.pdb,Experimental,PDB,Unknown,clean_2QHO,False
clean_5NDZ.pdb,Experimental,PDB,Unknown,clean_5NDZ,False
clean_2JPH.pdb,Experimental,PDB,Unknown,clean_2JPH,False
clean_7XMF.pdb,Experimental,PDB,Unknown,clean_7XMF,False
clean_1Q8M.pdb,Experimental,PDB,Unknown,clean_1Q8M,False
clean_1RE1.pdb,Experimental,PDB,Unknown,clean_1RE1,False
clean_6SIN.pdb,Experimental,PDB,Unknown,clean_6SIN,False
clean_5B4K.pdb,Experimental,PDB,Unknown,clean_5B4K,False
clean_7KVQ.pdb,Experimental,PDB,Unknown,clean_7KVQ,False
clean_2ODT.pdb,Experimental,PDB,Unknown,clean_2ODT,False
clean_5QCT.pdb,Experimental,PDB,Unknown,clean_5QCT,False
clean_5SDY.pdb,Experimental,PDB,Unknown,clean_5SDY,False
clean_1NFN.pdb,Experimental,PDB,Unknown,clean_1NFN,False
clean_5INO.pdb,Experimental,PDB,Unknown,clean_5INO,False
clean_3Q2X.pdb,Experimental,PDB,Unknown,clean_3Q2X,False
clean_7CKK.pdb,Experimental,PDB,Unknown,clean_7CKK,False
clean_2WA6.pdb,Experimental,PDB,Unknown,clean_2WA6,False
clean_4N6H.pdb,Experimental,PDB,Unknown,clean_4N6H,False
clean_7W7T.pdb,Experimental,PDB,Unknown,clean_7W7T,False
clean_8HS3.pdb,Experimental,PDB,Unknown,clean_8HS3,False
clean_2NB1.pdb,Experimental,PDB,Unknown,clean_2NB1,False
clean_8F2A.pdb,Experimental,PDB,Unknown,clean_8F2A,False
clean_1JDX.pdb,Experimental,PDB,Unknown,clean_1JDX,False
clean_8TM6.pdb,Experimental,PDB,Unknown,clean_8TM6,False
clean_3TMH.pdb,Experimental,PDB,Unknown,clean_3TMH,False
clean_6D4A.pdb,Experimental,PDB,Unknown,clean_6D4A,False
clean_1T9R.pdb,Experimental,PDB,Unknown,clean_1T9R,False
clean_7BB6.pdb,Experimental,PDB,Unknown,clean_7BB6,False
clean_3CKP.pdb,Experimental,PDB,Unknown,clean_3CKP,False
clean_7PRX.pdb,Experimental,PDB,Unknown,clean_7PRX,False
clean_2B3G.pdb,Experimental,PDB,Unknown,clean_2B3G,False
clean_1ZIW.pdb,Experimental,PDB,Unknown,clean_1ZIW,False
clean_8XQC.pdb,Experimental,PDB,Unknown,clean_8XQC,False
clean_2WEZ.pdb,Experimental,PDB,Unknown,clean_2WEZ,False
clean_1RG2.pdb,Experimental,PDB,Unknown,clean_1RG2,False
clean_5PWU.pdb,Experimental,PDB,Unknown,clean_5PWU,False
clean_8AR9.pdb,Experimental,PDB,Unknown,clean_8AR9,False
clean_7D8H.pdb,Experimental,PDB,Unknown,clean_7D8H,False
clean_7SI5.pdb,Experimental,PDB,Unknown,clean_7SI5,False
clean_4O42.pdb,Experimental,PDB,Unknown,clean_4O42,False
clean_4XDK.pdb,Experimental,PDB,Unknown,clean_4XDK,False
clean_7EDS.pdb,Experimental,PDB,Unknown,clean_7EDS,False
clean_6ZVH.pdb,Experimental,PDB,Unknown,clean_6ZVH,False
clean_8YKI.pdb,Experimental,PDB,Unknown,clean_8YKI,False
clean_8B3K.pdb,Experimental,PDB,Unknown,clean_8B3K,False
clean_6VRM.pdb,Experimental,PDB,Unknown,clean_6VRM,False
clean_6SZJ.pdb,Experimental,PDB,Unknown,clean_6SZJ,False
clean_5WIV.pdb,Experimental,PDB,Unknown,clean_5WIV,False
clean_5M7T.pdb,Experimental,PDB,Unknown,clean_5M7T,False
clean_8EDW.pdb,Experimental,PDB,Unknown,clean_8EDW,False
clean_6DDE.pdb,Experimental,PDB,Unknown,clean_6DDE,False
clean_3QHE.pdb,Experimental,PDB,Unknown,clean_3QHE,False
clean_5PXZ.pdb,Experimental,PDB,Unknown,clean_5PXZ,False
clean_4B1D.pdb,Experimental,PDB,Unknown,clean_4B1D,False
clean_6W7F.pdb,Experimental,PDB,Unknown,clean_6W7F,False
clean_8GKC.pdb,Experimental,PDB,Unknown,clean_8GKC,False
clean_8HSC.pdb,Experimental,PDB,Unknown,clean_8HSC,False
clean_7A2G.pdb,Experimental,PDB,Unknown,clean_7A2G,False
clean_5KR8.pdb,Experimental,PDB,Unknown,clean_5KR8,False
clean_5AKW.pdb,Experimental,PDB,Unknown,clean_5AKW,False
clean_2L05.pdb,Experimental,PDB,Unknown,clean_2L05,False
clean_2CR3.pdb,Experimental,PDB,Unknown,clean_2CR3,False
clean_1UWH.pdb,Experimental,PDB,Unknown,clean_1UWH,False
clean_7FJQ.pdb,Experimental,PDB,Unknown,clean_7FJQ,False
clean_8SGJ.pdb,Experimental,PDB,Unknown,clean_8SGJ,False
clean_1T9G.pdb,Experimental,PDB,Unknown,clean_1T9G,False
clean_7N2R.pdb,Experimental,PDB,Unknown,clean_7N2R,False
clean_8J74.pdb,Experimental,PDB,Unknown,clean_8J74,False
clean_6RV3.pdb,Experimental,PDB,Unknown,clean_6RV3,False
clean_4B04.pdb,Experimental,PDB,Unknown,clean_4B04,False
clean_8XXH.pdb,Experimental,PDB,Unknown,clean_8XXH,False
clean_7QPV.pdb,Experimental,PDB,Unknown,clean_7QPV,False
clean_7URC.pdb,Experimental,PDB,Unknown,clean_7URC,False
clean_6AV2.pdb,Experimental,PDB,Unknown,clean_6AV2,False
clean_9GE2.pdb,Experimental,PDB,Unknown,clean_9GE2,False
clean_3DXE.pdb,Experimental,PDB,Unknown,clean_3DXE,False
clean_2FMA.pdb,Experimental,PDB,Unknown,clean_2FMA,False
clean_8W9B.pdb,Experimental,PDB,Unknown,clean_8W9B,False
clean_6IF1.pdb,Experimental,PDB,Unknown,clean_6IF1,False
clean_9B3G.pdb,Experimental,PDB,Unknown,clean_9B3G,False
clean_5QU0.pdb,Experimental,PDB,Unknown,clean_5QU0,False
clean_6VXK.pdb,Experimental,PDB,Unknown,clean_6VXK,False
clean_5ZJ9.pdb,Experimental,PDB,Unknown,clean_5ZJ9,False
clean_2J0D.pdb,Experimental,PDB,Unknown,clean_2J0D,False
clean_3FS6.pdb,Experimental,PDB,Unknown,clean_3FS6,False
clean_8VV0.pdb,Experimental,PDB,Unknown,clean_8VV0,False
clean_7BT2.pdb,Experimental,PDB,Unknown,clean_7BT2,False
clean_1KOT.pdb,Experimental,PDB,Unknown,clean_1KOT,False
clean_6UJM.pdb,Experimental,PDB,Unknown,clean_6UJM,False
clean_2KSO.pdb,Experimental,PDB,Unknown,clean_2KSO,False
clean_7QL1.pdb,Experimental,PDB,Unknown,clean_7QL1,False
clean_7QJG.pdb,Experimental,PDB,Unknown,clean_7QJG,False
clean_3GYF.pdb,Experimental,PDB,Unknown,clean_3GYF,False
clean_5JGD.pdb,Experimental,PDB,Unknown,clean_5JGD,False
clean_8RBB.pdb,Experimental,PDB,Unknown,clean_8RBB,False
clean_5HOC.pdb,Experimental,PDB,Unknown,clean_5HOC,False
clean_6SI1.pdb,Experimental,PDB,Unknown,clean_6SI1,False
clean_7FT4.pdb,Experimental,PDB,Unknown,clean_7FT4,False
clean_6XBL.pdb,Experimental,PDB,Unknown,clean_6XBL,False
clean_7X3O.pdb,Experimental,PDB,Unknown,clean_7X3O,False
clean_6KZJ.pdb,Experimental,PDB,Unknown,clean_6KZJ,False
clean_5SG2.pdb,Experimental,PDB,Unknown,clean_5SG2,False
clean_4EHF.pdb,Experimental,PDB,Unknown,clean_4EHF,False
clean_7PIM.pdb,Experimental,PDB,Unknown,clean_7PIM,False
clean_2D86.pdb,Experimental,PDB,Unknown,clean_2D86,False
clean_2H4F.pdb,Experimental,PDB,Unknown,clean_2H4F,False
clean_7RKN.pdb,Experimental,PDB,Unknown,clean_7RKN,False
clean_6YBV.pdb,Experimental,PDB,Unknown,clean_6YBV,False
clean_2ZY0.pdb,Experimental,PDB,Unknown,clean_2ZY0,False
clean_6VH7.pdb,Experimental,PDB,Unknown,clean_6VH7,False
clean_7UT0.pdb,Experimental,PDB,Unknown,clean_7UT0,False
clean_5ABA.pdb,Experimental,PDB,Unknown,clean_5ABA,False
clean_1TKN.pdb,Experimental,PDB,Unknown,clean_1TKN,False
clean_3RK3.pdb,Experimental,PDB,Unknown,clean_3RK3,False
clean_3IIY.pdb,Experimental,PDB,Unknown,clean_3IIY,False
clean_8IOD.pdb,Experimental,PDB,Unknown,clean_8IOD,False
clean_1X5P.pdb,Experimental,PDB,Unknown,clean_1X5P,False
clean_7C1D.pdb,Experimental,PDB,Unknown,clean_7C1D,False
clean_1XV9.pdb,Experimental,PDB,Unknown,clean_1XV9,False
clean_3N57.pdb,Experimental,PDB,Unknown,clean_3N57,False
clean_8X7V.pdb,Experimental,PDB,Unknown,clean_8X7V,False
clean_8UO3.pdb,Experimental,PDB,Unknown,clean_8UO3,False
clean_4YE8.pdb,Experimental,PDB,Unknown,clean_4YE8,False
clean_5H24.pdb,Experimental,PDB,Unknown,clean_5H24,False
clean_6L1T.pdb,Experimental,PDB,Unknown,clean_6L1T,False
clean_3WTU.pdb,Experimental,PDB,Unknown,clean_3WTU,False
clean_6SHH.pdb,Experimental,PDB,Unknown,clean_6SHH,False
clean_4OEW.pdb,Experimental,PDB,Unknown,clean_4OEW,False
clean_2EH0.pdb,Experimental,PDB,Unknown,clean_2EH0,False
clean_8Z74.pdb,Experimental,PDB,Unknown,clean_8Z74,False
clean_5C67.pdb,Experimental,PDB,Unknown,clean_5C67,False
clean_8Q8S.pdb,Experimental,PDB,Unknown,clean_8Q8S,False
clean_8K3Z.pdb,Experimental,PDB,Unknown,clean_8K3Z,False
clean_3KYR.pdb,Experimental,PDB,Unknown,clean_3KYR,False
clean_7OBL.pdb,Experimental,PDB,Unknown,clean_7OBL,False
clean_1EA8.pdb,Experimental,PDB,Unknown,clean_1EA8,False
clean_8T8S.pdb,Experimental,PDB,Unknown,clean_8T8S,False
clean_1JT5.pdb,Experimental,PDB,Unknown,clean_1JT5,False
clean_6XJN.pdb,Experimental,PDB,Unknown,clean_6XJN,False
clean_1XN3.pdb,Experimental,PDB,Unknown,clean_1XN3,False
clean_2HD4.pdb,Experimental,PDB,Unknown,clean_2HD4,False
clean_7YNN.pdb,Experimental,PDB,Unknown,clean_7YNN,False
clean_3IRQ.pdb,Experimental,PDB,Unknown,clean_3IRQ,False
clean_6VMS.pdb,Experimental,PDB,Unknown,clean_6VMS,False
clean_7NSC.pdb,Experimental,PDB,Unknown,clean_7NSC,False
clean_6RWU.pdb,Experimental,PDB,Unknown,clean_6RWU,False
clean_5KPK.pdb,Experimental,PDB,Unknown,clean_5KPK,False
clean_7NCI.pdb,Experimental,PDB,Unknown,clean_7NCI,False
clean_6SRR.pdb,Experimental,PDB,Unknown,clean_6SRR,False
clean_7UFF.pdb,Experimental,PDB,Unknown,clean_7UFF,False
clean_5ZU1.pdb,Experimental,PDB,Unknown,clean_5ZU1,False
clean_9D5K.pdb,Experimental,PDB,Unknown,clean_9D5K,False
clean_4I1C.pdb,Experimental,PDB,Unknown,clean_4I1C,False
clean_7R4T.pdb,Experimental,PDB,Unknown,clean_7R4T,False
clean_1K5B.pdb,Experimental,PDB,Unknown,clean_1K5B,False
clean_3BB2.pdb,Experimental,PDB,Unknown,clean_3BB2,False
clean_1O6U.pdb,Experimental,PDB,Unknown,clean_1O6U,False
clean_4ZNN.pdb,Experimental,PDB,Unknown,clean_4ZNN,False
clean_3MBW.pdb,Experimental,PDB,Unknown,clean_3MBW,False
clean_5QH4.pdb,Experimental,PDB,Unknown,clean_5QH4,False
clean_6HVC.pdb,Experimental,PDB,Unknown,clean_6HVC,False
clean_7XOW.pdb,Experimental,PDB,Unknown,clean_7XOW,False
clean_2QU2.pdb,Experimental,PDB,Unknown,clean_2QU2,False
clean_4L28.pdb,Experimental,PDB,Unknown,clean_4L28,False
clean_7T2H.pdb,Experimental,PDB,Unknown,clean_7T2H,False
clean_5SHC.pdb,Experimental,PDB,Unknown,clean_5SHC,False
clean_2WAJ.pdb,Experimental,PDB,Unknown,clean_2WAJ,False
clean_2BBW.pdb,Experimental,PDB,Unknown,clean_2BBW,False
clean_1LGB.pdb,Experimental,PDB,Unknown,clean_1LGB,False
clean_6WOB.pdb,Experimental,PDB,Unknown,clean_6WOB,False
clean_6J8I.pdb,Experimental,PDB,Unknown,clean_6J8I,False
clean_2FHI.pdb,Experimental,PDB,Unknown,clean_2FHI,False
clean_6XAF.pdb,Experimental,PDB,Unknown,clean_6XAF,False
clean_8H4K.pdb,Experimental,PDB,Unknown,clean_8H4K,False
clean_7UJT.pdb,Experimental,PDB,Unknown,clean_7UJT,False
clean_4MJH.pdb,Experimental,PDB,Unknown,clean_4MJH,False
clean_1R6J.pdb,Experimental,PDB,Unknown,clean_1R6J,False
clean_3U7D.pdb,Experimental,PDB,Unknown,clean_3U7D,False
clean_4XV2.pdb,Experimental,PDB,Unknown,clean_4XV2,False
clean_8HY5.pdb,Experimental,PDB,Unknown,clean_8HY5,False
clean_8F0K.pdb,Experimental,PDB,Unknown,clean_8F0K,False
clean_9BFJ.pdb,Experimental,PDB,Unknown,clean_9BFJ,False
clean_7MN6.pdb,Experimental,PDB,Unknown,clean_7MN6,False
clean_5SJT.pdb,Experimental,PDB,Unknown,clean_5SJT,False
clean_6G6W.pdb,Experimental,PDB,Unknown,clean_6G6W,False
clean_6W0Y.pdb,Experimental,PDB,Unknown,clean_6W0Y,False
clean_7UW4.pdb,Experimental,PDB,Unknown,clean_7UW4,False
clean_6PT0.pdb,Experimental,PDB,Unknown,clean_6PT0,False
clean_8SS4.pdb,Experimental,PDB,Unknown,clean_8SS4,False
clean_6L65.pdb,Experimental,PDB,Unknown,clean_6L65,False
clean_7U12.pdb,Experimental,PDB,Unknown,clean_7U12,False
clean_6PXP.pdb,Experimental,PDB,Unknown,clean_6PXP,False
clean_3TPP.pdb,Experimental,PDB,Unknown,clean_3TPP,False
clean_1N76.pdb,Experimental,PDB,Unknown,clean_1N76,False
clean_8J9N.pdb,Experimental,PDB,Unknown,clean_8J9N,False
clean_1WIZ.pdb,Experimental,PDB,Unknown,clean_1WIZ,False
clean_7VKT.pdb,Experimental,PDB,Unknown,clean_7VKT,False
clean_3UEI.pdb,Experimental,PDB,Unknown,clean_3UEI,False
clean_6B9G.pdb,Experimental,PDB,Unknown,clean_6B9G,False
clean_4OBP.pdb,Experimental,PDB,Unknown,clean_4OBP,False
clean_5SFO.pdb,Experimental,PDB,Unknown,clean_5SFO,False
clean_4TQE.pdb,Experimental,PDB,Unknown,clean_4TQE,False
clean_6ATK.pdb,Experimental,PDB,Unknown,clean_6ATK,False
clean_2QQM.pdb,Experimental,PDB,Unknown,clean_2QQM,False
clean_6SHI.pdb,Experimental,PDB,Unknown,clean_6SHI,False
clean_4WDT.pdb,Experimental,PDB,Unknown,clean_4WDT,False
clean_5SGL.pdb,Experimental,PDB,Unknown,clean_5SGL,False
clean_8JLK.pdb,Experimental,PDB,Unknown,clean_8JLK,False
clean_1Z9E.pdb,Experimental,PDB,Unknown,clean_1Z9E,False
clean_4MNF.pdb,Experimental,PDB,Unknown,clean_4MNF,False
clean_8WWN.pdb,Experimental,PDB,Unknown,clean_8WWN,False
clean_7VUI.pdb,Experimental,PDB,Unknown,clean_7VUI,False
clean_7V6A.pdb,Experimental,PDB,Unknown,clean_7V6A,False
clean_2G48.pdb,Experimental,PDB,Unknown,clean_2G48,False
clean_7P67.pdb,Experimental,PDB,Unknown,clean_7P67,False
clean_7EU8.pdb,Experimental,PDB,Unknown,clean_7EU8,False
clean_3UEC.pdb,Experimental,PDB,Unknown,clean_3UEC,False
clean_4Z96.pdb,Experimental,PDB,Unknown,clean_4Z96,False
clean_8TS9.pdb,Experimental,PDB,Unknown,clean_8TS9,False
clean_5MK4.pdb,Experimental,PDB,Unknown,clean_5MK4,False
clean_3H0E.pdb,Experimental,PDB,Unknown,clean_3H0E,False
clean_2M5P.pdb,Experimental,PDB,Unknown,clean_2M5P,False
clean_9J0O.pdb,Experimental,PDB,Unknown,clean_9J0O,False
clean_8DYU.pdb,Experimental,PDB,Unknown,clean_8DYU,False
clean_6U62.pdb,Experimental,PDB,Unknown,clean_6U62,False
clean_5WVE.pdb,Experimental,PDB,Unknown,clean_5WVE,False
clean_1ZSX.pdb,Experimental,PDB,Unknown,clean_1ZSX,False
clean_8V91.pdb,Experimental,PDB,Unknown,clean_8V91,False
clean_6KPC.pdb,Experimental,PDB,Unknown,clean_6KPC,False
clean_8HKK.pdb,Experimental,PDB,Unknown,clean_8HKK,False
clean_1H6I.pdb,Experimental,PDB,Unknown,clean_1H6I,False
clean_5SFC.pdb,Experimental,PDB,Unknown,clean_5SFC,False
clean_1Z0Q.pdb,Experimental,PDB,Unknown,clean_1Z0Q,False
clean_5SE8.pdb,Experimental,PDB,Unknown,clean_5SE8,False
clean_6W0O.pdb,Experimental,PDB,Unknown,clean_6W0O,False
clean_8Q9F.pdb,Experimental,PDB,Unknown,clean_8Q9F,False
clean_3ZNQ.pdb,Experimental,PDB,Unknown,clean_3ZNQ,False
clean_3FER.pdb,Experimental,PDB,Unknown,clean_3FER,False
clean_5MCQ.pdb,Experimental,PDB,Unknown,clean_5MCQ,False
clean_1A6Y.pdb,Experimental,PDB,Unknown,clean_1A6Y,False
clean_8TM4.pdb,Experimental,PDB,Unknown,clean_8TM4,False
clean_8DWG.pdb,Experimental,PDB,Unknown,clean_8DWG,False
clean_6CES.pdb,Experimental,PDB,Unknown,clean_6CES,False
clean_7YNG.pdb,Experimental,PDB,Unknown,clean_7YNG,False
clean_7XUK.pdb,Experimental,PDB,Unknown,clean_7XUK,False
clean_5SH7.pdb,Experimental,PDB,Unknown,clean_5SH7,False
clean_7LPK.pdb,Experimental,PDB,Unknown,clean_7LPK,False
clean_9AYH.pdb,Experimental,PDB,Unknown,clean_9AYH,False
clean_1TFC.pdb,Experimental,PDB,Unknown,clean_1TFC,False
clean_4I11.pdb,Experimental,PDB,Unknown,clean_4I11,False
clean_7EGU.pdb,Experimental,PDB,Unknown,clean_7EGU,False
clean_3R2A.pdb,Experimental,PDB,Unknown,clean_3R2A,False
clean_4XKX.pdb,Experimental,PDB,Unknown,clean_4XKX,False
clean_1YPU.pdb,Experimental,PDB,Unknown,clean_1YPU,False
clean_3C0G.pdb,Experimental,PDB,Unknown,clean_3C0G,False
clean_5SFA.pdb,Experimental,PDB,Unknown,clean_5SFA,False
clean_5J2R.pdb,Experimental,PDB,Unknown,clean_5J2R,False
clean_3KQ4.pdb,Experimental,PDB,Unknown,clean_3KQ4,False
clean_8ANS.pdb,Experimental,PDB,Unknown,clean_8ANS,False
clean_5QDD.pdb,Experimental,PDB,Unknown,clean_5QDD,False
clean_6VP6.pdb,Experimental,PDB,Unknown,clean_6VP6,False
clean_6YMO.pdb,Experimental,PDB,Unknown,clean_6YMO,False
clean_7FCH.pdb,Experimental,PDB,Unknown,clean_7FCH,False
clean_8CXB.pdb,Experimental,PDB,Unknown,clean_8CXB,False
clean_8XVE.pdb,Experimental,PDB,Unknown,clean_8XVE,False
clean_7UTJ.pdb,Experimental,PDB,Unknown,clean_7UTJ,False
clean_8H05.pdb,Experimental,PDB,Unknown,clean_8H05,False
clean_4CG4.pdb,Experimental,PDB,Unknown,clean_4CG4,False
clean_8VS0.pdb,Experimental,PDB,Unknown,clean_8VS0,False
clean_8AVF.pdb,Experimental,PDB,Unknown,clean_8AVF,False
clean_5I9V.pdb,Experimental,PDB,Unknown,clean_5I9V,False
clean_5R4O.pdb,Experimental,PDB,Unknown,clean_5R4O,False
clean_3CKX.pdb,Experimental,PDB,Unknown,clean_3CKX,False
clean_8BOI.pdb,Experimental,PDB,Unknown,clean_8BOI,False
clean_8BSM.pdb,Experimental,PDB,Unknown,clean_8BSM,False
clean_4CN5.pdb,Experimental,PDB,Unknown,clean_4CN5,False
clean_7B4D.pdb,Experimental,PDB,Unknown,clean_7B4D,False
clean_8WUY.pdb,Experimental,PDB,Unknown,clean_8WUY,False
clean_3FI2.pdb,Experimental,PDB,Unknown,clean_3FI2,False
clean_6DE4.pdb,Experimental,PDB,Unknown,clean_6DE4,False
clean_9AYG.pdb,Experimental,PDB,Unknown,clean_9AYG,False
clean_8JIL.pdb,Experimental,PDB,Unknown,clean_8JIL,False
clean_1DCY.pdb,Experimental,PDB,Unknown,clean_1DCY,False
clean_6GPK.pdb,Experimental,PDB,Unknown,clean_6GPK,False
clean_7WJX.pdb,Experimental,PDB,Unknown,clean_7WJX,False
clean_5XJS.pdb,Experimental,PDB,Unknown,clean_5XJS,False
clean_2LOV.pdb,Experimental,PDB,Unknown,clean_2LOV,False
clean_9E8N.pdb,Experimental,PDB,Unknown,clean_9E8N,False
clean_5SKT.pdb,Experimental,PDB,Unknown,clean_5SKT,False
clean_3RTN.pdb,Experimental,PDB,Unknown,clean_3RTN,False
clean_6ZJF.pdb,Experimental,PDB,Unknown,clean_6ZJF,False
clean_4I0Z.pdb,Experimental,PDB,Unknown,clean_4I0Z,False
clean_8TQC.pdb,Experimental,PDB,Unknown,clean_8TQC,False
clean_7FJJ.pdb,Experimental,PDB,Unknown,clean_7FJJ,False
clean_8D0U.pdb,Experimental,PDB,Unknown,clean_8D0U,False
clean_8ZH8.pdb,Experimental,PDB,Unknown,clean_8ZH8,False
clean_8INR.pdb,Experimental,PDB,Unknown,clean_8INR,False
clean_6PUO.pdb,Experimental,PDB,Unknown,clean_6PUO,False
clean_6FMC.pdb,Experimental,PDB,Unknown,clean_6FMC,False
clean_5JZN.pdb,Experimental,PDB,Unknown,clean_5JZN,False
clean_6EMH.pdb,Experimental,PDB,Unknown,clean_6EMH,False
clean_7XXI.pdb,Experimental,PDB,Unknown,clean_7XXI,False
clean_5SFX.pdb,Experimental,PDB,Unknown,clean_5SFX,False
clean_5L0R.pdb,Experimental,PDB,Unknown,clean_5L0R,False
clean_1A1A.pdb,Experimental,PDB,Unknown,clean_1A1A,False
clean_8OG0.pdb,Experimental,PDB,Unknown,clean_8OG0,False
clean_6C7J.pdb,Experimental,PDB,Unknown,clean_6C7J,False
clean_4X2G.pdb,Experimental,PDB,Unknown,clean_4X2G,False
clean_8IA2.pdb,Experimental,PDB,Unknown,clean_8IA2,False
clean_2XYG.pdb,Experimental,PDB,Unknown,clean_2XYG,False
clean_6TLA.pdb,Experimental,PDB,Unknown,clean_6TLA,False
clean_8WC9.pdb,Experimental,PDB,Unknown,clean_8WC9,False
clean_5K9R.pdb,Experimental,PDB,Unknown,clean_5K9R,False
clean_5SJR.pdb,Experimental,PDB,Unknown,clean_5SJR,False
clean_2L14.pdb,Experimental,PDB,Unknown,clean_2L14,False
clean_6NIY.pdb,Experimental,PDB,Unknown,clean_6NIY,False
clean_6YM3.pdb,Experimental,PDB,Unknown,clean_6YM3,False
clean_5PWY.pdb,Experimental,PDB,Unknown,clean_5PWY,False
clean_1OBZ.pdb,Experimental,PDB,Unknown,clean_1OBZ,False
clean_1FM9.pdb,Experimental,PDB,Unknown,clean_1FM9,False
clean_1XP0.pdb,Experimental,PDB,Unknown,clean_1XP0,False
clean_6HK3.pdb,Experimental,PDB,Unknown,clean_6HK3,False
clean_8KCS.pdb,Experimental,PDB,Unknown,clean_8KCS,False
clean_5SWT.pdb,Experimental,PDB,Unknown,clean_5SWT,False
clean_2Q7D.pdb,Experimental,PDB,Unknown,clean_2Q7D,False
clean_7DXK.pdb,Experimental,PDB,Unknown,clean_7DXK,False
clean_1LFG.pdb,Experimental,PDB,Unknown,clean_1LFG,False
clean_3OOZ.pdb,Experimental,PDB,Unknown,clean_3OOZ,False
clean_8SSB.pdb,Experimental,PDB,Unknown,clean_8SSB,False
clean_4KVP.pdb,Experimental,PDB,Unknown,clean_4KVP,False
clean_9BWG.pdb,Experimental,PDB,Unknown,clean_9BWG,False
clean_2MWN.pdb,Experimental,PDB,Unknown,clean_2MWN,False
clean_7D2U.pdb,Experimental,PDB,Unknown,clean_7D2U,False
clean_6GXK.pdb,Experimental,PDB,Unknown,clean_6GXK,False
clean_8XXR.pdb,Experimental,PDB,Unknown,clean_8XXR,False
clean_9COY.pdb,Experimental,PDB,Unknown,clean_9COY,False
clean_6TJX.pdb,Experimental,PDB,Unknown,clean_6TJX,False
clean_2RQU.pdb,Experimental,PDB,Unknown,clean_2RQU,False
clean_3DKG.pdb,Experimental,PDB,Unknown,clean_3DKG,False
clean_7NWC.pdb,Experimental,PDB,Unknown,clean_7NWC,False
clean_5E7R.pdb,Experimental,PDB,Unknown,clean_5E7R,False
clean_8ZX4.pdb,Experimental,PDB,Unknown,clean_8ZX4,False
clean_2IO3.pdb,Experimental,PDB,Unknown,clean_2IO3,False
clean_3WTX.pdb,Experimental,PDB,Unknown,clean_3WTX,False
clean_4AP7.pdb,Experimental,PDB,Unknown,clean_4AP7,False
clean_5SEC.pdb,Experimental,PDB,Unknown,clean_5SEC,False
clean_4XIF.pdb,Experimental,PDB,Unknown,clean_4XIF,False
clean_6OP9.pdb,Experimental,PDB,Unknown,clean_6OP9,False
clean_3R8H.pdb,Experimental,PDB,Unknown,clean_3R8H,False
clean_5UC1.pdb,Experimental,PDB,Unknown,clean_5UC1,False
clean_6G5N.pdb,Experimental,PDB,Unknown,clean_6G5N,False
clean_1OBY.pdb,Experimental,PDB,Unknown,clean_1OBY,False
clean_7U13.pdb,Experimental,PDB,Unknown,clean_7U13,False
clean_4C0D.pdb,Experimental,PDB,Unknown,clean_4C0D,False
clean_6DRX.pdb,Experimental,PDB,Unknown,clean_6DRX,False
clean_1J1A.pdb,Experimental,PDB,Unknown,clean_1J1A,False
clean_6HEM.pdb,Experimental,PDB,Unknown,clean_6HEM,False
clean_5ADR.pdb,Experimental,PDB,Unknown,clean_5ADR,False
clean_5DEG.pdb,Experimental,PDB,Unknown,clean_5DEG,False
clean_3KTR.pdb,Experimental,PDB,Unknown,clean_3KTR,False
clean_2EEG.pdb,Experimental,PDB,Unknown,clean_2EEG,False
clean_6F6R.pdb,Experimental,PDB,Unknown,clean_6F6R,False
clean_8HW2.pdb,Experimental,PDB,Unknown,clean_8HW2,False
clean_8I7V.pdb,Experimental,PDB,Unknown,clean_8I7V,False
clean_7N4N.pdb,Experimental,PDB,Unknown,clean_7N4N,False
clean_7LT6.pdb,Experimental,PDB,Unknown,clean_7LT6,False
clean_4XOS.pdb,Experimental,PDB,Unknown,clean_4XOS,False
clean_4NRE.pdb,Experimental,PDB,Unknown,clean_4NRE,False
clean_7WXU.pdb,Experimental,PDB,Unknown,clean_7WXU,False
clean_5LSP.pdb,Experimental,PDB,Unknown,clean_5LSP,False
clean_6CVN.pdb,Experimental,PDB,Unknown,clean_6CVN,False
clean_6FBR.pdb,Experimental,PDB,Unknown,clean_6FBR,False
clean_6SZF.pdb,Experimental,PDB,Unknown,clean_6SZF,False
clean_4FMW.pdb,Experimental,PDB,Unknown,clean_4FMW,False
clean_3BKJ.pdb,Experimental,PDB,Unknown,clean_3BKJ,False
clean_7VL8.pdb,Experimental,PDB,Unknown,clean_7VL8,False
clean_6WZG.pdb,Experimental,PDB,Unknown,clean_6WZG,False
clean_8JHN.pdb,Experimental,PDB,Unknown,clean_8JHN,False
clean_8XWD.pdb,Experimental,PDB,Unknown,clean_8XWD,False
clean_5MRH.pdb,Experimental,PDB,Unknown,clean_5MRH,False
clean_2Y3L.pdb,Experimental,PDB,Unknown,clean_2Y3L,False
clean_5PY4.pdb,Experimental,PDB,Unknown,clean_5PY4,False
clean_3TPL.pdb,Experimental,PDB,Unknown,clean_3TPL,False
clean_2ZPK.pdb,Experimental,PDB,Unknown,clean_2ZPK,False
clean_8FYX.pdb,Experimental,PDB,Unknown,clean_8FYX,False
clean_8XML.pdb,Experimental,PDB,Unknown,clean_8XML,False
clean_5MY4.pdb,Experimental,PDB,Unknown,clean_5MY4,False
clean_2WZ1.pdb,Experimental,PDB,Unknown,clean_2WZ1,False
clean_2HLZ.pdb,Experimental,PDB,Unknown,clean_2HLZ,False
clean_5OMA.pdb,Experimental,PDB,Unknown,clean_5OMA,False
clean_3BHO.pdb,Experimental,PDB,Unknown,clean_3BHO,False
clean_4QUI.pdb,Experimental,PDB,Unknown,clean_4QUI,False
clean_8E8P.pdb,Experimental,PDB,Unknown,clean_8E8P,False
clean_3FJI.pdb,Experimental,PDB,Unknown,clean_3FJI,False
clean_4HKN.pdb,Experimental,PDB,Unknown,clean_4HKN,False
clean_6NG1.pdb,Experimental,PDB,Unknown,clean_6NG1,False
clean_1LQB.pdb,Experimental,PDB,Unknown,clean_1LQB,False
clean_1I3Z.pdb,Experimental,PDB,Unknown,clean_1I3Z,False
clean_4OJF.pdb,Experimental,PDB,Unknown,clean_4OJF,False
clean_4AGM.pdb,Experimental,PDB,Unknown,clean_4AGM,False
clean_2CT3.pdb,Experimental,PDB,Unknown,clean_2CT3,False
clean_2DL7.pdb,Experimental,PDB,Unknown,clean_2DL7,False
clean_5GTJ.pdb,Experimental,PDB,Unknown,clean_5GTJ,False
clean_5SGV.pdb,Experimental,PDB,Unknown,clean_5SGV,False
clean_5VP1.pdb,Experimental,PDB,Unknown,clean_5VP1,False
clean_5YK3.pdb,Experimental,PDB,Unknown,clean_5YK3,False
clean_3IK7.pdb,Experimental,PDB,Unknown,clean_3IK7,False
clean_5SJF.pdb,Experimental,PDB,Unknown,clean_5SJF,False
clean_7SX9.pdb,Experimental,PDB,Unknown,clean_7SX9,False
clean_7UFB.pdb,Experimental,PDB,Unknown,clean_7UFB,False
clean_5QCU.pdb,Experimental,PDB,Unknown,clean_5QCU,False
clean_3CD8.pdb,Experimental,PDB,Unknown,clean_3CD8,False
clean_8VML.pdb,Experimental,PDB,Unknown,clean_8VML,False
clean_8GE3.pdb,Experimental,PDB,Unknown,clean_8GE3,False
clean_7V47.pdb,Experimental,PDB,Unknown,clean_7V47,False
clean_4PFC.pdb,Experimental,PDB,Unknown,clean_4PFC,False
clean_8SZI.pdb,Experimental,PDB,Unknown,clean_8SZI,False
clean_7DTT.pdb,Experimental,PDB,Unknown,clean_7DTT,False
clean_3R7S.pdb,Experimental,PDB,Unknown,clean_3R7S,False
clean_6LMK.pdb,Experimental,PDB,Unknown,clean_6LMK,False
clean_8TS8.pdb,Experimental,PDB,Unknown,clean_8TS8,False
clean_7N7J.pdb,Experimental,PDB,Unknown,clean_7N7J,False
clean_6GN1.pdb,Experimental,PDB,Unknown,clean_6GN1,False
clean_6HK7.pdb,Experimental,PDB,Unknown,clean_6HK7,False
clean_1RW8.pdb,Experimental,PDB,Unknown,clean_1RW8,False
clean_6W51.pdb,Experimental,PDB,Unknown,clean_6W51,False
clean_3UD1.pdb,Experimental,PDB,Unknown,clean_3UD1,False
clean_8Q7T.pdb,Experimental,PDB,Unknown,clean_8Q7T,False
clean_1HCT.pdb,Experimental,PDB,Unknown,clean_1HCT,False
clean_8GE9.pdb,Experimental,PDB,Unknown,clean_8GE9,False
clean_7VKE.pdb,Experimental,PDB,Unknown,clean_7VKE,False
clean_5G4N.pdb,Experimental,PDB,Unknown,clean_5G4N,False
clean_7KSK.pdb,Experimental,PDB,Unknown,clean_7KSK,False
clean_7NRQ.pdb,Experimental,PDB,Unknown,clean_7NRQ,False
clean_4L7G.pdb,Experimental,PDB,Unknown,clean_4L7G,False
clean_6XJO.pdb,Experimental,PDB,Unknown,clean_6XJO,False
clean_4K33.pdb,Experimental,PDB,Unknown,clean_4K33,False
clean_3L38.pdb,Experimental,PDB,Unknown,clean_3L38,False
clean_5MP3.pdb,Experimental,PDB,Unknown,clean_5MP3,False
clean_3Q9Q.pdb,Experimental,PDB,Unknown,clean_3Q9Q,False
clean_4AHF.pdb,Experimental,PDB,Unknown,clean_4AHF,False
clean_2CXK.pdb,Experimental,PDB,Unknown,clean_2CXK,False
clean_8TB7.pdb,Experimental,PDB,Unknown,clean_8TB7,False
clean_8XGU.pdb,Experimental,PDB,Unknown,clean_8XGU,False
clean_6HMX.pdb,Experimental,PDB,Unknown,clean_6HMX,False
clean_5JRT.pdb,Experimental,PDB,Unknown,clean_5JRT,False
clean_4QBV.pdb,Experimental,PDB,Unknown,clean_4QBV,False
clean_1EVT.pdb,Experimental,PDB,Unknown,clean_1EVT,False
clean_8Q1K.pdb,Experimental,PDB,Unknown,clean_8Q1K,False
clean_6B96.pdb,Experimental,PDB,Unknown,clean_6B96,False
clean_5QD0.pdb,Experimental,PDB,Unknown,clean_5QD0,False
clean_5SXC.pdb,Experimental,PDB,Unknown,clean_5SXC,False
clean_3F6Y.pdb,Experimental,PDB,Unknown,clean_3F6Y,False
clean_4X3O.pdb,Experimental,PDB,Unknown,clean_4X3O,False
clean_5PWG.pdb,Experimental,PDB,Unknown,clean_5PWG,False
clean_7JT4.pdb,Experimental,PDB,Unknown,clean_7JT4,False
clean_7FTA.pdb,Experimental,PDB,Unknown,clean_7FTA,False
clean_6S40.pdb,Experimental,PDB,Unknown,clean_6S40,False
clean_4CKV.pdb,Experimental,PDB,Unknown,clean_4CKV,False
clean_5XGJ.pdb,Experimental,PDB,Unknown,clean_5XGJ,False
clean_2RMY.pdb,Experimental,PDB,Unknown,clean_2RMY,False
clean_6GFZ.pdb,Experimental,PDB,Unknown,clean_6GFZ,False
clean_5SJU.pdb,Experimental,PDB,Unknown,clean_5SJU,False
clean_8UHB.pdb,Experimental,PDB,Unknown,clean_8UHB,False
clean_6FN4.pdb,Experimental,PDB,Unknown,clean_6FN4,False
clean_2V70.pdb,Experimental,PDB,Unknown,clean_2V70,False
clean_4W9C.pdb,Experimental,PDB,Unknown,clean_4W9C,False
clean_8G21.pdb,Experimental,PDB,Unknown,clean_8G21,False
clean_2ZJM.pdb,Experimental,PDB,Unknown,clean_2ZJM,False
clean_6D3N.pdb,Experimental,PDB,Unknown,clean_6D3N,False
clean_1ZY3.pdb,Experimental,PDB,Unknown,clean_1ZY3,False
clean_8V8S.pdb,Experimental,PDB,Unknown,clean_8V8S,False
clean_3TWR.pdb,Experimental,PDB,Unknown,clean_3TWR,False
clean_7OBK.pdb,Experimental,PDB,Unknown,clean_7OBK,False
clean_5SEG.pdb,Experimental,PDB,Unknown,clean_5SEG,False
clean_5PYX.pdb,Experimental,PDB,Unknown,clean_5PYX,False
clean_3I9M.pdb,Experimental,PDB,Unknown,clean_3I9M,False
clean_5SK4.pdb,Experimental,PDB,Unknown,clean_5SK4,False
clean_1VFE.pdb,Experimental,PDB,Unknown,clean_1VFE,False
clean_6GZM.pdb,Experimental,PDB,Unknown,clean_6GZM,False
clean_7Q6K.pdb,Experimental,PDB,Unknown,clean_7Q6K,False
clean_4X34.pdb,Experimental,PDB,Unknown,clean_4X34,False
clean_6I66.pdb,Experimental,PDB,Unknown,clean_6I66,False
clean_8X7L.pdb,Experimental,PDB,Unknown,clean_8X7L,False
clean_8JCX.pdb,Experimental,PDB,Unknown,clean_8JCX,False
clean_1LM8.pdb,Experimental,PDB,Unknown,clean_1LM8,False
clean_7VV6.pdb,Experimental,PDB,Unknown,clean_7VV6,False
clean_7MOB.pdb,Experimental,PDB,Unknown,clean_7MOB,False
clean_4AOH.pdb,Experimental,PDB,Unknown,clean_4AOH,False
clean_6WOH.pdb,Experimental,PDB,Unknown,clean_6WOH,False
clean_7TUB.pdb,Experimental,PDB,Unknown,clean_7TUB,False
clean_8SEL.pdb,Experimental,PDB,Unknown,clean_8SEL,False
clean_7VPI.pdb,Experimental,PDB,Unknown,clean_7VPI,False
clean_7D5B.pdb,Experimental,PDB,Unknown,clean_7D5B,False
clean_5CBY.pdb,Experimental,PDB,Unknown,clean_5CBY,False
clean_4BSU.pdb,Experimental,PDB,Unknown,clean_4BSU,False
clean_3HMM.pdb,Experimental,PDB,Unknown,clean_3HMM,False
clean_8HKQ.pdb,Experimental,PDB,Unknown,clean_8HKQ,False
clean_1BY4.pdb,Experimental,PDB,Unknown,clean_1BY4,False
clean_7WMC.pdb,Experimental,PDB,Unknown,clean_7WMC,False
clean_4U8Z.pdb,Experimental,PDB,Unknown,clean_4U8Z,False
clean_3MFR.pdb,Experimental,PDB,Unknown,clean_3MFR,False
clean_6ME5.pdb,Experimental,PDB,Unknown,clean_6ME5,False
clean_3I97.pdb,Experimental,PDB,Unknown,clean_3I97,False
clean_4LJX.pdb,Experimental,PDB,Unknown,clean_4LJX,False
clean_5IA2.pdb,Experimental,PDB,Unknown,clean_5IA2,False
clean_4G85.pdb,Experimental,PDB,Unknown,clean_4G85,False
clean_7PC8.pdb,Experimental,PDB,Unknown,clean_7PC8,False
clean_7U2L.pdb,Experimental,PDB,Unknown,clean_7U2L,False
clean_7NBM.pdb,Experimental,PDB,Unknown,clean_7NBM,False
clean_3UFY.pdb,Experimental,PDB,Unknown,clean_3UFY,False
clean_4ZGX.pdb,Experimental,PDB,Unknown,clean_4ZGX,False
clean_4WN1.pdb,Experimental,PDB,Unknown,clean_4WN1,False
clean_8IOY.pdb,Experimental,PDB,Unknown,clean_8IOY,False
clean_7QWM.pdb,Experimental,PDB,Unknown,clean_7QWM,False
clean_7MFE.pdb,Experimental,PDB,Unknown,clean_7MFE,False
clean_8XOI.pdb,Experimental,PDB,Unknown,clean_8XOI,False
clean_1TIJ.pdb,Experimental,PDB,Unknown,clean_1TIJ,False
clean_8ZD1.pdb,Experimental,PDB,Unknown,clean_8ZD1,False
clean_4RMC.pdb,Experimental,PDB,Unknown,clean_4RMC,False
clean_5AXQ.pdb,Experimental,PDB,Unknown,clean_5AXQ,False
clean_7A2K.pdb,Experimental,PDB,Unknown,clean_7A2K,False
clean_1NAU.pdb,Experimental,PDB,Unknown,clean_1NAU,False
clean_5KPM.pdb,Experimental,PDB,Unknown,clean_5KPM,False
clean_8JZM.pdb,Experimental,PDB,Unknown,clean_8JZM,False
clean_5PZ1.pdb,Experimental,PDB,Unknown,clean_5PZ1,False
clean_8ZMY.pdb,Experimental,PDB,Unknown,clean_8ZMY,False
clean_7UL5.pdb,Experimental,PDB,Unknown,clean_7UL5,False
clean_8ZPM.pdb,Experimental,PDB,Unknown,clean_8ZPM,False
clean_1POD.pdb,Experimental,PDB,Unknown,clean_1POD,False
clean_3DM6.pdb,Experimental,PDB,Unknown,clean_3DM6,False
clean_7EA7.pdb,Experimental,PDB,Unknown,clean_7EA7,False
clean_4LTE.pdb,Experimental,PDB,Unknown,clean_4LTE,False
clean_4PTE.pdb,Experimental,PDB,Unknown,clean_4PTE,False
clean_5XJL.pdb,Experimental,PDB,Unknown,clean_5XJL,False
clean_5SDZ.pdb,Experimental,PDB,Unknown,clean_5SDZ,False
clean_5ONA.pdb,Experimental,PDB,Unknown,clean_5ONA,False
clean_5K5X.pdb,Experimental,PDB,Unknown,clean_5K5X,False
clean_7B3K.pdb,Experimental,PDB,Unknown,clean_7B3K,False
clean_8E3G.pdb,Experimental,PDB,Unknown,clean_8E3G,False
clean_6UUO.pdb,Experimental,PDB,Unknown,clean_6UUO,False
clean_5L36.pdb,Experimental,PDB,Unknown,clean_5L36,False
clean_6MVD.pdb,Experimental,PDB,Unknown,clean_6MVD,False
clean_8SDJ.pdb,Experimental,PDB,Unknown,clean_8SDJ,False
clean_7S59.pdb,Experimental,PDB,Unknown,clean_7S59,False
clean_8ILS.pdb,Experimental,PDB,Unknown,clean_8ILS,False
clean_3GHW.pdb,Experimental,PDB,Unknown,clean_3GHW,False
clean_8BDM.pdb,Experimental,PDB,Unknown,clean_8BDM,False
clean_8XQJ.pdb,Experimental,PDB,Unknown,clean_8XQJ,False
clean_6H2U.pdb,Experimental,PDB,Unknown,clean_6H2U,False
clean_3UIJ.pdb,Experimental,PDB,Unknown,clean_3UIJ,False
clean_8IT6.pdb,Experimental,PDB,Unknown,clean_8IT6,False
clean_7B6F.pdb,Experimental,PDB,Unknown,clean_7B6F,False
clean_7BYL.pdb,Experimental,PDB,Unknown,clean_7BYL,False
clean_7V3Z.pdb,Experimental,PDB,Unknown,clean_7V3Z,False
clean_8E59.pdb,Experimental,PDB,Unknown,clean_8E59,False
clean_5SGS.pdb,Experimental,PDB,Unknown,clean_5SGS,False
clean_3IKN.pdb,Experimental,PDB,Unknown,clean_3IKN,False
clean_5UBT.pdb,Experimental,PDB,Unknown,clean_5UBT,False
clean_7B12.pdb,Experimental,PDB,Unknown,clean_7B12,False
clean_4G9C.pdb,Experimental,PDB,Unknown,clean_4G9C,False
clean_5PXI.pdb,Experimental,PDB,Unknown,clean_5PXI,False
clean_7M0T.pdb,Experimental,PDB,Unknown,clean_7M0T,False
clean_7TTT.pdb,Experimental,PDB,Unknown,clean_7TTT,False
clean_3LBS.pdb,Experimental,PDB,Unknown,clean_3LBS,False
clean_8AUZ.pdb,Experimental,PDB,Unknown,clean_8AUZ,False
clean_8BFI.pdb,Experimental,PDB,Unknown,clean_8BFI,False
clean_2P7A.pdb,Experimental,PDB,Unknown,clean_2P7A,False
clean_6HOG.pdb,Experimental,PDB,Unknown,clean_6HOG,False
clean_8RQD.pdb,Experimental,PDB,Unknown,clean_8RQD,False
clean_5UWW.pdb,Experimental,PDB,Unknown,clean_5UWW,False
clean_5IH5.pdb,Experimental,PDB,Unknown,clean_5IH5,False
clean_5SXI.pdb,Experimental,PDB,Unknown,clean_5SXI,False
clean_2L0P.pdb,Experimental,PDB,Unknown,clean_2L0P,False
clean_3NSH.pdb,Experimental,PDB,Unknown,clean_3NSH,False
clean_8R3T.pdb,Experimental,PDB,Unknown,clean_8R3T,False
clean_3QBH.pdb,Experimental,PDB,Unknown,clean_3QBH,False
clean_5T35.pdb,Experimental,PDB,Unknown,clean_5T35,False
clean_3MSH.pdb,Experimental,PDB,Unknown,clean_3MSH,False
clean_7USD.pdb,Experimental,PDB,Unknown,clean_7USD,False
clean_5SKC.pdb,Experimental,PDB,Unknown,clean_5SKC,False
clean_3IIM.pdb,Experimental,PDB,Unknown,clean_3IIM,False
clean_8UNU.pdb,Experimental,PDB,Unknown,clean_8UNU,False
clean_6ATE.pdb,Experimental,PDB,Unknown,clean_6ATE,False
clean_2JBK.pdb,Experimental,PDB,Unknown,clean_2JBK,False
clean_8ZSP.pdb,Experimental,PDB,Unknown,clean_8ZSP,False
clean_8D3K.pdb,Experimental,PDB,Unknown,clean_8D3K,False
clean_9D39.pdb,Experimental,PDB,Unknown,clean_9D39,False
clean_9D19.pdb,Experimental,PDB,Unknown,clean_9D19,False
clean_6GK7.pdb,Experimental,PDB,Unknown,clean_6GK7,False
clean_3N6W.pdb,Experimental,PDB,Unknown,clean_3N6W,False
clean_2QLB.pdb,Experimental,PDB,Unknown,clean_2QLB,False
clean_9L3W.pdb,Experimental,PDB,Unknown,clean_9L3W,False
clean_8OI0.pdb,Experimental,PDB,Unknown,clean_8OI0,False
clean_8RPT.pdb,Experimental,PDB,Unknown,clean_8RPT,False
clean_5T7L.pdb,Experimental,PDB,Unknown,clean_5T7L,False
clean_4F7J.pdb,Experimental,PDB,Unknown,clean_4F7J,False
clean_4JVH.pdb,Experimental,PDB,Unknown,clean_4JVH,False
clean_5SJ4.pdb,Experimental,PDB,Unknown,clean_5SJ4,False
clean_7FSN.pdb,Experimental,PDB,Unknown,clean_7FSN,False
clean_2N4V.pdb,Experimental,PDB,Unknown,clean_2N4V,False
clean_1RGU.pdb,Experimental,PDB,Unknown,clean_1RGU,False
clean_8AEX.pdb,Experimental,PDB,Unknown,clean_8AEX,False
clean_1UN5.pdb,Experimental,PDB,Unknown,clean_1UN5,False
clean_7WQS.pdb,Experimental,PDB,Unknown,clean_7WQS,False
clean_2DKO.pdb,Experimental,PDB,Unknown,clean_2DKO,False
clean_7UAM.pdb,Experimental,PDB,Unknown,clean_7UAM,False
clean_1PBU.pdb,Experimental,PDB,Unknown,clean_1PBU,False
clean_4W9J.pdb,Experimental,PDB,Unknown,clean_4W9J,False
clean_8ITB.pdb,Experimental,PDB,Unknown,clean_8ITB,False
clean_2HZR.pdb,Experimental,PDB,Unknown,clean_2HZR,False
clean_8BZL.pdb,Experimental,PDB,Unknown,clean_8BZL,False
clean_8BYN.pdb,Experimental,PDB,Unknown,clean_8BYN,False
clean_7D76.pdb,Experimental,PDB,Unknown,clean_7D76,False
clean_5SJB.pdb,Experimental,PDB,Unknown,clean_5SJB,False
clean_2Q9X.pdb,Experimental,PDB,Unknown,clean_2Q9X,False
clean_5SIT.pdb,Experimental,PDB,Unknown,clean_5SIT,False
clean_9DQJ.pdb,Experimental,PDB,Unknown,clean_9DQJ,False
clean_4D8D.pdb,Experimental,PDB,Unknown,clean_4D8D,False
clean_3HCM.pdb,Experimental,PDB,Unknown,clean_3HCM,False
clean_2YWK.pdb,Experimental,PDB,Unknown,clean_2YWK,False
clean_4PTC.pdb,Experimental,PDB,Unknown,clean_4PTC,False
clean_3Q0R.pdb,Experimental,PDB,Unknown,clean_3Q0R,False
clean_6CIC.pdb,Experimental,PDB,Unknown,clean_6CIC,False
clean_7WR6.pdb,Experimental,PDB,Unknown,clean_7WR6,False
clean_6BD8.pdb,Experimental,PDB,Unknown,clean_6BD8,False
clean_8WJG.pdb,Experimental,PDB,Unknown,clean_8WJG,False
clean_5QD4.pdb,Experimental,PDB,Unknown,clean_5QD4,False
clean_3S97.pdb,Experimental,PDB,Unknown,clean_3S97,False
clean_2LP2.pdb,Experimental,PDB,Unknown,clean_2LP2,False
clean_8PC2.pdb,Experimental,PDB,Unknown,clean_8PC2,False
clean_9BIP.pdb,Experimental,PDB,Unknown,clean_9BIP,False
clean_1MQB.pdb,Experimental,PDB,Unknown,clean_1MQB,False
clean_4H1E.pdb,Experimental,PDB,Unknown,clean_4H1E,False
clean_4OC2.pdb,Experimental,PDB,Unknown,clean_4OC2,False
clean_5R66.pdb,Experimental,PDB,Unknown,clean_5R66,False
clean_1YJX.pdb,Experimental,PDB,Unknown,clean_1YJX,False
clean_5SXA.pdb,Experimental,PDB,Unknown,clean_5SXA,False
clean_3ZNP.pdb,Experimental,PDB,Unknown,clean_3ZNP,False
clean_3PTG.pdb,Experimental,PDB,Unknown,clean_3PTG,False
clean_5YA5.pdb,Experimental,PDB,Unknown,clean_5YA5,False
clean_5VUZ.pdb,Experimental,PDB,Unknown,clean_5VUZ,False
clean_1UEN.pdb,Experimental,PDB,Unknown,clean_1UEN,False
clean_3VEU.pdb,Experimental,PDB,Unknown,clean_3VEU,False
clean_2P1U.pdb,Experimental,PDB,Unknown,clean_2P1U,False
clean_4AJY.pdb,Experimental,PDB,Unknown,clean_4AJY,False
clean_8RI9.pdb,Experimental,PDB,Unknown,clean_8RI9,False
clean_3DLQ.pdb,Experimental,PDB,Unknown,clean_3DLQ,False
clean_8H9V.pdb,Experimental,PDB,Unknown,clean_8H9V,False
clean_7V4A.pdb,Experimental,PDB,Unknown,clean_7V4A,False
clean_3Q92.pdb,Experimental,PDB,Unknown,clean_3Q92,False
clean_5FU7.pdb,Experimental,PDB,Unknown,clean_5FU7,False
clean_3U3J.pdb,Experimental,PDB,Unknown,clean_3U3J,False
clean_2VAJ.pdb,Experimental,PDB,Unknown,clean_2VAJ,False
clean_1Q3W.pdb,Experimental,PDB,Unknown,clean_1Q3W,False
clean_5IKC.pdb,Experimental,PDB,Unknown,clean_5IKC,False
clean_1V18.pdb,Experimental,PDB,Unknown,clean_1V18,False
clean_7Z0K.pdb,Experimental,PDB,Unknown,clean_7Z0K,False
clean_6PYU.pdb,Experimental,PDB,Unknown,clean_6PYU,False
clean_6RCH.pdb,Experimental,PDB,Unknown,clean_6RCH,False
clean_8FF3.pdb,Experimental,PDB,Unknown,clean_8FF3,False
clean_6L1F.pdb,Experimental,PDB,Unknown,clean_6L1F,False
clean_3PMR.pdb,Experimental,PDB,Unknown,clean_3PMR,False
clean_6HB9.pdb,Experimental,PDB,Unknown,clean_6HB9,False
clean_9CXA.pdb,Experimental,PDB,Unknown,clean_9CXA,False
clean_5SGB.pdb,Experimental,PDB,Unknown,clean_5SGB,False
clean_5PZH.pdb,Experimental,PDB,Unknown,clean_5PZH,False
clean_8WGC.pdb,Experimental,PDB,Unknown,clean_8WGC,False
clean_7EZM.pdb,Experimental,PDB,Unknown,clean_7EZM,False
clean_5A1R.pdb,Experimental,PDB,Unknown,clean_5A1R,False
clean_7KSO.pdb,Experimental,PDB,Unknown,clean_7KSO,False
clean_6OQ3.pdb,Experimental,PDB,Unknown,clean_6OQ3,False
clean_4WNO.pdb,Experimental,PDB,Unknown,clean_4WNO,False
clean_1B3J.pdb,Experimental,PDB,Unknown,clean_1B3J,False
clean_8H9F.pdb,Experimental,PDB,Unknown,clean_8H9F,False
clean_1ICE.pdb,Experimental,PDB,Unknown,clean_1ICE,False
clean_7S8M.pdb,Experimental,PDB,Unknown,clean_7S8M,False
clean_6NPZ.pdb,Experimental,PDB,Unknown,clean_6NPZ,False
clean_7B46.pdb,Experimental,PDB,Unknown,clean_7B46,False
clean_3MFU.pdb,Experimental,PDB,Unknown,clean_3MFU,False
clean_5Y4F.pdb,Experimental,PDB,Unknown,clean_5Y4F,False
clean_2EE6.pdb,Experimental,PDB,Unknown,clean_2EE6,False
clean_6CO3.pdb,Experimental,PDB,Unknown,clean_6CO3,False
clean_6OSL.pdb,Experimental,PDB,Unknown,clean_6OSL,False
clean_6X40.pdb,Experimental,PDB,Unknown,clean_6X40,False
clean_6ME8.pdb,Experimental,PDB,Unknown,clean_6ME8,False
clean_5C2A.pdb,Experimental,PDB,Unknown,clean_5C2A,False
clean_8I9J.pdb,Experimental,PDB,Unknown,clean_8I9J,False
clean_4BU9.pdb,Experimental,PDB,Unknown,clean_4BU9,False
clean_6UOA.pdb,Experimental,PDB,Unknown,clean_6UOA,False
clean_5T0G.pdb,Experimental,PDB,Unknown,clean_5T0G,False
clean_8HKM.pdb,Experimental,PDB,Unknown,clean_8HKM,False
clean_8UQR.pdb,Experimental,PDB,Unknown,clean_8UQR,False
clean_2F3E.pdb,Experimental,PDB,Unknown,clean_2F3E,False
clean_4X0T.pdb,Experimental,PDB,Unknown,clean_4X0T,False
clean_6GCU.pdb,Experimental,PDB,Unknown,clean_6GCU,False
clean_5J1I.pdb,Experimental,PDB,Unknown,clean_5J1I,False
clean_3IIJ.pdb,Experimental,PDB,Unknown,clean_3IIJ,False
clean_8Q8E.pdb,Experimental,PDB,Unknown,clean_8Q8E,False
clean_5IC6.pdb,Experimental,PDB,Unknown,clean_5IC6,False
clean_7QVC.pdb,Experimental,PDB,Unknown,clean_7QVC,False
clean_5PXF.pdb,Experimental,PDB,Unknown,clean_5PXF,False
clean_9BAX.pdb,Experimental,PDB,Unknown,clean_9BAX,False
clean_6SQU.pdb,Experimental,PDB,Unknown,clean_6SQU,False
clean_9D38.pdb,Experimental,PDB,Unknown,clean_9D38,False
clean_6SDY.pdb,Experimental,PDB,Unknown,clean_6SDY,False
clean_4UWY.pdb,Experimental,PDB,Unknown,clean_4UWY,False
clean_6X3T.pdb,Experimental,PDB,Unknown,clean_6X3T,False
clean_3QRD.pdb,Experimental,PDB,Unknown,clean_3QRD,False
clean_8QLS.pdb,Experimental,PDB,Unknown,clean_8QLS,False
clean_8JTT.pdb,Experimental,PDB,Unknown,clean_8JTT,False
clean_6Q7D.pdb,Experimental,PDB,Unknown,clean_6Q7D,False
clean_8Q9J.pdb,Experimental,PDB,Unknown,clean_8Q9J,False
clean_3B9U.pdb,Experimental,PDB,Unknown,clean_3B9U,False
clean_7Z5W.pdb,Experimental,PDB,Unknown,clean_7Z5W,False
clean_4HLH.pdb,Experimental,PDB,Unknown,clean_4HLH,False
clean_3CRH.pdb,Experimental,PDB,Unknown,clean_3CRH,False
clean_2HBQ.pdb,Experimental,PDB,Unknown,clean_2HBQ,False
clean_6NK4.pdb,Experimental,PDB,Unknown,clean_6NK4,False
clean_6DHC.pdb,Experimental,PDB,Unknown,clean_6DHC,False
clean_8T33.pdb,Experimental,PDB,Unknown,clean_8T33,False
clean_2YBG.pdb,Experimental,PDB,Unknown,clean_2YBG,False
clean_2CPQ.pdb,Experimental,PDB,Unknown,clean_2CPQ,False
clean_8U4N.pdb,Experimental,PDB,Unknown,clean_8U4N,False
clean_1FXL.pdb,Experimental,PDB,Unknown,clean_1FXL,False
clean_3TZM.pdb,Experimental,PDB,Unknown,clean_3TZM,False
clean_5PZ3.pdb,Experimental,PDB,Unknown,clean_5PZ3,False
clean_2OW3.pdb,Experimental,PDB,Unknown,clean_2OW3,False
clean_3U11.pdb,Experimental,PDB,Unknown,clean_3U11,False
clean_5SKU.pdb,Experimental,PDB,Unknown,clean_5SKU,False
clean_9D58.pdb,Experimental,PDB,Unknown,clean_9D58,False
clean_7VFV.pdb,Experimental,PDB,Unknown,clean_7VFV,False
clean_4HDQ.pdb,Experimental,PDB,Unknown,clean_4HDQ,False
clean_4J22.pdb,Experimental,PDB,Unknown,clean_4J22,False
clean_7XO3.pdb,Experimental,PDB,Unknown,clean_7XO3,False
clean_3UQP.pdb,Experimental,PDB,Unknown,clean_3UQP,False
clean_5T31.pdb,Experimental,PDB,Unknown,clean_5T31,False
clean_4U30.pdb,Experimental,PDB,Unknown,clean_4U30,False
clean_3HW1.pdb,Experimental,PDB,Unknown,clean_3HW1,False
clean_8ID8.pdb,Experimental,PDB,Unknown,clean_8ID8,False
clean_3U7U.pdb,Experimental,PDB,Unknown,clean_3U7U,False
clean_5QQD.pdb,Experimental,PDB,Unknown,clean_5QQD,False
clean_4BJB.pdb,Experimental,PDB,Unknown,clean_4BJB,False
clean_5ELR.pdb,Experimental,PDB,Unknown,clean_5ELR,False
clean_8QZ4.pdb,Experimental,PDB,Unknown,clean_8QZ4,False
clean_3SNL.pdb,Experimental,PDB,Unknown,clean_3SNL,False
clean_7US2.pdb,Experimental,PDB,Unknown,clean_7US2,False
clean_1KM7.pdb,Experimental,PDB,Unknown,clean_1KM7,False
clean_1YH3.pdb,Experimental,PDB,Unknown,clean_1YH3,False
clean_7ZNT.pdb,Experimental,PDB,Unknown,clean_7ZNT,False
clean_4N00.pdb,Experimental,PDB,Unknown,clean_4N00,False
clean_2IPU.pdb,Experimental,PDB,Unknown,clean_2IPU,False
clean_6W7J.pdb,Experimental,PDB,Unknown,clean_6W7J,False
clean_8XJK.pdb,Experimental,PDB,Unknown,clean_8XJK,False
clean_7K0V.pdb,Experimental,PDB,Unknown,clean_7K0V,False
clean_2D0J.pdb,Experimental,PDB,Unknown,clean_2D0J,False
clean_7A2P.pdb,Experimental,PDB,Unknown,clean_7A2P,False
clean_4QU5.pdb,Experimental,PDB,Unknown,clean_4QU5,False
clean_5IJ7.pdb,Experimental,PDB,Unknown,clean_5IJ7,False
clean_4KBN.pdb,Experimental,PDB,Unknown,clean_4KBN,False
clean_8CTE.pdb,Experimental,PDB,Unknown,clean_8CTE,False
clean_3SJF.pdb,Experimental,PDB,Unknown,clean_3SJF,False
clean_5F09.pdb,Experimental,PDB,Unknown,clean_5F09,False
clean_8CSL.pdb,Experimental,PDB,Unknown,clean_8CSL,False
clean_3ZKX.pdb,Experimental,PDB,Unknown,clean_3ZKX,False
clean_7Q0S.pdb,Experimental,PDB,Unknown,clean_7Q0S,False
clean_5UHP.pdb,Experimental,PDB,Unknown,clean_5UHP,False
clean_8R2O.pdb,Experimental,PDB,Unknown,clean_8R2O,False
clean_4L7H.pdb,Experimental,PDB,Unknown,clean_4L7H,False
clean_5TP0.pdb,Experimental,PDB,Unknown,clean_5TP0,False
clean_4IVS.pdb,Experimental,PDB,Unknown,clean_4IVS,False
clean_6R70.pdb,Experimental,PDB,Unknown,clean_6R70,False
clean_3EHS.pdb,Experimental,PDB,Unknown,clean_3EHS,False
clean_7KSA.pdb,Experimental,PDB,Unknown,clean_7KSA,False
clean_8DD2.pdb,Experimental,PDB,Unknown,clean_8DD2,False
clean_8J01.pdb,Experimental,PDB,Unknown,clean_8J01,False
clean_5SJN.pdb,Experimental,PDB,Unknown,clean_5SJN,False
clean_4MSA.pdb,Experimental,PDB,Unknown,clean_4MSA,False
clean_6UHS.pdb,Experimental,PDB,Unknown,clean_6UHS,False
clean_3IBC.pdb,Experimental,PDB,Unknown,clean_3IBC,False
clean_4DJH.pdb,Experimental,PDB,Unknown,clean_4DJH,False
clean_2LOT.pdb,Experimental,PDB,Unknown,clean_2LOT,False
clean_2R9S.pdb,Experimental,PDB,Unknown,clean_2R9S,False
clean_7VUY.pdb,Experimental,PDB,Unknown,clean_7VUY,False
clean_8VS6.pdb,Experimental,PDB,Unknown,clean_8VS6,False
clean_2EVA.pdb,Experimental,PDB,Unknown,clean_2EVA,False
clean_5ZTF.pdb,Experimental,PDB,Unknown,clean_5ZTF,False
clean_4RMI.pdb,Experimental,PDB,Unknown,clean_4RMI,False
clean_3LNK.pdb,Experimental,PDB,Unknown,clean_3LNK,False
clean_5WOB.pdb,Experimental,PDB,Unknown,clean_5WOB,False
clean_2KGR.pdb,Experimental,PDB,Unknown,clean_2KGR,False
clean_1O4L.pdb,Experimental,PDB,Unknown,clean_1O4L,False
clean_4XYF.pdb,Experimental,PDB,Unknown,clean_4XYF,False
clean_3QO0.pdb,Experimental,PDB,Unknown,clean_3QO0,False
clean_3ZRC.pdb,Experimental,PDB,Unknown,clean_3ZRC,False
clean_5M9T.pdb,Experimental,PDB,Unknown,clean_5M9T,False
clean_9CTF.pdb,Experimental,PDB,Unknown,clean_9CTF,False
clean_8ZQO.pdb,Experimental,PDB,Unknown,clean_8ZQO,False
clean_8Q9C.pdb,Experimental,PDB,Unknown,clean_8Q9C,False
clean_1YC5.pdb,Experimental,PDB,Unknown,clean_1YC5,False
clean_8ITD.pdb,Experimental,PDB,Unknown,clean_8ITD,False
clean_8JTX.pdb,Experimental,PDB,Unknown,clean_8JTX,False
clean_1Y2A.pdb,Experimental,PDB,Unknown,clean_1Y2A,False
clean_2EWP.pdb,Experimental,PDB,Unknown,clean_2EWP,False
clean_2COI.pdb,Experimental,PDB,Unknown,clean_2COI,False
clean_9CZJ.pdb,Experimental,PDB,Unknown,clean_9CZJ,False
clean_8OHP.pdb,Experimental,PDB,Unknown,clean_8OHP,False
clean_8T3Q.pdb,Experimental,PDB,Unknown,clean_8T3Q,False
clean_1YJU.pdb,Experimental,PDB,Unknown,clean_1YJU,False
clean_2PVW.pdb,Experimental,PDB,Unknown,clean_2PVW,False
clean_2QMF.pdb,Experimental,PDB,Unknown,clean_2QMF,False
clean_8XOF.pdb,Experimental,PDB,Unknown,clean_8XOF,False
clean_5NVW.pdb,Experimental,PDB,Unknown,clean_5NVW,False
clean_5ANR.pdb,Experimental,PDB,Unknown,clean_5ANR,False
clean_5PY3.pdb,Experimental,PDB,Unknown,clean_5PY3,False
clean_4C0G.pdb,Experimental,PDB,Unknown,clean_4C0G,False
clean_6X5Q.pdb,Experimental,PDB,Unknown,clean_6X5Q,False
clean_7XK2.pdb,Experimental,PDB,Unknown,clean_7XK2,False
clean_8AX6.pdb,Experimental,PDB,Unknown,clean_8AX6,False
clean_6GKG.pdb,Experimental,PDB,Unknown,clean_6GKG,False
clean_1XOX.pdb,Experimental,PDB,Unknown,clean_1XOX,False
clean_4FAM.pdb,Experimental,PDB,Unknown,clean_4FAM,False
clean_7UJP.pdb,Experimental,PDB,Unknown,clean_7UJP,False
clean_7Z5X.pdb,Experimental,PDB,Unknown,clean_7Z5X,False
clean_8EF7.pdb,Experimental,PDB,Unknown,clean_8EF7,False
clean_1O4R.pdb,Experimental,PDB,Unknown,clean_1O4R,False
clean_8I9S.pdb,Experimental,PDB,Unknown,clean_8I9S,False
clean_9FSQ.pdb,Experimental,PDB,Unknown,clean_9FSQ,False
clean_7X5F.pdb,Experimental,PDB,Unknown,clean_7X5F,False
clean_3AYU.pdb,Experimental,PDB,Unknown,clean_3AYU,False
clean_6B9E.pdb,Experimental,PDB,Unknown,clean_6B9E,False
clean_1HW9.pdb,Experimental,PDB,Unknown,clean_1HW9,False
clean_5QHB.pdb,Experimental,PDB,Unknown,clean_5QHB,False
clean_7RTB.pdb,Experimental,PDB,Unknown,clean_7RTB,False
clean_2RI7.pdb,Experimental,PDB,Unknown,clean_2RI7,False
clean_7LBQ.pdb,Experimental,PDB,Unknown,clean_7LBQ,False
clean_8Q9G.pdb,Experimental,PDB,Unknown,clean_8Q9G,False
clean_6WJ2.pdb,Experimental,PDB,Unknown,clean_6WJ2,False
clean_2OHM.pdb,Experimental,PDB,Unknown,clean_2OHM,False
clean_5QH8.pdb,Experimental,PDB,Unknown,clean_5QH8,False
clean_4ZVT.pdb,Experimental,PDB,Unknown,clean_4ZVT,False
clean_1H7I.pdb,Experimental,PDB,Unknown,clean_1H7I,False
clean_6JTZ.pdb,Experimental,PDB,Unknown,clean_6JTZ,False
clean_6KQI.pdb,Experimental,PDB,Unknown,clean_6KQI,False
clean_6I7R.pdb,Experimental,PDB,Unknown,clean_6I7R,False
clean_9K7B.pdb,Experimental,PDB,Unknown,clean_9K7B,False
clean_8HQE.pdb,Experimental,PDB,Unknown,clean_8HQE,False
clean_7XK8.pdb,Experimental,PDB,Unknown,clean_7XK8,False
clean_2GRO.pdb,Experimental,PDB,Unknown,clean_2GRO,False
clean_3ZZE.pdb,Experimental,PDB,Unknown,clean_3ZZE,False
clean_8XUM.pdb,Experimental,PDB,Unknown,clean_8XUM,False
clean_7C9I.pdb,Experimental,PDB,Unknown,clean_7C9I,False
clean_8IKL.pdb,Experimental,PDB,Unknown,clean_8IKL,False
clean_6MJ2.pdb,Experimental,PDB,Unknown,clean_6MJ2,False
clean_6WOD.pdb,Experimental,PDB,Unknown,clean_6WOD,False
clean_7A6E.pdb,Experimental,PDB,Unknown,clean_7A6E,False
clean_6RPR.pdb,Experimental,PDB,Unknown,clean_6RPR,False
clean_9BA0.pdb,Experimental,PDB,Unknown,clean_9BA0,False
clean_3N94.pdb,Experimental,PDB,Unknown,clean_3N94,False
clean_8FF8.pdb,Experimental,PDB,Unknown,clean_8FF8,False
clean_3U3K.pdb,Experimental,PDB,Unknown,clean_3U3K,False
clean_5SWR.pdb,Experimental,PDB,Unknown,clean_5SWR,False
clean_8OL8.pdb,Experimental,PDB,Unknown,clean_8OL8,False
clean_3DU8.pdb,Experimental,PDB,Unknown,clean_3DU8,False
clean_3UDR.pdb,Experimental,PDB,Unknown,clean_3UDR,False
clean_7FSI.pdb,Experimental,PDB,Unknown,clean_7FSI,False
clean_6T7C.pdb,Experimental,PDB,Unknown,clean_6T7C,False
clean_5VSZ.pdb,Experimental,PDB,Unknown,clean_5VSZ,False
clean_8G8G.pdb,Experimental,PDB,Unknown,clean_8G8G,False
clean_6DF3.pdb,Experimental,PDB,Unknown,clean_6DF3,False
clean_3RBU.pdb,Experimental,PDB,Unknown,clean_3RBU,False
clean_8G05.pdb,Experimental,PDB,Unknown,clean_8G05,False
clean_6W7K.pdb,Experimental,PDB,Unknown,clean_6W7K,False
clean_2MQI.pdb,Experimental,PDB,Unknown,clean_2MQI,False
clean_8WVU.pdb,Experimental,PDB,Unknown,clean_8WVU,False
clean_7B88.pdb,Experimental,PDB,Unknown,clean_7B88,False
clean_8B5X.pdb,Experimental,PDB,Unknown,clean_8B5X,False
clean_1DJS.pdb,Experimental,PDB,Unknown,clean_1DJS,False
clean_7CA5.pdb,Experimental,PDB,Unknown,clean_7CA5,False
clean_1XKT.pdb,Experimental,PDB,Unknown,clean_1XKT,False
clean_8JLQ.pdb,Experimental,PDB,Unknown,clean_8JLQ,False
clean_5WRJ.pdb,Experimental,PDB,Unknown,clean_5WRJ,False
clean_1EG4.pdb,Experimental,PDB,Unknown,clean_1EG4,False
clean_8VJ9.pdb,Experimental,PDB,Unknown,clean_8VJ9,False
clean_2HDL.pdb,Experimental,PDB,Unknown,clean_2HDL,False
clean_8OWE.pdb,Experimental,PDB,Unknown,clean_8OWE,False
clean_8IRV.pdb,Experimental,PDB,Unknown,clean_8IRV,False
clean_6MGE.pdb,Experimental,PDB,Unknown,clean_6MGE,False
clean_4AGL.pdb,Experimental,PDB,Unknown,clean_4AGL,False
clean_5Y35.pdb,Experimental,PDB,Unknown,clean_5Y35,False
clean_4RWA.pdb,Experimental,PDB,Unknown,clean_4RWA,False
clean_2AXM.pdb,Experimental,PDB,Unknown,clean_2AXM,False
clean_6IPZ.pdb,Experimental,PDB,Unknown,clean_6IPZ,False
clean_8UNY.pdb,Experimental,PDB,Unknown,clean_8UNY,False
clean_4HQR.pdb,Experimental,PDB,Unknown,clean_4HQR,False
clean_1O4N.pdb,Experimental,PDB,Unknown,clean_1O4N,False
clean_3D6M.pdb,Experimental,PDB,Unknown,clean_3D6M,False
clean_8FY3.pdb,Experimental,PDB,Unknown,clean_8FY3,False
clean_4RCA.pdb,Experimental,PDB,Unknown,clean_4RCA,False
clean_7R5H.pdb,Experimental,PDB,Unknown,clean_7R5H,False
clean_8JLN.pdb,Experimental,PDB,Unknown,clean_8JLN,False
clean_2GPP.pdb,Experimental,PDB,Unknown,clean_2GPP,False
clean_5CJF.pdb,Experimental,PDB,Unknown,clean_5CJF,False
clean_5VBL.pdb,Experimental,PDB,Unknown,clean_5VBL,False
clean_5GJD.pdb,Experimental,PDB,Unknown,clean_5GJD,False
clean_3H0F.pdb,Experimental,PDB,Unknown,clean_3H0F,False
clean_3D08.pdb,Experimental,PDB,Unknown,clean_3D08,False
clean_6YIE.pdb,Experimental,PDB,Unknown,clean_6YIE,False
clean_7BLE.pdb,Experimental,PDB,Unknown,clean_7BLE,False
clean_5V5C.pdb,Experimental,PDB,Unknown,clean_5V5C,False
clean_7UKE.pdb,Experimental,PDB,Unknown,clean_7UKE,False
clean_7FEE.pdb,Experimental,PDB,Unknown,clean_7FEE,False
clean_8OYD.pdb,Experimental,PDB,Unknown,clean_8OYD,False
clean_6GJO.pdb,Experimental,PDB,Unknown,clean_6GJO,False
clean_8QT3.pdb,Experimental,PDB,Unknown,clean_8QT3,False
clean_8HNL.pdb,Experimental,PDB,Unknown,clean_8HNL,False
clean_8TSA.pdb,Experimental,PDB,Unknown,clean_8TSA,False
clean_5TZA.pdb,Experimental,PDB,Unknown,clean_5TZA,False
clean_4WHF.pdb,Experimental,PDB,Unknown,clean_4WHF,False
clean_5MMS.pdb,Experimental,PDB,Unknown,clean_5MMS,False
clean_7NBJ.pdb,Experimental,PDB,Unknown,clean_7NBJ,False
clean_2VNN.pdb,Experimental,PDB,Unknown,clean_2VNN,False
clean_8QPZ.pdb,Experimental,PDB,Unknown,clean_8QPZ,False
clean_4APD.pdb,Experimental,PDB,Unknown,clean_4APD,False
clean_4KE0.pdb,Experimental,PDB,Unknown,clean_4KE0,False
clean_7KHH.pdb,Experimental,PDB,Unknown,clean_7KHH,False
clean_8JGG.pdb,Experimental,PDB,Unknown,clean_8JGG,False
clean_2A4D.pdb,Experimental,PDB,Unknown,clean_2A4D,False
clean_6L6K.pdb,Experimental,PDB,Unknown,clean_6L6K,False
clean_4B4C.pdb,Experimental,PDB,Unknown,clean_4B4C,False
clean_7B41.pdb,Experimental,PDB,Unknown,clean_7B41,False
clean_3UDA.pdb,Experimental,PDB,Unknown,clean_3UDA,False
clean_8EQV.pdb,Experimental,PDB,Unknown,clean_8EQV,False
clean_1O6K.pdb,Experimental,PDB,Unknown,clean_1O6K,False
clean_8XYK.pdb,Experimental,PDB,Unknown,clean_8XYK,False
clean_1RM8.pdb,Experimental,PDB,Unknown,clean_1RM8,False
clean_7QVF.pdb,Experimental,PDB,Unknown,clean_7QVF,False
clean_8PY3.pdb,Experimental,PDB,Unknown,clean_8PY3,False
clean_7RMI.pdb,Experimental,PDB,Unknown,clean_7RMI,False
clean_5WBM.pdb,Experimental,PDB,Unknown,clean_5WBM,False
clean_3U3O.pdb,Experimental,PDB,Unknown,clean_3U3O,False
clean_8ILV.pdb,Experimental,PDB,Unknown,clean_8ILV,False
clean_8QOO.pdb,Experimental,PDB,Unknown,clean_8QOO,False
clean_8YIZ.pdb,Experimental,PDB,Unknown,clean_8YIZ,False
clean_6B9F.pdb,Experimental,PDB,Unknown,clean_6B9F,False
clean_3LRH.pdb,Experimental,PDB,Unknown,clean_3LRH,False
clean_6HKI.pdb,Experimental,PDB,Unknown,clean_6HKI,False
clean_7ULU.pdb,Experimental,PDB,Unknown,clean_7ULU,False
clean_3HC8.pdb,Experimental,PDB,Unknown,clean_3HC8,False
clean_7C7J.pdb,Experimental,PDB,Unknown,clean_7C7J,False
clean_4FE8.pdb,Experimental,PDB,Unknown,clean_4FE8,False
clean_5U5K.pdb,Experimental,PDB,Unknown,clean_5U5K,False
clean_6IDF.pdb,Experimental,PDB,Unknown,clean_6IDF,False
clean_1EFN.pdb,Experimental,PDB,Unknown,clean_1EFN,False
clean_6GGF.pdb,Experimental,PDB,Unknown,clean_6GGF,False
clean_8V8U.pdb,Experimental,PDB,Unknown,clean_8V8U,False
clean_8BBS.pdb,Experimental,PDB,Unknown,clean_8BBS,False
clean_6VN7.pdb,Experimental,PDB,Unknown,clean_6VN7,False
clean_5HD0.pdb,Experimental,PDB,Unknown,clean_5HD0,False
clean_4EQU.pdb,Experimental,PDB,Unknown,clean_4EQU,False
clean_1IYT.pdb,Experimental,PDB,Unknown,clean_1IYT,False
clean_3VP4.pdb,Experimental,PDB,Unknown,clean_3VP4,False
clean_2BIN.pdb,Experimental,PDB,Unknown,clean_2BIN,False
clean_4DVF.pdb,Experimental,PDB,Unknown,clean_4DVF,False
clean_2OR4.pdb,Experimental,PDB,Unknown,clean_2OR4,False
clean_3A7I.pdb,Experimental,PDB,Unknown,clean_3A7I,False
clean_8GUR.pdb,Experimental,PDB,Unknown,clean_8GUR,False
clean_8XIO.pdb,Experimental,PDB,Unknown,clean_8XIO,False
clean_8DKB.pdb,Experimental,PDB,Unknown,clean_8DKB,False
clean_3MS5.pdb,Experimental,PDB,Unknown,clean_3MS5,False
clean_8QLT.pdb,Experimental,PDB,Unknown,clean_8QLT,False
clean_4ZRJ.pdb,Experimental,PDB,Unknown,clean_4ZRJ,False
clean_7UL3.pdb,Experimental,PDB,Unknown,clean_7UL3,False
clean_8IW9.pdb,Experimental,PDB,Unknown,clean_8IW9,False
clean_8OSB.pdb,Experimental,PDB,Unknown,clean_8OSB,False
clean_7B3J.pdb,Experimental,PDB,Unknown,clean_7B3J,False
clean_7UFE.pdb,Experimental,PDB,Unknown,clean_7UFE,False
clean_6SK8.pdb,Experimental,PDB,Unknown,clean_6SK8,False
clean_7Y27.pdb,Experimental,PDB,Unknown,clean_7Y27,False
clean_8T4Y.pdb,Experimental,PDB,Unknown,clean_8T4Y,False
clean_2WEY.pdb,Experimental,PDB,Unknown,clean_2WEY,False
clean_9C3I.pdb,Experimental,PDB,Unknown,clean_9C3I,False
clean_3BA7.pdb,Experimental,PDB,Unknown,clean_3BA7,False
clean_2XRP.pdb,Experimental,PDB,Unknown,clean_2XRP,False
clean_6KDX.pdb,Experimental,PDB,Unknown,clean_6KDX,False
clean_2KDP.pdb,Experimental,PDB,Unknown,clean_2KDP,False
clean_8JD6.pdb,Experimental,PDB,Unknown,clean_8JD6,False
clean_6B8U.pdb,Experimental,PDB,Unknown,clean_6B8U,False
clean_7D9R.pdb,Experimental,PDB,Unknown,clean_7D9R,False
clean_5AR8.pdb,Experimental,PDB,Unknown,clean_5AR8,False
clean_4Q59.pdb,Experimental,PDB,Unknown,clean_4Q59,False
clean_8Q8W.pdb,Experimental,PDB,Unknown,clean_8Q8W,False
clean_3PS8.pdb,Experimental,PDB,Unknown,clean_3PS8,False
clean_8JXT.pdb,Experimental,PDB,Unknown,clean_8JXT,False
clean_6PND.pdb,Experimental,PDB,Unknown,clean_6PND,False
clean_3SHZ.pdb,Experimental,PDB,Unknown,clean_3SHZ,False
clean_5JKW.pdb,Experimental,PDB,Unknown,clean_5JKW,False
clean_5E2V.pdb,Experimental,PDB,Unknown,clean_5E2V,False
clean_2O2U.pdb,Experimental,PDB,Unknown,clean_2O2U,False
clean_6D3K.pdb,Experimental,PDB,Unknown,clean_6D3K,False
clean_4DV9.pdb,Experimental,PDB,Unknown,clean_4DV9,False
clean_8SZH.pdb,Experimental,PDB,Unknown,clean_8SZH,False
clean_5ZMD.pdb,Experimental,PDB,Unknown,clean_5ZMD,False
clean_8ORE.pdb,Experimental,PDB,Unknown,clean_8ORE,False
clean_7C0I.pdb,Experimental,PDB,Unknown,clean_7C0I,False
clean_8SRM.pdb,Experimental,PDB,Unknown,clean_8SRM,False
clean_5HU0.pdb,Experimental,PDB,Unknown,clean_5HU0,False
clean_8UHG.pdb,Experimental,PDB,Unknown,clean_8UHG,False
clean_3ZBX.pdb,Experimental,PDB,Unknown,clean_3ZBX,False
clean_4IDO.pdb,Experimental,PDB,Unknown,clean_4IDO,False
clean_7TYF.pdb,Experimental,PDB,Unknown,clean_7TYF,False
clean_5VAM.pdb,Experimental,PDB,Unknown,clean_5VAM,False
clean_2NTD.pdb,Experimental,PDB,Unknown,clean_2NTD,False
clean_5SFR.pdb,Experimental,PDB,Unknown,clean_5SFR,False
clean_4U7D.pdb,Experimental,PDB,Unknown,clean_4U7D,False
clean_4BKT.pdb,Experimental,PDB,Unknown,clean_4BKT,False
clean_3GM1.pdb,Experimental,PDB,Unknown,clean_3GM1,False
clean_7TRP.pdb,Experimental,PDB,Unknown,clean_7TRP,False
clean_5YGY.pdb,Experimental,PDB,Unknown,clean_5YGY,False
clean_6IIP.pdb,Experimental,PDB,Unknown,clean_6IIP,False
clean_4G2L.pdb,Experimental,PDB,Unknown,clean_4G2L,False
clean_7Z76.pdb,Experimental,PDB,Unknown,clean_7Z76,False
clean_4PCW.pdb,Experimental,PDB,Unknown,clean_4PCW,False
clean_6HUE.pdb,Experimental,PDB,Unknown,clean_6HUE,False
clean_6PNH.pdb,Experimental,PDB,Unknown,clean_6PNH,False
clean_6KO5.pdb,Experimental,PDB,Unknown,clean_6KO5,False
clean_5Y8V.pdb,Experimental,PDB,Unknown,clean_5Y8V,False
clean_4AT4.pdb,Experimental,PDB,Unknown,clean_4AT4,False
clean_3IRR.pdb,Experimental,PDB,Unknown,clean_3IRR,False
clean_8BLB.pdb,Experimental,PDB,Unknown,clean_8BLB,False
clean_7QGT.pdb,Experimental,PDB,Unknown,clean_7QGT,False
clean_4QTY.pdb,Experimental,PDB,Unknown,clean_4QTY,False
clean_7QRY.pdb,Experimental,PDB,Unknown,clean_7QRY,False
clean_8TII.pdb,Experimental,PDB,Unknown,clean_8TII,False
clean_1B68.pdb,Experimental,PDB,Unknown,clean_1B68,False
clean_6GFY.pdb,Experimental,PDB,Unknown,clean_6GFY,False
clean_7K6R.pdb,Experimental,PDB,Unknown,clean_7K6R,False
clean_4GG5.pdb,Experimental,PDB,Unknown,clean_4GG5,False
clean_8BAN.pdb,Experimental,PDB,Unknown,clean_8BAN,False
clean_7ZR6.pdb,Experimental,PDB,Unknown,clean_7ZR6,False
clean_1LIT.pdb,Experimental,PDB,Unknown,clean_1LIT,False
clean_5QDB.pdb,Experimental,PDB,Unknown,clean_5QDB,False
clean_6V4F.pdb,Experimental,PDB,Unknown,clean_6V4F,False
clean_8Q9O.pdb,Experimental,PDB,Unknown,clean_8Q9O,False
clean_2E44.pdb,Experimental,PDB,Unknown,clean_2E44,False
clean_1UV5.pdb,Experimental,PDB,Unknown,clean_1UV5,False
clean_7BXU.pdb,Experimental,PDB,Unknown,clean_7BXU,False
clean_8DZP.pdb,Experimental,PDB,Unknown,clean_8DZP,False
clean_6WGT.pdb,Experimental,PDB,Unknown,clean_6WGT,False
clean_6PNA.pdb,Experimental,PDB,Unknown,clean_6PNA,False
clean_5XJQ.pdb,Experimental,PDB,Unknown,clean_5XJQ,False
clean_5U5H.pdb,Experimental,PDB,Unknown,clean_5U5H,False
clean_6C7G.pdb,Experimental,PDB,Unknown,clean_6C7G,False
clean_3P11.pdb,Experimental,PDB,Unknown,clean_3P11,False
clean_2K7D.pdb,Experimental,PDB,Unknown,clean_2K7D,False
clean_3Q0M.pdb,Experimental,PDB,Unknown,clean_3Q0M,False
clean_4UP0.pdb,Experimental,PDB,Unknown,clean_4UP0,False
clean_7BP3.pdb,Experimental,PDB,Unknown,clean_7BP3,False
clean_7LD4.pdb,Experimental,PDB,Unknown,clean_7LD4,False
clean_5I9U.pdb,Experimental,PDB,Unknown,clean_5I9U,False
clean_5A63.pdb,Experimental,PDB,Unknown,clean_5A63,False
clean_7BOT.pdb,Experimental,PDB,Unknown,clean_7BOT,False
clean_9GG6.pdb,Experimental,PDB,Unknown,clean_9GG6,False
clean_6U2G.pdb,Experimental,PDB,Unknown,clean_6U2G,False
clean_2FK2.pdb,Experimental,PDB,Unknown,clean_2FK2,False
clean_8D3H.pdb,Experimental,PDB,Unknown,clean_8D3H,False
clean_2K4P.pdb,Experimental,PDB,Unknown,clean_2K4P,False
clean_6LF3.pdb,Experimental,PDB,Unknown,clean_6LF3,False
clean_7YKD.pdb,Experimental,PDB,Unknown,clean_7YKD,False
clean_3DZJ.pdb,Experimental,PDB,Unknown,clean_3DZJ,False
clean_4BTK.pdb,Experimental,PDB,Unknown,clean_4BTK,False
clean_7NHT.pdb,Experimental,PDB,Unknown,clean_7NHT,False
clean_7W6S.pdb,Experimental,PDB,Unknown,clean_7W6S,False
clean_4P4F.pdb,Experimental,PDB,Unknown,clean_4P4F,False
clean_7KVI.pdb,Experimental,PDB,Unknown,clean_7KVI,False
clean_5NJ6.pdb,Experimental,PDB,Unknown,clean_5NJ6,False
clean_3E87.pdb,Experimental,PDB,Unknown,clean_3E87,False
clean_5VCG.pdb,Experimental,PDB,Unknown,clean_5VCG,False
clean_3KFD.pdb,Experimental,PDB,Unknown,clean_3KFD,False
clean_4PES.pdb,Experimental,PDB,Unknown,clean_4PES,False
clean_4QU0.pdb,Experimental,PDB,Unknown,clean_4QU0,False
clean_2J31.pdb,Experimental,PDB,Unknown,clean_2J31,False
clean_8FYT.pdb,Experimental,PDB,Unknown,clean_8FYT,False
clean_1DZC.pdb,Experimental,PDB,Unknown,clean_1DZC,False
clean_6R7F.pdb,Experimental,PDB,Unknown,clean_6R7F,False
clean_8E93.pdb,Experimental,PDB,Unknown,clean_8E93,False
clean_5JL6.pdb,Experimental,PDB,Unknown,clean_5JL6,False
clean_6XXC.pdb,Experimental,PDB,Unknown,clean_6XXC,False
clean_3CQU.pdb,Experimental,PDB,Unknown,clean_3CQU,False
clean_3TAC.pdb,Experimental,PDB,Unknown,clean_3TAC,False
clean_5YPO.pdb,Experimental,PDB,Unknown,clean_5YPO,False
clean_5SJY.pdb,Experimental,PDB,Unknown,clean_5SJY,False
clean_2CNK.pdb,Experimental,PDB,Unknown,clean_2CNK,False
clean_1B8K.pdb,Experimental,PDB,Unknown,clean_1B8K,False
clean_3CU1.pdb,Experimental,PDB,Unknown,clean_3CU1,False
clean_1DB4.pdb,Experimental,PDB,Unknown,clean_1DB4,False
clean_8Q97.pdb,Experimental,PDB,Unknown,clean_8Q97,False
clean_6US0.pdb,Experimental,PDB,Unknown,clean_6US0,False
clean_5CFB.pdb,Experimental,PDB,Unknown,clean_5CFB,False
clean_8JKB.pdb,Experimental,PDB,Unknown,clean_8JKB,False
clean_2HQQ.pdb,Experimental,PDB,Unknown,clean_2HQQ,False
clean_5VVO.pdb,Experimental,PDB,Unknown,clean_5VVO,False
clean_9B1M.pdb,Experimental,PDB,Unknown,clean_9B1M,False
clean_4KR3.pdb,Experimental,PDB,Unknown,clean_4KR3,False
clean_6W7G.pdb,Experimental,PDB,Unknown,clean_6W7G,False
clean_4UVV.pdb,Experimental,PDB,Unknown,clean_4UVV,False
clean_3U3P.pdb,Experimental,PDB,Unknown,clean_3U3P,False
clean_8DAF.pdb,Experimental,PDB,Unknown,clean_8DAF,False
clean_3BUX.pdb,Experimental,PDB,Unknown,clean_3BUX,False
clean_6BFC.pdb,Experimental,PDB,Unknown,clean_6BFC,False
clean_7OAK.pdb,Experimental,PDB,Unknown,clean_7OAK,False
clean_6GGB.pdb,Experimental,PDB,Unknown,clean_6GGB,False
clean_6EHR.pdb,Experimental,PDB,Unknown,clean_6EHR,False
clean_4NM0.pdb,Experimental,PDB,Unknown,clean_4NM0,False
clean_5HNU.pdb,Experimental,PDB,Unknown,clean_5HNU,False
clean_4RWS.pdb,Experimental,PDB,Unknown,clean_4RWS,False
clean_6H6B.pdb,Experimental,PDB,Unknown,clean_6H6B,False
clean_3ODU.pdb,Experimental,PDB,Unknown,clean_3ODU,False
clean_1YLA.pdb,Experimental,PDB,Unknown,clean_1YLA,False
clean_1B72.pdb,Experimental,PDB,Unknown,clean_1B72,False
clean_2CNN.pdb,Experimental,PDB,Unknown,clean_2CNN,False
clean_7UFA.pdb,Experimental,PDB,Unknown,clean_7UFA,False
clean_8BYU.pdb,Experimental,PDB,Unknown,clean_8BYU,False
clean_1LXI.pdb,Experimental,PDB,Unknown,clean_1LXI,False
clean_6NB9.pdb,Experimental,PDB,Unknown,clean_6NB9,False
clean_6F26.pdb,Experimental,PDB,Unknown,clean_6F26,False
clean_8FY0.pdb,Experimental,PDB,Unknown,clean_8FY0,False
clean_6I04.pdb,Experimental,PDB,Unknown,clean_6I04,False
clean_8JZ7.pdb,Experimental,PDB,Unknown,clean_8JZ7,False
clean_3UQR.pdb,Experimental,PDB,Unknown,clean_3UQR,False
clean_3FJ9.pdb,Experimental,PDB,Unknown,clean_3FJ9,False
clean_5PWV.pdb,Experimental,PDB,Unknown,clean_5PWV,False
clean_8CVS.pdb,Experimental,PDB,Unknown,clean_8CVS,False
clean_8CZ1.pdb,Experimental,PDB,Unknown,clean_8CZ1,False
clean_8AAP.pdb,Experimental,PDB,Unknown,clean_8AAP,False
clean_8YN2.pdb,Experimental,PDB,Unknown,clean_8YN2,False
clean_4DZ5.pdb,Experimental,PDB,Unknown,clean_4DZ5,False
clean_1BZ4.pdb,Experimental,PDB,Unknown,clean_1BZ4,False
clean_1NTE.pdb,Experimental,PDB,Unknown,clean_1NTE,False
clean_8DPH.pdb,Experimental,PDB,Unknown,clean_8DPH,False
clean_7W0L.pdb,Experimental,PDB,Unknown,clean_7W0L,False
clean_4B1C.pdb,Experimental,PDB,Unknown,clean_4B1C,False
clean_5SHG.pdb,Experimental,PDB,Unknown,clean_5SHG,False
clean_8WJX.pdb,Experimental,PDB,Unknown,clean_8WJX,False
clean_5SI8.pdb,Experimental,PDB,Unknown,clean_5SI8,False
clean_1W2D.pdb,Experimental,PDB,Unknown,clean_1W2D,False
clean_2LLU.pdb,Experimental,PDB,Unknown,clean_2LLU,False
clean_7TD5.pdb,Experimental,PDB,Unknown,clean_7TD5,False
clean_8EF5.pdb,Experimental,PDB,Unknown,clean_8EF5,False
clean_3BSB.pdb,Experimental,PDB,Unknown,clean_3BSB,False
clean_8W89.pdb,Experimental,PDB,Unknown,clean_8W89,False
clean_6O4F.pdb,Experimental,PDB,Unknown,clean_6O4F,False
clean_6ZN2.pdb,Experimental,PDB,Unknown,clean_6ZN2,False
clean_1ZRH.pdb,Experimental,PDB,Unknown,clean_1ZRH,False
clean_7UZQ.pdb,Experimental,PDB,Unknown,clean_7UZQ,False
clean_1FYR.pdb,Experimental,PDB,Unknown,clean_1FYR,False
clean_8WPU.pdb,Experimental,PDB,Unknown,clean_8WPU,False
clean_4PO7.pdb,Experimental,PDB,Unknown,clean_4PO7,False
clean_9B7Z.pdb,Experimental,PDB,Unknown,clean_9B7Z,False
clean_5MJU.pdb,Experimental,PDB,Unknown,clean_5MJU,False
clean_8JH7.pdb,Experimental,PDB,Unknown,clean_8JH7,False
clean_8X90.pdb,Experimental,PDB,Unknown,clean_8X90,False
clean_7EYF.pdb,Experimental,PDB,Unknown,clean_7EYF,False
clean_6L3V.pdb,Experimental,PDB,Unknown,clean_6L3V,False
clean_4MR8.pdb,Experimental,PDB,Unknown,clean_4MR8,False
clean_4L02.pdb,Experimental,PDB,Unknown,clean_4L02,False
clean_3Q0O.pdb,Experimental,PDB,Unknown,clean_3Q0O,False
clean_7UJS.pdb,Experimental,PDB,Unknown,clean_7UJS,False
clean_6GL7.pdb,Experimental,PDB,Unknown,clean_6GL7,False
clean_4F7N.pdb,Experimental,PDB,Unknown,clean_4F7N,False
clean_7VUH.pdb,Experimental,PDB,Unknown,clean_7VUH,False
clean_7Q7E.pdb,Experimental,PDB,Unknown,clean_7Q7E,False
clean_8WPG.pdb,Experimental,PDB,Unknown,clean_8WPG,False
clean_7UM6.pdb,Experimental,PDB,Unknown,clean_7UM6,False
clean_4TWC.pdb,Experimental,PDB,Unknown,clean_4TWC,False
clean_9K1C.pdb,Experimental,PDB,Unknown,clean_9K1C,False
clean_8ZWK.pdb,Experimental,PDB,Unknown,clean_8ZWK,False
clean_3CZT.pdb,Experimental,PDB,Unknown,clean_3CZT,False
clean_8T1H.pdb,Experimental,PDB,Unknown,clean_8T1H,False
clean_6NHC.pdb,Experimental,PDB,Unknown,clean_6NHC,False
clean_6PUS.pdb,Experimental,PDB,Unknown,clean_6PUS,False
clean_7E8H.pdb,Experimental,PDB,Unknown,clean_7E8H,False
clean_5URV.pdb,Experimental,PDB,Unknown,clean_5URV,False
clean_2WOT.pdb,Experimental,PDB,Unknown,clean_2WOT,False
clean_7WU4.pdb,Experimental,PDB,Unknown,clean_7WU4,False
clean_5A6R.pdb,Experimental,PDB,Unknown,clean_5A6R,False
clean_5SFB.pdb,Experimental,PDB,Unknown,clean_5SFB,False
clean_5SD6.pdb,Experimental,PDB,Unknown,clean_5SD6,False
clean_8JD4.pdb,Experimental,PDB,Unknown,clean_8JD4,False
clean_4H1M.pdb,Experimental,PDB,Unknown,clean_4H1M,False
clean_6T58.pdb,Experimental,PDB,Unknown,clean_6T58,False
clean_3OE8.pdb,Experimental,PDB,Unknown,clean_3OE8,False
clean_2JFD.pdb,Experimental,PDB,Unknown,clean_2JFD,False
clean_7C7G.pdb,Experimental,PDB,Unknown,clean_7C7G,False
clean_7F1O.pdb,Experimental,PDB,Unknown,clean_7F1O,False
clean_6Q00.pdb,Experimental,PDB,Unknown,clean_6Q00,False
clean_4AJM.pdb,Experimental,PDB,Unknown,clean_4AJM,False
clean_5AM6.pdb,Experimental,PDB,Unknown,clean_5AM6,False
clean_5LLM.pdb,Experimental,PDB,Unknown,clean_5LLM,False
clean_6SDD.pdb,Experimental,PDB,Unknown,clean_6SDD,False
clean_2M9R.pdb,Experimental,PDB,Unknown,clean_2M9R,False
clean_5SFS.pdb,Experimental,PDB,Unknown,clean_5SFS,False
clean_8EWV.pdb,Experimental,PDB,Unknown,clean_8EWV,False
clean_1YWJ.pdb,Experimental,PDB,Unknown,clean_1YWJ,False
clean_4EXG.pdb,Experimental,PDB,Unknown,clean_4EXG,False
clean_8ZX6.pdb,Experimental,PDB,Unknown,clean_8ZX6,False
clean_3UIU.pdb,Experimental,PDB,Unknown,clean_3UIU,False
clean_7M3J.pdb,Experimental,PDB,Unknown,clean_7M3J,False
clean_8T99.pdb,Experimental,PDB,Unknown,clean_8T99,False
clean_7ADP.pdb,Experimental,PDB,Unknown,clean_7ADP,False
clean_2X0U.pdb,Experimental,PDB,Unknown,clean_2X0U,False
clean_6KPF.pdb,Experimental,PDB,Unknown,clean_6KPF,False
clean_2FUU.pdb,Experimental,PDB,Unknown,clean_2FUU,False
clean_8X8L.pdb,Experimental,PDB,Unknown,clean_8X8L,False
clean_6EJ2.pdb,Experimental,PDB,Unknown,clean_6EJ2,False
clean_5SGR.pdb,Experimental,PDB,Unknown,clean_5SGR,False
clean_4XAR.pdb,Experimental,PDB,Unknown,clean_4XAR,False
clean_4N3C.pdb,Experimental,PDB,Unknown,clean_4N3C,False
clean_2MWB.pdb,Experimental,PDB,Unknown,clean_2MWB,False
clean_3PBL.pdb,Experimental,PDB,Unknown,clean_3PBL,False
clean_6NG4.pdb,Experimental,PDB,Unknown,clean_6NG4,False
clean_8CVZ.pdb,Experimental,PDB,Unknown,clean_8CVZ,False
clean_4WDX.pdb,Experimental,PDB,Unknown,clean_4WDX,False
clean_5QCX.pdb,Experimental,PDB,Unknown,clean_5QCX,False
clean_5QQL.pdb,Experimental,PDB,Unknown,clean_5QQL,False
clean_3RO4.pdb,Experimental,PDB,Unknown,clean_3RO4,False
clean_5SJM.pdb,Experimental,PDB,Unknown,clean_5SJM,False
clean_9CTG.pdb,Experimental,PDB,Unknown,clean_9CTG,False
clean_4QCI.pdb,Experimental,PDB,Unknown,clean_4QCI,False
clean_5SF9.pdb,Experimental,PDB,Unknown,clean_5SF9,False
clean_8PHV.pdb,Experimental,PDB,Unknown,clean_8PHV,False
clean_8UY0.pdb,Experimental,PDB,Unknown,clean_8UY0,False
clean_5SDB.pdb,Experimental,PDB,Unknown,clean_5SDB,False
clean_8BGS.pdb,Experimental,PDB,Unknown,clean_8BGS,False
clean_7QRB.pdb,Experimental,PDB,Unknown,clean_7QRB,False
clean_1HAE.pdb,Experimental,PDB,Unknown,clean_1HAE,False
clean_7SPT.pdb,Experimental,PDB,Unknown,clean_7SPT,False
clean_6H7E.pdb,Experimental,PDB,Unknown,clean_6H7E,False
clean_5Y4D.pdb,Experimental,PDB,Unknown,clean_5Y4D,False
clean_4BSR.pdb,Experimental,PDB,Unknown,clean_4BSR,False
clean_6YHI.pdb,Experimental,PDB,Unknown,clean_6YHI,False
clean_8QHQ.pdb,Experimental,PDB,Unknown,clean_8QHQ,False
clean_4F0X.pdb,Experimental,PDB,Unknown,clean_4F0X,False
clean_6HYL.pdb,Experimental,PDB,Unknown,clean_6HYL,False
clean_7XJX.pdb,Experimental,PDB,Unknown,clean_7XJX,False
clean_9E8O.pdb,Experimental,PDB,Unknown,clean_9E8O,False
clean_1FV1.pdb,Experimental,PDB,Unknown,clean_1FV1,False
clean_2PCX.pdb,Experimental,PDB,Unknown,clean_2PCX,False
clean_5R68.pdb,Experimental,PDB,Unknown,clean_5R68,False
clean_7E33.pdb,Experimental,PDB,Unknown,clean_7E33,False
clean_5SK6.pdb,Experimental,PDB,Unknown,clean_5SK6,False
clean_8H43.pdb,Experimental,PDB,Unknown,clean_8H43,False
clean_7NWU.pdb,Experimental,PDB,Unknown,clean_7NWU,False
clean_2M0O.pdb,Experimental,PDB,Unknown,clean_2M0O,False
clean_7L8V.pdb,Experimental,PDB,Unknown,clean_7L8V,False
clean_2Z5S.pdb,Experimental,PDB,Unknown,clean_2Z5S,False
clean_2LZ3.pdb,Experimental,PDB,Unknown,clean_2LZ3,False
clean_5KVH.pdb,Experimental,PDB,Unknown,clean_5KVH,False
clean_6Q7B.pdb,Experimental,PDB,Unknown,clean_6Q7B,False
clean_2F6J.pdb,Experimental,PDB,Unknown,clean_2F6J,False
clean_4MGX.pdb,Experimental,PDB,Unknown,clean_4MGX,False
clean_6JB7.pdb,Experimental,PDB,Unknown,clean_6JB7,False
clean_3ZKS.pdb,Experimental,PDB,Unknown,clean_3ZKS,False
clean_5SG3.pdb,Experimental,PDB,Unknown,clean_5SG3,False
clean_7FI5.pdb,Experimental,PDB,Unknown,clean_7FI5,False
clean_3ROK.pdb,Experimental,PDB,Unknown,clean_3ROK,False
clean_6ITJ.pdb,Experimental,PDB,Unknown,clean_6ITJ,False
clean_3L81.pdb,Experimental,PDB,Unknown,clean_3L81,False
clean_4BU6.pdb,Experimental,PDB,Unknown,clean_4BU6,False
clean_8PQK.pdb,Experimental,PDB,Unknown,clean_8PQK,False
clean_6WHA.pdb,Experimental,PDB,Unknown,clean_6WHA,False
clean_8RWZ.pdb,Experimental,PDB,Unknown,clean_8RWZ,False
clean_8ZF6.pdb,Experimental,PDB,Unknown,clean_8ZF6,False
clean_9J7I.pdb,Experimental,PDB,Unknown,clean_9J7I,False
clean_4KBA.pdb,Experimental,PDB,Unknown,clean_4KBA,False
clean_5V5N.pdb,Experimental,PDB,Unknown,clean_5V5N,False
clean_8QJI.pdb,Experimental,PDB,Unknown,clean_8QJI,False
clean_2ENP.pdb,Experimental,PDB,Unknown,clean_2ENP,False
clean_6B8Y.pdb,Experimental,PDB,Unknown,clean_6B8Y,False
clean_5HTZ.pdb,Experimental,PDB,Unknown,clean_5HTZ,False
clean_2PGJ.pdb,Experimental,PDB,Unknown,clean_2PGJ,False
clean_1R0P.pdb,Experimental,PDB,Unknown,clean_1R0P,False
clean_4XXD.pdb,Experimental,PDB,Unknown,clean_4XXD,False
clean_8EWS.pdb,Experimental,PDB,Unknown,clean_8EWS,False
clean_3BD9.pdb,Experimental,PDB,Unknown,clean_3BD9,False
clean_5TZH.pdb,Experimental,PDB,Unknown,clean_5TZH,False
clean_8Q8Y.pdb,Experimental,PDB,Unknown,clean_8Q8Y,False
clean_8U4I.pdb,Experimental,PDB,Unknown,clean_8U4I,False
clean_2OUU.pdb,Experimental,PDB,Unknown,clean_2OUU,False
clean_8IK6.pdb,Experimental,PDB,Unknown,clean_8IK6,False
clean_4UFR.pdb,Experimental,PDB,Unknown,clean_4UFR,False
clean_4B78.pdb,Experimental,PDB,Unknown,clean_4B78,False
clean_6PHI.pdb,Experimental,PDB,Unknown,clean_6PHI,False
clean_8SO2.pdb,Experimental,PDB,Unknown,clean_8SO2,False
clean_9BA8.pdb,Experimental,PDB,Unknown,clean_9BA8,False
clean_7SCG.pdb,Experimental,PDB,Unknown,clean_7SCG,False
clean_2XFK.pdb,Experimental,PDB,Unknown,clean_2XFK,False
clean_5PYV.pdb,Experimental,PDB,Unknown,clean_5PYV,False
clean_4YLS.pdb,Experimental,PDB,Unknown,clean_4YLS,False
clean_8IKV.pdb,Experimental,PDB,Unknown,clean_8IKV,False
clean_9B4O.pdb,Experimental,PDB,Unknown,clean_9B4O,False
clean_2E7M.pdb,Experimental,PDB,Unknown,clean_2E7M,False
clean_6T41.pdb,Experimental,PDB,Unknown,clean_6T41,False
clean_7OW1.pdb,Experimental,PDB,Unknown,clean_7OW1,False
clean_4GS8.pdb,Experimental,PDB,Unknown,clean_4GS8,False
clean_2PIE.pdb,Experimental,PDB,Unknown,clean_2PIE,False
clean_8IEN.pdb,Experimental,PDB,Unknown,clean_8IEN,False
clean_7OBT.pdb,Experimental,PDB,Unknown,clean_7OBT,False
clean_5HOW.pdb,Experimental,PDB,Unknown,clean_5HOW,False
clean_2DMC.pdb,Experimental,PDB,Unknown,clean_2DMC,False
clean_3IWW.pdb,Experimental,PDB,Unknown,clean_3IWW,False
clean_8AF0.pdb,Experimental,PDB,Unknown,clean_8AF0,False
clean_4F6U.pdb,Experimental,PDB,Unknown,clean_4F6U,False
clean_5O3L.pdb,Experimental,PDB,Unknown,clean_5O3L,False
clean_5W5O.pdb,Experimental,PDB,Unknown,clean_5W5O,False
clean_7E83.pdb,Experimental,PDB,Unknown,clean_7E83,False
clean_4NFM.pdb,Experimental,PDB,Unknown,clean_4NFM,False
clean_7Z1Z.pdb,Experimental,PDB,Unknown,clean_7Z1Z,False
clean_7A77.pdb,Experimental,PDB,Unknown,clean_7A77,False
clean_6D6U.pdb,Experimental,PDB,Unknown,clean_6D6U,False
clean_6MJ5.pdb,Experimental,PDB,Unknown,clean_6MJ5,False
clean_5J1S.pdb,Experimental,PDB,Unknown,clean_5J1S,False
clean_4MZR.pdb,Experimental,PDB,Unknown,clean_4MZR,False
clean_5SH9.pdb,Experimental,PDB,Unknown,clean_5SH9,False
clean_4PWQ.pdb,Experimental,PDB,Unknown,clean_4PWQ,False
clean_6DIH.pdb,Experimental,PDB,Unknown,clean_6DIH,False
clean_5PXY.pdb,Experimental,PDB,Unknown,clean_5PXY,False
clean_5KQF.pdb,Experimental,PDB,Unknown,clean_5KQF,False
clean_9IJ9.pdb,Experimental,PDB,Unknown,clean_9IJ9,False
clean_8ZV8.pdb,Experimental,PDB,Unknown,clean_8ZV8,False
clean_1PZZ.pdb,Experimental,PDB,Unknown,clean_1PZZ,False
clean_3TPJ.pdb,Experimental,PDB,Unknown,clean_3TPJ,False
clean_5D7O.pdb,Experimental,PDB,Unknown,clean_5D7O,False
clean_8Y1O.pdb,Experimental,PDB,Unknown,clean_8Y1O,False
clean_4LM4.pdb,Experimental,PDB,Unknown,clean_4LM4,False
clean_4BKS.pdb,Experimental,PDB,Unknown,clean_4BKS,False
clean_8H0Q.pdb,Experimental,PDB,Unknown,clean_8H0Q,False
clean_6XZ8.pdb,Experimental,PDB,Unknown,clean_6XZ8,False
clean_4MVL.pdb,Experimental,PDB,Unknown,clean_4MVL,False
clean_4QHO.pdb,Experimental,PDB,Unknown,clean_4QHO,False
clean_8CZ3.pdb,Experimental,PDB,Unknown,clean_8CZ3,False
clean_4X7I.pdb,Experimental,PDB,Unknown,clean_4X7I,False
clean_4RHW.pdb,Experimental,PDB,Unknown,clean_4RHW,False
clean_5DIS.pdb,Experimental,PDB,Unknown,clean_5DIS,False
clean_6WM4.pdb,Experimental,PDB,Unknown,clean_6WM4,False
clean_8JPB.pdb,Experimental,PDB,Unknown,clean_8JPB,False
clean_7N7N.pdb,Experimental,PDB,Unknown,clean_7N7N,False
clean_4CIM.pdb,Experimental,PDB,Unknown,clean_4CIM,False
clean_3V9I.pdb,Experimental,PDB,Unknown,clean_3V9I,False
clean_8IUE.pdb,Experimental,PDB,Unknown,clean_8IUE,False
clean_5I9Z.pdb,Experimental,PDB,Unknown,clean_5I9Z,False
clean_8TRS.pdb,Experimental,PDB,Unknown,clean_8TRS,False
clean_6K3F.pdb,Experimental,PDB,Unknown,clean_6K3F,False
clean_4GZ5.pdb,Experimental,PDB,Unknown,clean_4GZ5,False
clean_8BZI.pdb,Experimental,PDB,Unknown,clean_8BZI,False
clean_4Z49.pdb,Experimental,PDB,Unknown,clean_4Z49,False
clean_6PCK.pdb,Experimental,PDB,Unknown,clean_6PCK,False
clean_8H8J.pdb,Experimental,PDB,Unknown,clean_8H8J,False
clean_5GP7.pdb,Experimental,PDB,Unknown,clean_5GP7,False
clean_4PNQ.pdb,Experimental,PDB,Unknown,clean_4PNQ,False
clean_8KF1.pdb,Experimental,PDB,Unknown,clean_8KF1,False
clean_5A9Q.pdb,Experimental,PDB,Unknown,clean_5A9Q,False
clean_4CDK.pdb,Experimental,PDB,Unknown,clean_4CDK,False
clean_6MAC.pdb,Experimental,PDB,Unknown,clean_6MAC,False
clean_9FL8.pdb,Experimental,PDB,Unknown,clean_9FL8,False
clean_5VUY.pdb,Experimental,PDB,Unknown,clean_5VUY,False
clean_7D9U.pdb,Experimental,PDB,Unknown,clean_7D9U,False
clean_1YCQ.pdb,Experimental,PDB,Unknown,clean_1YCQ,False
clean_2O0U.pdb,Experimental,PDB,Unknown,clean_2O0U,False
clean_8FGG.pdb,Experimental,PDB,Unknown,clean_8FGG,False
clean_3RL8.pdb,Experimental,PDB,Unknown,clean_3RL8,False
clean_2P7Z.pdb,Experimental,PDB,Unknown,clean_2P7Z,False
clean_6KYQ.pdb,Experimental,PDB,Unknown,clean_6KYQ,False
clean_3SHY.pdb,Experimental,PDB,Unknown,clean_3SHY,False
clean_6YX1.pdb,Experimental,PDB,Unknown,clean_6YX1,False
clean_2PME.pdb,Experimental,PDB,Unknown,clean_2PME,False
clean_7D8X.pdb,Experimental,PDB,Unknown,clean_7D8X,False
clean_7YAE.pdb,Experimental,PDB,Unknown,clean_7YAE,False
clean_8GDC.pdb,Experimental,PDB,Unknown,clean_8GDC,False
clean_8D0M.pdb,Experimental,PDB,Unknown,clean_8D0M,False
clean_7JRD.pdb,Experimental,PDB,Unknown,clean_7JRD,False
clean_5M7S.pdb,Experimental,PDB,Unknown,clean_5M7S,False
clean_7DPX.pdb,Experimental,PDB,Unknown,clean_7DPX,False
clean_7VDL.pdb,Experimental,PDB,Unknown,clean_7VDL,False
clean_2Z0U.pdb,Experimental,PDB,Unknown,clean_2Z0U,False
clean_5GGJ.pdb,Experimental,PDB,Unknown,clean_5GGJ,False
clean_8PQY.pdb,Experimental,PDB,Unknown,clean_8PQY,False
clean_6IB6.pdb,Experimental,PDB,Unknown,clean_6IB6,False
clean_2UZP.pdb,Experimental,PDB,Unknown,clean_2UZP,False
clean_6L4H.pdb,Experimental,PDB,Unknown,clean_6L4H,False
clean_5WBS.pdb,Experimental,PDB,Unknown,clean_5WBS,False
clean_6NGA.pdb,Experimental,PDB,Unknown,clean_6NGA,False
clean_1YXJ.pdb,Experimental,PDB,Unknown,clean_1YXJ,False
clean_1DSN.pdb,Experimental,PDB,Unknown,clean_1DSN,False
clean_3MFS.pdb,Experimental,PDB,Unknown,clean_3MFS,False
clean_8QQG.pdb,Experimental,PDB,Unknown,clean_8QQG,False
clean_7A2L.pdb,Experimental,PDB,Unknown,clean_7A2L,False
clean_4TSE.pdb,Experimental,PDB,Unknown,clean_4TSE,False
clean_7JHJ.pdb,Experimental,PDB,Unknown,clean_7JHJ,False
clean_1HWG.pdb,Experimental,PDB,Unknown,clean_1HWG,False
clean_4PNM.pdb,Experimental,PDB,Unknown,clean_4PNM,False
clean_3ZGO.pdb,Experimental,PDB,Unknown,clean_3ZGO,False
clean_4G2W.pdb,Experimental,PDB,Unknown,clean_4G2W,False
clean_3Q0P.pdb,Experimental,PDB,Unknown,clean_3Q0P,False
clean_8GS3.pdb,Experimental,PDB,Unknown,clean_8GS3,False
clean_5VFO.pdb,Experimental,PDB,Unknown,clean_5VFO,False
clean_3L3T.pdb,Experimental,PDB,Unknown,clean_3L3T,False
clean_6CDS.pdb,Experimental,PDB,Unknown,clean_6CDS,False
clean_5CSW.pdb,Experimental,PDB,Unknown,clean_5CSW,False
clean_3Q4S.pdb,Experimental,PDB,Unknown,clean_3Q4S,False
clean_7FH1.pdb,Experimental,PDB,Unknown,clean_7FH1,False
clean_1QDD.pdb,Experimental,PDB,Unknown,clean_1QDD,False
clean_5XY1.pdb,Experimental,PDB,Unknown,clean_5XY1,False
clean_5V4B.pdb,Experimental,PDB,Unknown,clean_5V4B,False
clean_4FS4.pdb,Experimental,PDB,Unknown,clean_4FS4,False
clean_8FG1.pdb,Experimental,PDB,Unknown,clean_8FG1,False
clean_8CV3.pdb,Experimental,PDB,Unknown,clean_8CV3,False
clean_5SH4.pdb,Experimental,PDB,Unknown,clean_5SH4,False
clean_7YS6.pdb,Experimental,PDB,Unknown,clean_7YS6,False
clean_1S1P.pdb,Experimental,PDB,Unknown,clean_1S1P,False
clean_8X7W.pdb,Experimental,PDB,Unknown,clean_8X7W,False
clean_7EYE.pdb,Experimental,PDB,Unknown,clean_7EYE,False
clean_5YQN.pdb,Experimental,PDB,Unknown,clean_5YQN,False
clean_2N7Y.pdb,Experimental,PDB,Unknown,clean_2N7Y,False
clean_4BU8.pdb,Experimental,PDB,Unknown,clean_4BU8,False
clean_3HOM.pdb,Experimental,PDB,Unknown,clean_3HOM,False
clean_7FAQ.pdb,Experimental,PDB,Unknown,clean_7FAQ,False
clean_7CA3.pdb,Experimental,PDB,Unknown,clean_7CA3,False
clean_5T6Y.pdb,Experimental,PDB,Unknown,clean_5T6Y,False
clean_5SW8.pdb,Experimental,PDB,Unknown,clean_5SW8,False
clean_9BA9.pdb,Experimental,PDB,Unknown,clean_9BA9,False
clean_7YMN.pdb,Experimental,PDB,Unknown,clean_7YMN,False
clean_4ONF.pdb,Experimental,PDB,Unknown,clean_4ONF,False
clean_6BCR.pdb,Experimental,PDB,Unknown,clean_6BCR,False
clean_4XEF.pdb,Experimental,PDB,Unknown,clean_4XEF,False
clean_9CT0.pdb,Experimental,PDB,Unknown,clean_9CT0,False
clean_3L95.pdb,Experimental,PDB,Unknown,clean_3L95,False
clean_7B40.pdb,Experimental,PDB,Unknown,clean_7B40,False
clean_3K23.pdb,Experimental,PDB,Unknown,clean_3K23,False
clean_1RH0.pdb,Experimental,PDB,Unknown,clean_1RH0,False
clean_2QXI.pdb,Experimental,PDB,Unknown,clean_2QXI,False
clean_8K4O.pdb,Experimental,PDB,Unknown,clean_8K4O,False
clean_5R4H.pdb,Experimental,PDB,Unknown,clean_5R4H,False
clean_3NTZ.pdb,Experimental,PDB,Unknown,clean_3NTZ,False
clean_6X2Z.pdb,Experimental,PDB,Unknown,clean_6X2Z,False
clean_4AHG.pdb,Experimental,PDB,Unknown,clean_4AHG,False
clean_5CRW.pdb,Experimental,PDB,Unknown,clean_5CRW,False
clean_8H9I.pdb,Experimental,PDB,Unknown,clean_8H9I,False
clean_6UVV.pdb,Experimental,PDB,Unknown,clean_6UVV,False
clean_2EED.pdb,Experimental,PDB,Unknown,clean_2EED,False
clean_8CE7.pdb,Experimental,PDB,Unknown,clean_8CE7,False
clean_4DJY.pdb,Experimental,PDB,Unknown,clean_4DJY,False
clean_7N75.pdb,Experimental,PDB,Unknown,clean_7N75,False
clean_8E7A.pdb,Experimental,PDB,Unknown,clean_8E7A,False
clean_9G9X.pdb,Experimental,PDB,Unknown,clean_9G9X,False
clean_2Y92.pdb,Experimental,PDB,Unknown,clean_2Y92,False
clean_1G83.pdb,Experimental,PDB,Unknown,clean_1G83,False
clean_7QRA.pdb,Experimental,PDB,Unknown,clean_7QRA,False
clean_8SQZ.pdb,Experimental,PDB,Unknown,clean_8SQZ,False
clean_8HJ1.pdb,Experimental,PDB,Unknown,clean_8HJ1,False
clean_5FMA.pdb,Experimental,PDB,Unknown,clean_5FMA,False
clean_4EE4.pdb,Experimental,PDB,Unknown,clean_4EE4,False
clean_4ET7.pdb,Experimental,PDB,Unknown,clean_4ET7,False
clean_5N88.pdb,Experimental,PDB,Unknown,clean_5N88,False
clean_8VUV.pdb,Experimental,PDB,Unknown,clean_8VUV,False
clean_5WP3.pdb,Experimental,PDB,Unknown,clean_5WP3,False
clean_2ALR.pdb,Experimental,PDB,Unknown,clean_2ALR,False
clean_3NBV.pdb,Experimental,PDB,Unknown,clean_3NBV,False
clean_4M6L.pdb,Experimental,PDB,Unknown,clean_4M6L,False
clean_1FLT.pdb,Experimental,PDB,Unknown,clean_1FLT,False
clean_5PYG.pdb,Experimental,PDB,Unknown,clean_5PYG,False
clean_8AW1.pdb,Experimental,PDB,Unknown,clean_8AW1,False
clean_9D37.pdb,Experimental,PDB,Unknown,clean_9D37,False
clean_2MPZ.pdb,Experimental,PDB,Unknown,clean_2MPZ,False
clean_8PPC.pdb,Experimental,PDB,Unknown,clean_8PPC,False
clean_4JZ0.pdb,Experimental,PDB,Unknown,clean_4JZ0,False
clean_3DLW.pdb,Experimental,PDB,Unknown,clean_3DLW,False
clean_4EHK.pdb,Experimental,PDB,Unknown,clean_4EHK,False
clean_3BK3.pdb,Experimental,PDB,Unknown,clean_3BK3,False
clean_8E4X.pdb,Experimental,PDB,Unknown,clean_8E4X,False
clean_4KZM.pdb,Experimental,PDB,Unknown,clean_4KZM,False
clean_5I94.pdb,Experimental,PDB,Unknown,clean_5I94,False
clean_5U6O.pdb,Experimental,PDB,Unknown,clean_5U6O,False
clean_5DMG.pdb,Experimental,PDB,Unknown,clean_5DMG,False
clean_5MR4.pdb,Experimental,PDB,Unknown,clean_5MR4,False
clean_2B8V.pdb,Experimental,PDB,Unknown,clean_2B8V,False
clean_5M9G.pdb,Experimental,PDB,Unknown,clean_5M9G,False
clean_8E9Y.pdb,Experimental,PDB,Unknown,clean_8E9Y,False
clean_7OUU.pdb,Experimental,PDB,Unknown,clean_7OUU,False
clean_5M9Q.pdb,Experimental,PDB,Unknown,clean_5M9Q,False
clean_1P93.pdb,Experimental,PDB,Unknown,clean_1P93,False
clean_6P9X.pdb,Experimental,PDB,Unknown,clean_6P9X,False
clean_3G65.pdb,Experimental,PDB,Unknown,clean_3G65,False
clean_3UEF.pdb,Experimental,PDB,Unknown,clean_3UEF,False
clean_5XFP.pdb,Experimental,PDB,Unknown,clean_5XFP,False
clean_3RI4.pdb,Experimental,PDB,Unknown,clean_3RI4,False
clean_9ERX.pdb,Experimental,PDB,Unknown,clean_9ERX,False
clean_7A6F.pdb,Experimental,PDB,Unknown,clean_7A6F,False
clean_8J4F.pdb,Experimental,PDB,Unknown,clean_8J4F,False
clean_1ZA3.pdb,Experimental,PDB,Unknown,clean_1ZA3,False
clean_2DBH.pdb,Experimental,PDB,Unknown,clean_2DBH,False
clean_7YAC.pdb,Experimental,PDB,Unknown,clean_7YAC,False
clean_6GMR.pdb,Experimental,PDB,Unknown,clean_6GMR,False
clean_3G9L.pdb,Experimental,PDB,Unknown,clean_3G9L,False
clean_3F02.pdb,Experimental,PDB,Unknown,clean_3F02,False
clean_6RK8.pdb,Experimental,PDB,Unknown,clean_6RK8,False
clean_7SK9.pdb,Experimental,PDB,Unknown,clean_7SK9,False
clean_4XV3.pdb,Experimental,PDB,Unknown,clean_4XV3,False
clean_4BKN.pdb,Experimental,PDB,Unknown,clean_4BKN,False
clean_6NV9.pdb,Experimental,PDB,Unknown,clean_6NV9,False
clean_4JKQ.pdb,Experimental,PDB,Unknown,clean_4JKQ,False
clean_6CVP.pdb,Experimental,PDB,Unknown,clean_6CVP,False
clean_7VGZ.pdb,Experimental,PDB,Unknown,clean_7VGZ,False
clean_6X4G.pdb,Experimental,PDB,Unknown,clean_6X4G,False
clean_3SD0.pdb,Experimental,PDB,Unknown,clean_3SD0,False
clean_4EEM.pdb,Experimental,PDB,Unknown,clean_4EEM,False
clean_8X2K.pdb,Experimental,PDB,Unknown,clean_8X2K,False
clean_8H8Q.pdb,Experimental,PDB,Unknown,clean_8H8Q,False
clean_8E3Z.pdb,Experimental,PDB,Unknown,clean_8E3Z,False
clean_5T7Q.pdb,Experimental,PDB,Unknown,clean_5T7Q,False
clean_9BVH.pdb,Experimental,PDB,Unknown,clean_9BVH,False
clean_9E8H.pdb,Experimental,PDB,Unknown,clean_9E8H,False
clean_9CK3.pdb,Experimental,PDB,Unknown,clean_9CK3,False
clean_5I3W.pdb,Experimental,PDB,Unknown,clean_5I3W,False
clean_8OTI.pdb,Experimental,PDB,Unknown,clean_8OTI,False
clean_5GS0.pdb,Experimental,PDB,Unknown,clean_5GS0,False
clean_3NDP.pdb,Experimental,PDB,Unknown,clean_3NDP,False
clean_7W9L.pdb,Experimental,PDB,Unknown,clean_7W9L,False
clean_9JDZ.pdb,Experimental,PDB,Unknown,clean_9JDZ,False
clean_8VAU.pdb,Experimental,PDB,Unknown,clean_8VAU,False
clean_8YIX.pdb,Experimental,PDB,Unknown,clean_8YIX,False
clean_8GDZ.pdb,Experimental,PDB,Unknown,clean_8GDZ,False
clean_8U4R.pdb,Experimental,PDB,Unknown,clean_8U4R,False
clean_3R2W.pdb,Experimental,PDB,Unknown,clean_3R2W,False
clean_6RLC.pdb,Experimental,PDB,Unknown,clean_6RLC,False
clean_4HN5.pdb,Experimental,PDB,Unknown,clean_4HN5,False
clean_7VOI.pdb,Experimental,PDB,Unknown,clean_7VOI,False
clean_5QGL.pdb,Experimental,PDB,Unknown,clean_5QGL,False
clean_8WE6.pdb,Experimental,PDB,Unknown,clean_8WE6,False
clean_5Y7L.pdb,Experimental,PDB,Unknown,clean_5Y7L,False
clean_4L33.pdb,Experimental,PDB,Unknown,clean_4L33,False
clean_7V5G.pdb,Experimental,PDB,Unknown,clean_7V5G,False
clean_7Z4V.pdb,Experimental,PDB,Unknown,clean_7Z4V,False
clean_4X2J.pdb,Experimental,PDB,Unknown,clean_4X2J,False
clean_9COR.pdb,Experimental,PDB,Unknown,clean_9COR,False
clean_7DTU.pdb,Experimental,PDB,Unknown,clean_7DTU,False
clean_1CWW.pdb,Experimental,PDB,Unknown,clean_1CWW,False
clean_8J77.pdb,Experimental,PDB,Unknown,clean_8J77,False
clean_6CBI.pdb,Experimental,PDB,Unknown,clean_6CBI,False
clean_2AC0.pdb,Experimental,PDB,Unknown,clean_2AC0,False
clean_7SOK.pdb,Experimental,PDB,Unknown,clean_7SOK,False
clean_8RW8.pdb,Experimental,PDB,Unknown,clean_8RW8,False
clean_5GGN.pdb,Experimental,PDB,Unknown,clean_5GGN,False
clean_5HDZ.pdb,Experimental,PDB,Unknown,clean_5HDZ,False
clean_4NGR.pdb,Experimental,PDB,Unknown,clean_4NGR,False
clean_5VLR.pdb,Experimental,PDB,Unknown,clean_5VLR,False
clean_2K8R.pdb,Experimental,PDB,Unknown,clean_2K8R,False
clean_2HBZ.pdb,Experimental,PDB,Unknown,clean_2HBZ,False
clean_9FPD.pdb,Experimental,PDB,Unknown,clean_9FPD,False
clean_4WHG.pdb,Experimental,PDB,Unknown,clean_4WHG,False
clean_5PXG.pdb,Experimental,PDB,Unknown,clean_5PXG,False
clean_3N3Z.pdb,Experimental,PDB,Unknown,clean_3N3Z,False
clean_1BRC.pdb,Experimental,PDB,Unknown,clean_1BRC,False
clean_3ET7.pdb,Experimental,PDB,Unknown,clean_3ET7,False
clean_3D32.pdb,Experimental,PDB,Unknown,clean_3D32,False
clean_3A8W.pdb,Experimental,PDB,Unknown,clean_3A8W,False
clean_2A5E.pdb,Experimental,PDB,Unknown,clean_2A5E,False
clean_7C2E.pdb,Experimental,PDB,Unknown,clean_7C2E,False
clean_1MUZ.pdb,Experimental,PDB,Unknown,clean_1MUZ,False
clean_4KB8.pdb,Experimental,PDB,Unknown,clean_4KB8,False
clean_6VHL.pdb,Experimental,PDB,Unknown,clean_6VHL,False
clean_9K1D.pdb,Experimental,PDB,Unknown,clean_9K1D,False
clean_4D09.pdb,Experimental,PDB,Unknown,clean_4D09,False
clean_3N9U.pdb,Experimental,PDB,Unknown,clean_3N9U,False
clean_1GOE.pdb,Experimental,PDB,Unknown,clean_1GOE,False
clean_6HEW.pdb,Experimental,PDB,Unknown,clean_6HEW,False
clean_4I9Z.pdb,Experimental,PDB,Unknown,clean_4I9Z,False
clean_5Z6R.pdb,Experimental,PDB,Unknown,clean_5Z6R,False
clean_7VFW.pdb,Experimental,PDB,Unknown,clean_7VFW,False
clean_8QWM.pdb,Experimental,PDB,Unknown,clean_8QWM,False
clean_4B9K.pdb,Experimental,PDB,Unknown,clean_4B9K,False
clean_7M8V.pdb,Experimental,PDB,Unknown,clean_7M8V,False
clean_2Y6W.pdb,Experimental,PDB,Unknown,clean_2Y6W,False
clean_6OJF.pdb,Experimental,PDB,Unknown,clean_6OJF,False
clean_8THL.pdb,Experimental,PDB,Unknown,clean_8THL,False
clean_3ROM.pdb,Experimental,PDB,Unknown,clean_3ROM,False
clean_7MOA.pdb,Experimental,PDB,Unknown,clean_7MOA,False
clean_7QPF.pdb,Experimental,PDB,Unknown,clean_7QPF,False
clean_3K3H.pdb,Experimental,PDB,Unknown,clean_3K3H,False
clean_1HWJ.pdb,Experimental,PDB,Unknown,clean_1HWJ,False
clean_6WOC.pdb,Experimental,PDB,Unknown,clean_6WOC,False
clean_1W1F.pdb,Experimental,PDB,Unknown,clean_1W1F,False
clean_4MD6.pdb,Experimental,PDB,Unknown,clean_4MD6,False
clean_5U69.pdb,Experimental,PDB,Unknown,clean_5U69,False
clean_2COJ.pdb,Experimental,PDB,Unknown,clean_2COJ,False
clean_3Q01.pdb,Experimental,PDB,Unknown,clean_3Q01,False
clean_6ME2.pdb,Experimental,PDB,Unknown,clean_6ME2,False
clean_7VIH.pdb,Experimental,PDB,Unknown,clean_7VIH,False
clean_9COV.pdb,Experimental,PDB,Unknown,clean_9COV,False
clean_4BUA.pdb,Experimental,PDB,Unknown,clean_4BUA,False
clean_1RFF.pdb,Experimental,PDB,Unknown,clean_1RFF,False
clean_4LO9.pdb,Experimental,PDB,Unknown,clean_4LO9,False
clean_6OMM.pdb,Experimental,PDB,Unknown,clean_6OMM,False
clean_8WKZ.pdb,Experimental,PDB,Unknown,clean_8WKZ,False
clean_4TRZ.pdb,Experimental,PDB,Unknown,clean_4TRZ,False
clean_6JT2.pdb,Experimental,PDB,Unknown,clean_6JT2,False
clean_3P5T.pdb,Experimental,PDB,Unknown,clean_3P5T,False
clean_4MSN.pdb,Experimental,PDB,Unknown,clean_4MSN,False
clean_6TL9.pdb,Experimental,PDB,Unknown,clean_6TL9,False
clean_7AST.pdb,Experimental,PDB,Unknown,clean_7AST,False
clean_3KRJ.pdb,Experimental,PDB,Unknown,clean_3KRJ,False
clean_3MP5.pdb,Experimental,PDB,Unknown,clean_3MP5,False
clean_7TS5.pdb,Experimental,PDB,Unknown,clean_7TS5,False
clean_8TZF.pdb,Experimental,PDB,Unknown,clean_8TZF,False
clean_8JD2.pdb,Experimental,PDB,Unknown,clean_8JD2,False
clean_5SX9.pdb,Experimental,PDB,Unknown,clean_5SX9,False
clean_7JTP.pdb,Experimental,PDB,Unknown,clean_7JTP,False
clean_1UCN.pdb,Experimental,PDB,Unknown,clean_1UCN,False
clean_5G3N.pdb,Experimental,PDB,Unknown,clean_5G3N,False
clean_4HZT.pdb,Experimental,PDB,Unknown,clean_4HZT,False
clean_5UQE.pdb,Experimental,PDB,Unknown,clean_5UQE,False
clean_7PRV.pdb,Experimental,PDB,Unknown,clean_7PRV,False
clean_2NQC.pdb,Experimental,PDB,Unknown,clean_2NQC,False
clean_2X10.pdb,Experimental,PDB,Unknown,clean_2X10,False
clean_4RMJ.pdb,Experimental,PDB,Unknown,clean_4RMJ,False
clean_6FNG.pdb,Experimental,PDB,Unknown,clean_6FNG,False
clean_5UZ0.pdb,Experimental,PDB,Unknown,clean_5UZ0,False
clean_5JRQ.pdb,Experimental,PDB,Unknown,clean_5JRQ,False
clean_8SBC.pdb,Experimental,PDB,Unknown,clean_8SBC,False
clean_5SJH.pdb,Experimental,PDB,Unknown,clean_5SJH,False
clean_6MEW.pdb,Experimental,PDB,Unknown,clean_6MEW,False
clean_6UJB.pdb,Experimental,PDB,Unknown,clean_6UJB,False
clean_6U4Y.pdb,Experimental,PDB,Unknown,clean_6U4Y,False
clean_4URT.pdb,Experimental,PDB,Unknown,clean_4URT,False
clean_3K9O.pdb,Experimental,PDB,Unknown,clean_3K9O,False
clean_2CW6.pdb,Experimental,PDB,Unknown,clean_2CW6,False
clean_7VQ1.pdb,Experimental,PDB,Unknown,clean_7VQ1,False
clean_1H6G.pdb,Experimental,PDB,Unknown,clean_1H6G,False
clean_3MQ4.pdb,Experimental,PDB,Unknown,clean_3MQ4,False
clean_2MOF.pdb,Experimental,PDB,Unknown,clean_2MOF,False
clean_8Q9B.pdb,Experimental,PDB,Unknown,clean_8Q9B,False
clean_3CCW.pdb,Experimental,PDB,Unknown,clean_3CCW,False
clean_5HP0.pdb,Experimental,PDB,Unknown,clean_5HP0,False
clean_5SF8.pdb,Experimental,PDB,Unknown,clean_5SF8,False
clean_5SHT.pdb,Experimental,PDB,Unknown,clean_5SHT,False
clean_4TNB.pdb,Experimental,PDB,Unknown,clean_4TNB,False
clean_2L5S.pdb,Experimental,PDB,Unknown,clean_2L5S,False
clean_5SGC.pdb,Experimental,PDB,Unknown,clean_5SGC,False
clean_9BBL.pdb,Experimental,PDB,Unknown,clean_9BBL,False
clean_5FN2.pdb,Experimental,PDB,Unknown,clean_5FN2,False
clean_3VW8.pdb,Experimental,PDB,Unknown,clean_3VW8,False
clean_7BRK.pdb,Experimental,PDB,Unknown,clean_7BRK,False
clean_9E8K.pdb,Experimental,PDB,Unknown,clean_9E8K,False
clean_7KW7.pdb,Experimental,PDB,Unknown,clean_7KW7,False
clean_7KHT.pdb,Experimental,PDB,Unknown,clean_7KHT,False
clean_3OW4.pdb,Experimental,PDB,Unknown,clean_3OW4,False
clean_7VUJ.pdb,Experimental,PDB,Unknown,clean_7VUJ,False
clean_4LI2.pdb,Experimental,PDB,Unknown,clean_4LI2,False
clean_4HIX.pdb,Experimental,PDB,Unknown,clean_4HIX,False
clean_1PKX.pdb,Experimental,PDB,Unknown,clean_1PKX,False
clean_9D68.pdb,Experimental,PDB,Unknown,clean_9D68,False
clean_2HD1.pdb,Experimental,PDB,Unknown,clean_2HD1,False
clean_7VV0.pdb,Experimental,PDB,Unknown,clean_7VV0,False
clean_4F63.pdb,Experimental,PDB,Unknown,clean_4F63,False
clean_2WQJ.pdb,Experimental,PDB,Unknown,clean_2WQJ,False
clean_7C61.pdb,Experimental,PDB,Unknown,clean_7C61,False
clean_4CN2.pdb,Experimental,PDB,Unknown,clean_4CN2,False
clean_5NUT.pdb,Experimental,PDB,Unknown,clean_5NUT,False
clean_7QKJ.pdb,Experimental,PDB,Unknown,clean_7QKJ,False
clean_2OUS.pdb,Experimental,PDB,Unknown,clean_2OUS,False
clean_2FEJ.pdb,Experimental,PDB,Unknown,clean_2FEJ,False
clean_6GYN.pdb,Experimental,PDB,Unknown,clean_6GYN,False
clean_8GU7.pdb,Experimental,PDB,Unknown,clean_8GU7,False
clean_2X39.pdb,Experimental,PDB,Unknown,clean_2X39,False
clean_1LFI.pdb,Experimental,PDB,Unknown,clean_1LFI,False
clean_1XTG.pdb,Experimental,PDB,Unknown,clean_1XTG,False
clean_4X5O.pdb,Experimental,PDB,Unknown,clean_4X5O,False
clean_7VUG.pdb,Experimental,PDB,Unknown,clean_7VUG,False
clean_5C14.pdb,Experimental,PDB,Unknown,clean_5C14,False
clean_4CRV.pdb,Experimental,PDB,Unknown,clean_4CRV,False
clean_1ZE9.pdb,Experimental,PDB,Unknown,clean_1ZE9,False
clean_1UN3.pdb,Experimental,PDB,Unknown,clean_1UN3,False
clean_4ACH.pdb,Experimental,PDB,Unknown,clean_4ACH,False
clean_3K1X.pdb,Experimental,PDB,Unknown,clean_3K1X,False
clean_2MNG.pdb,Experimental,PDB,Unknown,clean_2MNG,False
clean_5OWT.pdb,Experimental,PDB,Unknown,clean_5OWT,False
clean_5ADQ.pdb,Experimental,PDB,Unknown,clean_5ADQ,False
clean_6D49.pdb,Experimental,PDB,Unknown,clean_6D49,False
clean_1R0E.pdb,Experimental,PDB,Unknown,clean_1R0E,False
clean_4POH.pdb,Experimental,PDB,Unknown,clean_4POH,False
clean_2JW6.pdb,Experimental,PDB,Unknown,clean_2JW6,False
clean_3JBT.pdb,Experimental,PDB,Unknown,clean_3JBT,False
clean_5OKM.pdb,Experimental,PDB,Unknown,clean_5OKM,False
clean_3E73.pdb,Experimental,PDB,Unknown,clean_3E73,False
clean_5ZUP.pdb,Experimental,PDB,Unknown,clean_5ZUP,False
clean_8Y6I.pdb,Experimental,PDB,Unknown,clean_8Y6I,False
clean_6QJH.pdb,Experimental,PDB,Unknown,clean_6QJH,False
clean_1GA5.pdb,Experimental,PDB,Unknown,clean_1GA5,False
clean_3GQI.pdb,Experimental,PDB,Unknown,clean_3GQI,False
clean_7Y67.pdb,Experimental,PDB,Unknown,clean_7Y67,False
clean_9B9F.pdb,Experimental,PDB,Unknown,clean_9B9F,False
clean_2L4S.pdb,Experimental,PDB,Unknown,clean_2L4S,False
clean_8X8Y.pdb,Experimental,PDB,Unknown,clean_8X8Y,False
clean_8GBC.pdb,Experimental,PDB,Unknown,clean_8GBC,False
clean_4EHP.pdb,Experimental,PDB,Unknown,clean_4EHP,False
clean_6RKK.pdb,Experimental,PDB,Unknown,clean_6RKK,False
clean_3G43.pdb,Experimental,PDB,Unknown,clean_3G43,False
clean_5AXP.pdb,Experimental,PDB,Unknown,clean_5AXP,False
clean_2HWM.pdb,Experimental,PDB,Unknown,clean_2HWM,False
clean_8BOK.pdb,Experimental,PDB,Unknown,clean_8BOK,False
clean_7E7F.pdb,Experimental,PDB,Unknown,clean_7E7F,False
clean_7WCM.pdb,Experimental,PDB,Unknown,clean_7WCM,False
clean_6EJ3.pdb,Experimental,PDB,Unknown,clean_6EJ3,False
clean_5YKH.pdb,Experimental,PDB,Unknown,clean_5YKH,False
clean_8CE0.pdb,Experimental,PDB,Unknown,clean_8CE0,False
clean_5VSX.pdb,Experimental,PDB,Unknown,clean_5VSX,False
clean_8I2G.pdb,Experimental,PDB,Unknown,clean_8I2G,False
clean_2HW1.pdb,Experimental,PDB,Unknown,clean_2HW1,False
clean_3BWY.pdb,Experimental,PDB,Unknown,clean_3BWY,False
clean_9II2.pdb,Experimental,PDB,Unknown,clean_9II2,False
clean_7JOF.pdb,Experimental,PDB,Unknown,clean_7JOF,False
clean_5NFP.pdb,Experimental,PDB,Unknown,clean_5NFP,False
clean_7M5V.pdb,Experimental,PDB,Unknown,clean_7M5V,False
clean_8V2J.pdb,Experimental,PDB,Unknown,clean_8V2J,False
clean_3C4F.pdb,Experimental,PDB,Unknown,clean_3C4F,False
clean_3MXY.pdb,Experimental,PDB,Unknown,clean_3MXY,False
clean_3SV1.pdb,Experimental,PDB,Unknown,clean_3SV1,False
clean_6I42.pdb,Experimental,PDB,Unknown,clean_6I42,False
clean_5JI7.pdb,Experimental,PDB,Unknown,clean_5JI7,False
clean_1OGT.pdb,Experimental,PDB,Unknown,clean_1OGT,False
clean_5TZW.pdb,Experimental,PDB,Unknown,clean_5TZW,False
clean_5IZ9.pdb,Experimental,PDB,Unknown,clean_5IZ9,False
clean_8VM7.pdb,Experimental,PDB,Unknown,clean_8VM7,False
clean_7UXC.pdb,Experimental,PDB,Unknown,clean_7UXC,False
clean_3DEJ.pdb,Experimental,PDB,Unknown,clean_3DEJ,False
clean_7XTA.pdb,Experimental,PDB,Unknown,clean_7XTA,False
clean_3V8O.pdb,Experimental,PDB,Unknown,clean_3V8O,False
clean_4IE0.pdb,Experimental,PDB,Unknown,clean_4IE0,False
clean_4DCJ.pdb,Experimental,PDB,Unknown,clean_4DCJ,False
clean_8JXX.pdb,Experimental,PDB,Unknown,clean_8JXX,False
clean_6Z0H.pdb,Experimental,PDB,Unknown,clean_6Z0H,False
clean_7QKF.pdb,Experimental,PDB,Unknown,clean_7QKF,False
clean_3DDA.pdb,Experimental,PDB,Unknown,clean_3DDA,False
clean_2ZJK.pdb,Experimental,PDB,Unknown,clean_2ZJK,False
clean_6D48.pdb,Experimental,PDB,Unknown,clean_6D48,False
clean_8OWG.pdb,Experimental,PDB,Unknown,clean_8OWG,False
clean_4KMD.pdb,Experimental,PDB,Unknown,clean_4KMD,False
clean_1REW.pdb,Experimental,PDB,Unknown,clean_1REW,False
clean_2P1T.pdb,Experimental,PDB,Unknown,clean_2P1T,False
clean_8DJ3.pdb,Experimental,PDB,Unknown,clean_8DJ3,False
clean_7Z21.pdb,Experimental,PDB,Unknown,clean_7Z21,False
clean_4JQY.pdb,Experimental,PDB,Unknown,clean_4JQY,False
clean_7VFX.pdb,Experimental,PDB,Unknown,clean_7VFX,False
clean_7W6L.pdb,Experimental,PDB,Unknown,clean_7W6L,False
clean_3R29.pdb,Experimental,PDB,Unknown,clean_3R29,False
clean_6KZP.pdb,Experimental,PDB,Unknown,clean_6KZP,False
clean_2QZL.pdb,Experimental,PDB,Unknown,clean_2QZL,False
clean_5UN8.pdb,Experimental,PDB,Unknown,clean_5UN8,False
clean_7QKV.pdb,Experimental,PDB,Unknown,clean_7QKV,False
clean_8I5B.pdb,Experimental,PDB,Unknown,clean_8I5B,False
clean_8ORY.pdb,Experimental,PDB,Unknown,clean_8ORY,False
clean_5JZV.pdb,Experimental,PDB,Unknown,clean_5JZV,False
clean_5R4L.pdb,Experimental,PDB,Unknown,clean_5R4L,False
clean_8THH.pdb,Experimental,PDB,Unknown,clean_8THH,False
clean_6PT3.pdb,Experimental,PDB,Unknown,clean_6PT3,False
clean_8DKE.pdb,Experimental,PDB,Unknown,clean_8DKE,False
clean_6O4J.pdb,Experimental,PDB,Unknown,clean_6O4J,False
clean_2M49.pdb,Experimental,PDB,Unknown,clean_2M49,False
clean_8GZ1.pdb,Experimental,PDB,Unknown,clean_8GZ1,False
clean_8SS2.pdb,Experimental,PDB,Unknown,clean_8SS2,False
clean_7OPR.pdb,Experimental,PDB,Unknown,clean_7OPR,False
clean_2GP7.pdb,Experimental,PDB,Unknown,clean_2GP7,False
clean_7F58.pdb,Experimental,PDB,Unknown,clean_7F58,False
clean_6C7E.pdb,Experimental,PDB,Unknown,clean_6C7E,False
clean_8DD4.pdb,Experimental,PDB,Unknown,clean_8DD4,False
clean_3HEI.pdb,Experimental,PDB,Unknown,clean_3HEI,False
clean_7T3C.pdb,Experimental,PDB,Unknown,clean_7T3C,False
clean_2L5F.pdb,Experimental,PDB,Unknown,clean_2L5F,False
clean_7M0Y.pdb,Experimental,PDB,Unknown,clean_7M0Y,False
clean_8GEG.pdb,Experimental,PDB,Unknown,clean_8GEG,False
clean_6EZI.pdb,Experimental,PDB,Unknown,clean_6EZI,False
clean_3NKS.pdb,Experimental,PDB,Unknown,clean_3NKS,False
clean_4QKN.pdb,Experimental,PDB,Unknown,clean_4QKN,False
clean_2DI8.pdb,Experimental,PDB,Unknown,clean_2DI8,False
clean_5Y4E.pdb,Experimental,PDB,Unknown,clean_5Y4E,False
clean_3OVJ.pdb,Experimental,PDB,Unknown,clean_3OVJ,False
clean_9BZP.pdb,Experimental,PDB,Unknown,clean_9BZP,False
clean_6UHA.pdb,Experimental,PDB,Unknown,clean_6UHA,False
clean_3ZFX.pdb,Experimental,PDB,Unknown,clean_3ZFX,False
clean_3U8Z.pdb,Experimental,PDB,Unknown,clean_3U8Z,False
clean_8DPX.pdb,Experimental,PDB,Unknown,clean_8DPX,False
clean_8GG4.pdb,Experimental,PDB,Unknown,clean_8GG4,False
clean_5UHO.pdb,Experimental,PDB,Unknown,clean_5UHO,False
clean_5YI9.pdb,Experimental,PDB,Unknown,clean_5YI9,False
clean_8P0F.pdb,Experimental,PDB,Unknown,clean_8P0F,False
clean_7B4N.pdb,Experimental,PDB,Unknown,clean_7B4N,False
clean_1QSV.pdb,Experimental,PDB,Unknown,clean_1QSV,False
clean_1RKP.pdb,Experimental,PDB,Unknown,clean_1RKP,False
clean_8V0E.pdb,Experimental,PDB,Unknown,clean_8V0E,False
clean_6GJH.pdb,Experimental,PDB,Unknown,clean_6GJH,False
clean_3E4C.pdb,Experimental,PDB,Unknown,clean_3E4C,False
clean_7TS3.pdb,Experimental,PDB,Unknown,clean_7TS3,False
clean_3EDQ.pdb,Experimental,PDB,Unknown,clean_3EDQ,False
clean_7UWJ.pdb,Experimental,PDB,Unknown,clean_7UWJ,False
clean_8X19.pdb,Experimental,PDB,Unknown,clean_8X19,False
clean_7XT9.pdb,Experimental,PDB,Unknown,clean_7XT9,False
clean_5HOX.pdb,Experimental,PDB,Unknown,clean_5HOX,False
clean_6VCB.pdb,Experimental,PDB,Unknown,clean_6VCB,False
clean_7CRH.pdb,Experimental,PDB,Unknown,clean_7CRH,False
clean_2L27.pdb,Experimental,PDB,Unknown,clean_2L27,False
clean_7MO8.pdb,Experimental,PDB,Unknown,clean_7MO8,False
clean_5MNW.pdb,Experimental,PDB,Unknown,clean_5MNW,False
clean_8T3O.pdb,Experimental,PDB,Unknown,clean_8T3O,False
clean_8EZD.pdb,Experimental,PDB,Unknown,clean_8EZD,False
clean_9BXQ.pdb,Experimental,PDB,Unknown,clean_9BXQ,False
clean_4HI8.pdb,Experimental,PDB,Unknown,clean_4HI8,False
clean_1R4C.pdb,Experimental,PDB,Unknown,clean_1R4C,False
clean_5M9M.pdb,Experimental,PDB,Unknown,clean_5M9M,False
clean_8SEK.pdb,Experimental,PDB,Unknown,clean_8SEK,False
clean_2MXU.pdb,Experimental,PDB,Unknown,clean_2MXU,False
clean_8ZQQ.pdb,Experimental,PDB,Unknown,clean_8ZQQ,False
clean_3GJS.pdb,Experimental,PDB,Unknown,clean_3GJS,False
clean_5JO3.pdb,Experimental,PDB,Unknown,clean_5JO3,False
clean_7DTD.pdb,Experimental,PDB,Unknown,clean_7DTD,False
clean_2QW4.pdb,Experimental,PDB,Unknown,clean_2QW4,False
clean_2YDR.pdb,Experimental,PDB,Unknown,clean_2YDR,False
clean_2K8F.pdb,Experimental,PDB,Unknown,clean_2K8F,False
clean_8S6B.pdb,Experimental,PDB,Unknown,clean_8S6B,False
clean_2GRP.pdb,Experimental,PDB,Unknown,clean_2GRP,False
clean_8IT7.pdb,Experimental,PDB,Unknown,clean_8IT7,False
clean_6GX5.pdb,Experimental,PDB,Unknown,clean_6GX5,False
clean_5IB1.pdb,Experimental,PDB,Unknown,clean_5IB1,False
clean_4AYC.pdb,Experimental,PDB,Unknown,clean_4AYC,False
clean_4MVH.pdb,Experimental,PDB,Unknown,clean_4MVH,False
clean_7S4E.pdb,Experimental,PDB,Unknown,clean_7S4E,False
clean_7MSG.pdb,Experimental,PDB,Unknown,clean_7MSG,False
clean_9CZK.pdb,Experimental,PDB,Unknown,clean_9CZK,False
clean_2A1U.pdb,Experimental,PDB,Unknown,clean_2A1U,False
clean_4QBC.pdb,Experimental,PDB,Unknown,clean_4QBC,False
clean_1YXK.pdb,Experimental,PDB,Unknown,clean_1YXK,False
clean_4FEA.pdb,Experimental,PDB,Unknown,clean_4FEA,False
clean_1U37.pdb,Experimental,PDB,Unknown,clean_1U37,False
clean_6OSJ.pdb,Experimental,PDB,Unknown,clean_6OSJ,False
clean_1KIL.pdb,Experimental,PDB,Unknown,clean_1KIL,False
clean_8U4Q.pdb,Experimental,PDB,Unknown,clean_8U4Q,False
clean_4MXC.pdb,Experimental,PDB,Unknown,clean_4MXC,False
clean_5IJO.pdb,Experimental,PDB,Unknown,clean_5IJO,False
clean_2E4A.pdb,Experimental,PDB,Unknown,clean_2E4A,False
clean_6HN6.pdb,Experimental,PDB,Unknown,clean_6HN6,False
clean_5UZB.pdb,Experimental,PDB,Unknown,clean_5UZB,False
clean_9C82.pdb,Experimental,PDB,Unknown,clean_9C82,False
clean_6JJU.pdb,Experimental,PDB,Unknown,clean_6JJU,False
clean_5UAD.pdb,Experimental,PDB,Unknown,clean_5UAD,False
clean_4DCO.pdb,Experimental,PDB,Unknown,clean_4DCO,False
clean_3RMV.pdb,Experimental,PDB,Unknown,clean_3RMV,False
clean_9ERO.pdb,Experimental,PDB,Unknown,clean_9ERO,False
clean_5WUK.pdb,Experimental,PDB,Unknown,clean_5WUK,False
clean_4MXX.pdb,Experimental,PDB,Unknown,clean_4MXX,False
clean_3ZKG.pdb,Experimental,PDB,Unknown,clean_3ZKG,False
clean_5NKF.pdb,Experimental,PDB,Unknown,clean_5NKF,False
clean_4C7N.pdb,Experimental,PDB,Unknown,clean_4C7N,False
clean_8D7P.pdb,Experimental,PDB,Unknown,clean_8D7P,False
clean_6ZY8.pdb,Experimental,PDB,Unknown,clean_6ZY8,False
clean_2GXB.pdb,Experimental,PDB,Unknown,clean_2GXB,False
clean_2O3Q.pdb,Experimental,PDB,Unknown,clean_2O3Q,False
clean_6JOL.pdb,Experimental,PDB,Unknown,clean_6JOL,False
clean_4AHE.pdb,Experimental,PDB,Unknown,clean_4AHE,False
clean_7W7W.pdb,Experimental,PDB,Unknown,clean_7W7W,False
clean_5CNM.pdb,Experimental,PDB,Unknown,clean_5CNM,False
clean_7VOE.pdb,Experimental,PDB,Unknown,clean_7VOE,False
clean_3ZCL.pdb,Experimental,PDB,Unknown,clean_3ZCL,False
clean_7WV5.pdb,Experimental,PDB,Unknown,clean_7WV5,False
clean_6I67.pdb,Experimental,PDB,Unknown,clean_6I67,False
clean_3NXO.pdb,Experimental,PDB,Unknown,clean_3NXO,False
clean_8FO2.pdb,Experimental,PDB,Unknown,clean_8FO2,False
clean_3BXM.pdb,Experimental,PDB,Unknown,clean_3BXM,False
clean_7N72.pdb,Experimental,PDB,Unknown,clean_7N72,False
clean_4RCF.pdb,Experimental,PDB,Unknown,clean_4RCF,False
clean_4DPF.pdb,Experimental,PDB,Unknown,clean_4DPF,False
clean_1COK.pdb,Experimental,PDB,Unknown,clean_1COK,False
clean_4I9X.pdb,Experimental,PDB,Unknown,clean_4I9X,False
clean_7RKF.pdb,Experimental,PDB,Unknown,clean_7RKF,False
clean_3EQ5.pdb,Experimental,PDB,Unknown,clean_3EQ5,False
clean_4CT6.pdb,Experimental,PDB,Unknown,clean_4CT6,False
clean_2BQQ.pdb,Experimental,PDB,Unknown,clean_2BQQ,False
clean_7XO1.pdb,Experimental,PDB,Unknown,clean_7XO1,False
clean_8TGD.pdb,Experimental,PDB,Unknown,clean_8TGD,False
clean_3DEK.pdb,Experimental,PDB,Unknown,clean_3DEK,False
clean_7SPS.pdb,Experimental,PDB,Unknown,clean_7SPS,False
clean_5FNA.pdb,Experimental,PDB,Unknown,clean_5FNA,False
clean_8KI3.pdb,Experimental,PDB,Unknown,clean_8KI3,False
clean_7YEA.pdb,Experimental,PDB,Unknown,clean_7YEA,False
clean_4PNL.pdb,Experimental,PDB,Unknown,clean_4PNL,False
clean_7W2Z.pdb,Experimental,PDB,Unknown,clean_7W2Z,False
clean_8XQN.pdb,Experimental,PDB,Unknown,clean_8XQN,False
clean_1V05.pdb,Experimental,PDB,Unknown,clean_1V05,False
clean_6U3S.pdb,Experimental,PDB,Unknown,clean_6U3S,False
clean_3KBU.pdb,Experimental,PDB,Unknown,clean_3KBU,False
clean_5U0I.pdb,Experimental,PDB,Unknown,clean_5U0I,False
clean_3SM9.pdb,Experimental,PDB,Unknown,clean_3SM9,False
clean_4IJT.pdb,Experimental,PDB,Unknown,clean_4IJT,False
clean_7E8B.pdb,Experimental,PDB,Unknown,clean_7E8B,False
clean_6C7I.pdb,Experimental,PDB,Unknown,clean_6C7I,False
clean_3R7B.pdb,Experimental,PDB,Unknown,clean_3R7B,False
clean_8EEW.pdb,Experimental,PDB,Unknown,clean_8EEW,False
clean_5K5S.pdb,Experimental,PDB,Unknown,clean_5K5S,False
clean_8YH3.pdb,Experimental,PDB,Unknown,clean_8YH3,False
clean_7RWO.pdb,Experimental,PDB,Unknown,clean_7RWO,False
clean_1Q1U.pdb,Experimental,PDB,Unknown,clean_1Q1U,False
clean_4BSN.pdb,Experimental,PDB,Unknown,clean_4BSN,False
clean_5U5S.pdb,Experimental,PDB,Unknown,clean_5U5S,False
clean_7JDW.pdb,Experimental,PDB,Unknown,clean_7JDW,False
clean_2R4F.pdb,Experimental,PDB,Unknown,clean_2R4F,False
clean_6FB4.pdb,Experimental,PDB,Unknown,clean_6FB4,False
clean_2N39.pdb,Experimental,PDB,Unknown,clean_2N39,False
clean_1W0G.pdb,Experimental,PDB,Unknown,clean_1W0G,False
clean_3P6Y.pdb,Experimental,PDB,Unknown,clean_3P6Y,False
clean_8BL8.pdb,Experimental,PDB,Unknown,clean_8BL8,False
clean_2E49.pdb,Experimental,PDB,Unknown,clean_2E49,False
clean_1PIC.pdb,Experimental,PDB,Unknown,clean_1PIC,False
clean_6SD9.pdb,Experimental,PDB,Unknown,clean_6SD9,False
clean_8WSS.pdb,Experimental,PDB,Unknown,clean_8WSS,False
clean_7YNS.pdb,Experimental,PDB,Unknown,clean_7YNS,False
clean_3KXX.pdb,Experimental,PDB,Unknown,clean_3KXX,False
clean_3GHC.pdb,Experimental,PDB,Unknown,clean_3GHC,False
clean_5ZAU.pdb,Experimental,PDB,Unknown,clean_5ZAU,False
clean_4NGP.pdb,Experimental,PDB,Unknown,clean_4NGP,False
clean_4Y46.pdb,Experimental,PDB,Unknown,clean_4Y46,False
clean_7U16.pdb,Experimental,PDB,Unknown,clean_7U16,False
clean_3V3Q.pdb,Experimental,PDB,Unknown,clean_3V3Q,False
clean_3IN3.pdb,Experimental,PDB,Unknown,clean_3IN3,False
clean_9JDW.pdb,Experimental,PDB,Unknown,clean_9JDW,False
clean_3UIG.pdb,Experimental,PDB,Unknown,clean_3UIG,False
clean_8RPP.pdb,Experimental,PDB,Unknown,clean_8RPP,False
clean_4UVL.pdb,Experimental,PDB,Unknown,clean_4UVL,False
clean_7UD6.pdb,Experimental,PDB,Unknown,clean_7UD6,False
clean_9K7N.pdb,Experimental,PDB,Unknown,clean_9K7N,False
clean_7QK1.pdb,Experimental,PDB,Unknown,clean_7QK1,False
clean_7WI8.pdb,Experimental,PDB,Unknown,clean_7WI8,False
clean_6FNF.pdb,Experimental,PDB,Unknown,clean_6FNF,False
clean_7TMC.pdb,Experimental,PDB,Unknown,clean_7TMC,False
clean_8RX0.pdb,Experimental,PDB,Unknown,clean_8RX0,False
clean_8QCR.pdb,Experimental,PDB,Unknown,clean_8QCR,False
clean_3C4C.pdb,Experimental,PDB,Unknown,clean_3C4C,False
clean_3UO9.pdb,Experimental,PDB,Unknown,clean_3UO9,False
clean_6NYB.pdb,Experimental,PDB,Unknown,clean_6NYB,False
clean_1N99.pdb,Experimental,PDB,Unknown,clean_1N99,False
clean_5AR7.pdb,Experimental,PDB,Unknown,clean_5AR7,False
clean_3DZY.pdb,Experimental,PDB,Unknown,clean_3DZY,False
clean_5HP3.pdb,Experimental,PDB,Unknown,clean_5HP3,False
clean_8P34.pdb,Experimental,PDB,Unknown,clean_8P34,False
clean_7E0F.pdb,Experimental,PDB,Unknown,clean_7E0F,False
clean_6ES0.pdb,Experimental,PDB,Unknown,clean_6ES0,False
clean_5AL1.pdb,Experimental,PDB,Unknown,clean_5AL1,False
clean_5GGK.pdb,Experimental,PDB,Unknown,clean_5GGK,False
clean_4U45.pdb,Experimental,PDB,Unknown,clean_4U45,False
clean_3DKC.pdb,Experimental,PDB,Unknown,clean_3DKC,False
clean_6CVJ.pdb,Experimental,PDB,Unknown,clean_6CVJ,False
clean_1BJC.pdb,Experimental,PDB,Unknown,clean_1BJC,False
clean_5UO1.pdb,Experimental,PDB,Unknown,clean_5UO1,False
clean_2VSP.pdb,Experimental,PDB,Unknown,clean_2VSP,False
clean_7WKD.pdb,Experimental,PDB,Unknown,clean_7WKD,False
clean_2GRR.pdb,Experimental,PDB,Unknown,clean_2GRR,False
clean_4NM3.pdb,Experimental,PDB,Unknown,clean_4NM3,False
clean_9ASB.pdb,Experimental,PDB,Unknown,clean_9ASB,False
clean_5IA5.pdb,Experimental,PDB,Unknown,clean_5IA5,False
clean_4AHD.pdb,Experimental,PDB,Unknown,clean_4AHD,False
clean_1S3W.pdb,Experimental,PDB,Unknown,clean_1S3W,False
clean_8DC4.pdb,Experimental,PDB,Unknown,clean_8DC4,False
clean_7YFC.pdb,Experimental,PDB,Unknown,clean_7YFC,False
clean_5F6K.pdb,Experimental,PDB,Unknown,clean_5F6K,False
clean_2KIQ.pdb,Experimental,PDB,Unknown,clean_2KIQ,False
clean_2WOU.pdb,Experimental,PDB,Unknown,clean_2WOU,False
clean_9J5V.pdb,Experimental,PDB,Unknown,clean_9J5V,False
clean_6W0N.pdb,Experimental,PDB,Unknown,clean_6W0N,False
clean_4ZVW.pdb,Experimental,PDB,Unknown,clean_4ZVW,False
clean_7TXH.pdb,Experimental,PDB,Unknown,clean_7TXH,False
clean_8E7B.pdb,Experimental,PDB,Unknown,clean_8E7B,False
clean_1H9O.pdb,Experimental,PDB,Unknown,clean_1H9O,False
clean_5XFO.pdb,Experimental,PDB,Unknown,clean_5XFO,False
clean_7LWH.pdb,Experimental,PDB,Unknown,clean_7LWH,False
clean_1W9O.pdb,Experimental,PDB,Unknown,clean_1W9O,False
clean_9CXB.pdb,Experimental,PDB,Unknown,clean_9CXB,False
clean_5FPF.pdb,Experimental,PDB,Unknown,clean_5FPF,False
clean_8BM8.pdb,Experimental,PDB,Unknown,clean_8BM8,False
clean_3BAP.pdb,Experimental,PDB,Unknown,clean_3BAP,False
clean_5EX3.pdb,Experimental,PDB,Unknown,clean_5EX3,False
clean_8KCO.pdb,Experimental,PDB,Unknown,clean_8KCO,False
clean_4FC0.pdb,Experimental,PDB,Unknown,clean_4FC0,False
clean_7WO0.pdb,Experimental,PDB,Unknown,clean_7WO0,False
clean_5QDA.pdb,Experimental,PDB,Unknown,clean_5QDA,False
clean_1A1U.pdb,Experimental,PDB,Unknown,clean_1A1U,False
clean_1XWH.pdb,Experimental,PDB,Unknown,clean_1XWH,False
clean_3IBF.pdb,Experimental,PDB,Unknown,clean_3IBF,False
clean_6SZP.pdb,Experimental,PDB,Unknown,clean_6SZP,False
clean_6VNO.pdb,Experimental,PDB,Unknown,clean_6VNO,False
clean_3D4J.pdb,Experimental,PDB,Unknown,clean_3D4J,False
clean_8JLZ.pdb,Experimental,PDB,Unknown,clean_8JLZ,False
clean_8UAQ.pdb,Experimental,PDB,Unknown,clean_8UAQ,False
clean_1X2P.pdb,Experimental,PDB,Unknown,clean_1X2P,False
clean_4CMH.pdb,Experimental,PDB,Unknown,clean_4CMH,False
clean_7X3M.pdb,Experimental,PDB,Unknown,clean_7X3M,False
clean_3IOR.pdb,Experimental,PDB,Unknown,clean_3IOR,False
clean_4O3U.pdb,Experimental,PDB,Unknown,clean_4O3U,False
clean_6I61.pdb,Experimental,PDB,Unknown,clean_6I61,False
clean_8OT9.pdb,Experimental,PDB,Unknown,clean_8OT9,False
clean_4HFZ.pdb,Experimental,PDB,Unknown,clean_4HFZ,False
clean_4X0U.pdb,Experimental,PDB,Unknown,clean_4X0U,False
clean_4MCR.pdb,Experimental,PDB,Unknown,clean_4MCR,False
clean_1O9U.pdb,Experimental,PDB,Unknown,clean_1O9U,False
clean_7TS1.pdb,Experimental,PDB,Unknown,clean_7TS1,False
clean_8IES.pdb,Experimental,PDB,Unknown,clean_8IES,False
clean_6X4T.pdb,Experimental,PDB,Unknown,clean_6X4T,False
clean_6UUQ.pdb,Experimental,PDB,Unknown,clean_6UUQ,False
clean_5SIE.pdb,Experimental,PDB,Unknown,clean_5SIE,False
clean_5SE4.pdb,Experimental,PDB,Unknown,clean_5SE4,False
clean_6U7G.pdb,Experimental,PDB,Unknown,clean_6U7G,False
clean_7Y4T.pdb,Experimental,PDB,Unknown,clean_7Y4T,False
clean_4UX8.pdb,Experimental,PDB,Unknown,clean_4UX8,False
clean_8OTG.pdb,Experimental,PDB,Unknown,clean_8OTG,False
clean_6GFJ.pdb,Experimental,PDB,Unknown,clean_6GFJ,False
clean_7N27.pdb,Experimental,PDB,Unknown,clean_7N27,False
clean_1NTY.pdb,Experimental,PDB,Unknown,clean_1NTY,False
clean_3JZN.pdb,Experimental,PDB,Unknown,clean_3JZN,False
clean_6ZPH.pdb,Experimental,PDB,Unknown,clean_6ZPH,False
clean_2QL5.pdb,Experimental,PDB,Unknown,clean_2QL5,False
clean_6SK3.pdb,Experimental,PDB,Unknown,clean_6SK3,False
clean_6PO5.pdb,Experimental,PDB,Unknown,clean_6PO5,False
clean_6JNR.pdb,Experimental,PDB,Unknown,clean_6JNR,False
clean_8G8E.pdb,Experimental,PDB,Unknown,clean_8G8E,False
clean_4RRS.pdb,Experimental,PDB,Unknown,clean_4RRS,False
clean_2VJ7.pdb,Experimental,PDB,Unknown,clean_2VJ7,False
clean_7XV3.pdb,Experimental,PDB,Unknown,clean_7XV3,False
clean_1Q4L.pdb,Experimental,PDB,Unknown,clean_1Q4L,False
clean_4R3O.pdb,Experimental,PDB,Unknown,clean_4R3O,False
clean_6GLC.pdb,Experimental,PDB,Unknown,clean_6GLC,False
clean_5SWP.pdb,Experimental,PDB,Unknown,clean_5SWP,False
clean_6UUN.pdb,Experimental,PDB,Unknown,clean_6UUN,False
clean_8F0J.pdb,Experimental,PDB,Unknown,clean_8F0J,False
clean_6AVZ.pdb,Experimental,PDB,Unknown,clean_6AVZ,False
clean_6MSC.pdb,Experimental,PDB,Unknown,clean_6MSC,False
clean_9FK5.pdb,Experimental,PDB,Unknown,clean_9FK5,False
clean_5EMO.pdb,Experimental,PDB,Unknown,clean_5EMO,False
clean_9J0N.pdb,Experimental,PDB,Unknown,clean_9J0N,False
clean_3U9H.pdb,Experimental,PDB,Unknown,clean_3U9H,False
clean_7N7M.pdb,Experimental,PDB,Unknown,clean_7N7M,False
clean_6EQM.pdb,Experimental,PDB,Unknown,clean_6EQM,False
clean_5Y0Z.pdb,Experimental,PDB,Unknown,clean_5Y0Z,False
clean_1HAF.pdb,Experimental,PDB,Unknown,clean_1HAF,False
clean_1Z6V.pdb,Experimental,PDB,Unknown,clean_1Z6V,False
clean_4L0T.pdb,Experimental,PDB,Unknown,clean_4L0T,False
clean_8GDA.pdb,Experimental,PDB,Unknown,clean_8GDA,False
clean_5MKJ.pdb,Experimental,PDB,Unknown,clean_5MKJ,False
clean_4OC1.pdb,Experimental,PDB,Unknown,clean_4OC1,False
clean_7T96.pdb,Experimental,PDB,Unknown,clean_7T96,False
clean_4Q9G.pdb,Experimental,PDB,Unknown,clean_4Q9G,False
clean_5FVV.pdb,Experimental,PDB,Unknown,clean_5FVV,False
clean_7UJR.pdb,Experimental,PDB,Unknown,clean_7UJR,False
clean_8YUV.pdb,Experimental,PDB,Unknown,clean_8YUV,False
clean_8BSK.pdb,Experimental,PDB,Unknown,clean_8BSK,False
clean_4RRN.pdb,Experimental,PDB,Unknown,clean_4RRN,False
clean_5NK0.pdb,Experimental,PDB,Unknown,clean_5NK0,False
clean_5MO9.pdb,Experimental,PDB,Unknown,clean_5MO9,False
clean_2DOC.pdb,Experimental,PDB,Unknown,clean_2DOC,False
clean_8YN4.pdb,Experimental,PDB,Unknown,clean_8YN4,False
clean_6O4D.pdb,Experimental,PDB,Unknown,clean_6O4D,False
clean_4HBN.pdb,Experimental,PDB,Unknown,clean_4HBN,False
clean_4LLK.pdb,Experimental,PDB,Unknown,clean_4LLK,False
clean_6RNA.pdb,Experimental,PDB,Unknown,clean_6RNA,False
clean_9BRI.pdb,Experimental,PDB,Unknown,clean_9BRI,False
clean_3WB5.pdb,Experimental,PDB,Unknown,clean_3WB5,False
clean_2Q8I.pdb,Experimental,PDB,Unknown,clean_2Q8I,False
clean_6NCO.pdb,Experimental,PDB,Unknown,clean_6NCO,False
clean_2VM5.pdb,Experimental,PDB,Unknown,clean_2VM5,False
clean_1PBW.pdb,Experimental,PDB,Unknown,clean_1PBW,False
clean_5K7N.pdb,Experimental,PDB,Unknown,clean_5K7N,False
clean_7AW6.pdb,Experimental,PDB,Unknown,clean_7AW6,False
clean_2KI4.pdb,Experimental,PDB,Unknown,clean_2KI4,False
clean_5NB1.pdb,Experimental,PDB,Unknown,clean_5NB1,False
clean_5ADS.pdb,Experimental,PDB,Unknown,clean_5ADS,False
clean_7WV4.pdb,Experimental,PDB,Unknown,clean_7WV4,False
clean_6O3B.pdb,Experimental,PDB,Unknown,clean_6O3B,False
clean_4DJU.pdb,Experimental,PDB,Unknown,clean_4DJU,False
clean_3OE0.pdb,Experimental,PDB,Unknown,clean_3OE0,False
clean_6HOH.pdb,Experimental,PDB,Unknown,clean_6HOH,False
clean_8VNZ.pdb,Experimental,PDB,Unknown,clean_8VNZ,False
clean_3O22.pdb,Experimental,PDB,Unknown,clean_3O22,False
clean_1SHD.pdb,Experimental,PDB,Unknown,clean_1SHD,False
clean_2AE7.pdb,Experimental,PDB,Unknown,clean_2AE7,False
clean_2DOF.pdb,Experimental,PDB,Unknown,clean_2DOF,False
clean_4UI3.pdb,Experimental,PDB,Unknown,clean_4UI3,False
clean_7WMT.pdb,Experimental,PDB,Unknown,clean_7WMT,False
clean_7S7J.pdb,Experimental,PDB,Unknown,clean_7S7J,False
clean_8F2B.pdb,Experimental,PDB,Unknown,clean_8F2B,False
clean_3TWQ.pdb,Experimental,PDB,Unknown,clean_3TWQ,False
clean_7CUM.pdb,Experimental,PDB,Unknown,clean_7CUM,False
clean_7QRW.pdb,Experimental,PDB,Unknown,clean_7QRW,False
clean_4I0G.pdb,Experimental,PDB,Unknown,clean_4I0G,False
clean_1NME.pdb,Experimental,PDB,Unknown,clean_1NME,False
clean_7Z8Y.pdb,Experimental,PDB,Unknown,clean_7Z8Y,False
clean_1O4Q.pdb,Experimental,PDB,Unknown,clean_1O4Q,False
clean_5NZ9.pdb,Experimental,PDB,Unknown,clean_5NZ9,False
clean_6M3Q.pdb,Experimental,PDB,Unknown,clean_6M3Q,False
clean_3ZUR.pdb,Experimental,PDB,Unknown,clean_3ZUR,False
clean_7US8.pdb,Experimental,PDB,Unknown,clean_7US8,False
clean_3BUF.pdb,Experimental,PDB,Unknown,clean_3BUF,False
clean_3K5F.pdb,Experimental,PDB,Unknown,clean_3K5F,False
clean_6RX2.pdb,Experimental,PDB,Unknown,clean_6RX2,False
clean_8QQY.pdb,Experimental,PDB,Unknown,clean_8QQY,False
clean_5QGS.pdb,Experimental,PDB,Unknown,clean_5QGS,False
clean_2M55.pdb,Experimental,PDB,Unknown,clean_2M55,False
clean_1O4I.pdb,Experimental,PDB,Unknown,clean_1O4I,False
clean_5SH3.pdb,Experimental,PDB,Unknown,clean_5SH3,False
clean_5SJV.pdb,Experimental,PDB,Unknown,clean_5SJV,False
clean_3GQL.pdb,Experimental,PDB,Unknown,clean_3GQL,False
clean_6AKW.pdb,Experimental,PDB,Unknown,clean_6AKW,False
clean_4J0P.pdb,Experimental,PDB,Unknown,clean_4J0P,False
clean_3PSD.pdb,Experimental,PDB,Unknown,clean_3PSD,False
clean_7LKY.pdb,Experimental,PDB,Unknown,clean_7LKY,False
clean_5ENK.pdb,Experimental,PDB,Unknown,clean_5ENK,False
clean_1DXS.pdb,Experimental,PDB,Unknown,clean_1DXS,False
clean_6NK0.pdb,Experimental,PDB,Unknown,clean_6NK0,False
clean_2PH6.pdb,Experimental,PDB,Unknown,clean_2PH6,False
clean_7U4P.pdb,Experimental,PDB,Unknown,clean_7U4P,False
clean_7AE3.pdb,Experimental,PDB,Unknown,clean_7AE3,False
clean_8OME.pdb,Experimental,PDB,Unknown,clean_8OME,False
clean_2X6M.pdb,Experimental,PDB,Unknown,clean_2X6M,False
clean_3D8E.pdb,Experimental,PDB,Unknown,clean_3D8E,False
clean_4J71.pdb,Experimental,PDB,Unknown,clean_4J71,False
clean_4NFR.pdb,Experimental,PDB,Unknown,clean_4NFR,False
clean_5PWM.pdb,Experimental,PDB,Unknown,clean_5PWM,False
clean_7F6M.pdb,Experimental,PDB,Unknown,clean_7F6M,False
clean_1R02.pdb,Experimental,PDB,Unknown,clean_1R02,False
clean_5IN4.pdb,Experimental,PDB,Unknown,clean_5IN4,False
clean_6HEY.pdb,Experimental,PDB,Unknown,clean_6HEY,False
clean_8GG7.pdb,Experimental,PDB,Unknown,clean_8GG7,False
clean_8XOG.pdb,Experimental,PDB,Unknown,clean_8XOG,False
clean_1H26.pdb,Experimental,PDB,Unknown,clean_1H26,False
clean_2LLM.pdb,Experimental,PDB,Unknown,clean_2LLM,False
clean_9EQJ.pdb,Experimental,PDB,Unknown,clean_9EQJ,False
clean_6JSF.pdb,Experimental,PDB,Unknown,clean_6JSF,False
clean_1GFW.pdb,Experimental,PDB,Unknown,clean_1GFW,False
clean_8JER.pdb,Experimental,PDB,Unknown,clean_8JER,False
clean_8OVZ.pdb,Experimental,PDB,Unknown,clean_8OVZ,False
clean_3DV1.pdb,Experimental,PDB,Unknown,clean_3DV1,False
clean_6U3A.pdb,Experimental,PDB,Unknown,clean_6U3A,False
clean_4IBQ.pdb,Experimental,PDB,Unknown,clean_4IBQ,False
clean_6C1B.pdb,Experimental,PDB,Unknown,clean_6C1B,False
clean_6SIS.pdb,Experimental,PDB,Unknown,clean_6SIS,False
clean_6UUS.pdb,Experimental,PDB,Unknown,clean_6UUS,False
clean_7YQE.pdb,Experimental,PDB,Unknown,clean_7YQE,False
clean_6H2V.pdb,Experimental,PDB,Unknown,clean_6H2V,False
clean_5BUO.pdb,Experimental,PDB,Unknown,clean_5BUO,False
clean_9F33.pdb,Experimental,PDB,Unknown,clean_9F33,False
clean_9C6X.pdb,Experimental,PDB,Unknown,clean_9C6X,False
clean_8FVU.pdb,Experimental,PDB,Unknown,clean_8FVU,False
clean_6IY6.pdb,Experimental,PDB,Unknown,clean_6IY6,False
clean_4JFN.pdb,Experimental,PDB,Unknown,clean_4JFN,False
clean_4PQD.pdb,Experimental,PDB,Unknown,clean_4PQD,False
clean_5PYC.pdb,Experimental,PDB,Unknown,clean_5PYC,False
clean_4W82.pdb,Experimental,PDB,Unknown,clean_4W82,False
clean_5VUV.pdb,Experimental,PDB,Unknown,clean_5VUV,False
clean_5SGW.pdb,Experimental,PDB,Unknown,clean_5SGW,False
clean_8BDI.pdb,Experimental,PDB,Unknown,clean_8BDI,False
clean_5HDX.pdb,Experimental,PDB,Unknown,clean_5HDX,False
clean_7SXJ.pdb,Experimental,PDB,Unknown,clean_7SXJ,False
clean_8DD8.pdb,Experimental,PDB,Unknown,clean_8DD8,False
clean_7C7I.pdb,Experimental,PDB,Unknown,clean_7C7I,False
clean_3IIK.pdb,Experimental,PDB,Unknown,clean_3IIK,False
clean_7UKG.pdb,Experimental,PDB,Unknown,clean_7UKG,False
clean_6HRE.pdb,Experimental,PDB,Unknown,clean_6HRE,False
clean_7RMG.pdb,Experimental,PDB,Unknown,clean_7RMG,False
clean_9E8L.pdb,Experimental,PDB,Unknown,clean_9E8L,False
clean_7TMW.pdb,Experimental,PDB,Unknown,clean_7TMW,False
clean_3VV8.pdb,Experimental,PDB,Unknown,clean_3VV8,False
clean_6CAA.pdb,Experimental,PDB,Unknown,clean_6CAA,False
clean_2A07.pdb,Experimental,PDB,Unknown,clean_2A07,False
clean_7QK6.pdb,Experimental,PDB,Unknown,clean_7QK6,False
clean_6MYZ.pdb,Experimental,PDB,Unknown,clean_6MYZ,False
clean_4ZVU.pdb,Experimental,PDB,Unknown,clean_4ZVU,False
clean_2DIC.pdb,Experimental,PDB,Unknown,clean_2DIC,False
clean_6STI.pdb,Experimental,PDB,Unknown,clean_6STI,False
clean_7P3G.pdb,Experimental,PDB,Unknown,clean_7P3G,False
clean_7YNQ.pdb,Experimental,PDB,Unknown,clean_7YNQ,False
clean_5NSP.pdb,Experimental,PDB,Unknown,clean_5NSP,False
clean_4JDW.pdb,Experimental,PDB,Unknown,clean_4JDW,False
clean_4OS0.pdb,Experimental,PDB,Unknown,clean_4OS0,False
clean_5EMP.pdb,Experimental,PDB,Unknown,clean_5EMP,False
clean_1QCM.pdb,Experimental,PDB,Unknown,clean_1QCM,False
clean_6O4B.pdb,Experimental,PDB,Unknown,clean_6O4B,False
clean_7W5D.pdb,Experimental,PDB,Unknown,clean_7W5D,False
clean_9D67.pdb,Experimental,PDB,Unknown,clean_9D67,False
clean_5R69.pdb,Experimental,PDB,Unknown,clean_5R69,False
clean_8XQO.pdb,Experimental,PDB,Unknown,clean_8XQO,False
clean_8WDE.pdb,Experimental,PDB,Unknown,clean_8WDE,False
clean_8D7M.pdb,Experimental,PDB,Unknown,clean_8D7M,False
clean_7FSY.pdb,Experimental,PDB,Unknown,clean_7FSY,False
clean_6RTI.pdb,Experimental,PDB,Unknown,clean_6RTI,False
clean_3TT0.pdb,Experimental,PDB,Unknown,clean_3TT0,False
clean_8FD7.pdb,Experimental,PDB,Unknown,clean_8FD7,False
clean_7EW4.pdb,Experimental,PDB,Unknown,clean_7EW4,False
clean_2WWY.pdb,Experimental,PDB,Unknown,clean_2WWY,False
clean_4BU5.pdb,Experimental,PDB,Unknown,clean_4BU5,False
clean_4ZFC.pdb,Experimental,PDB,Unknown,clean_4ZFC,False
clean_1GNU.pdb,Experimental,PDB,Unknown,clean_1GNU,False
clean_9BWJ.pdb,Experimental,PDB,Unknown,clean_9BWJ,False
clean_5Y38.pdb,Experimental,PDB,Unknown,clean_5Y38,False
clean_5HSU.pdb,Experimental,PDB,Unknown,clean_5HSU,False
clean_8WC8.pdb,Experimental,PDB,Unknown,clean_8WC8,False
clean_4UHZ.pdb,Experimental,PDB,Unknown,clean_4UHZ,False
clean_7D2E.pdb,Experimental,PDB,Unknown,clean_7D2E,False
clean_3F6Q.pdb,Experimental,PDB,Unknown,clean_3F6Q,False
clean_7BYN.pdb,Experimental,PDB,Unknown,clean_7BYN,False
clean_3PRF.pdb,Experimental,PDB,Unknown,clean_3PRF,False
clean_9KNI.pdb,Experimental,PDB,Unknown,clean_9KNI,False
clean_4D08.pdb,Experimental,PDB,Unknown,clean_4D08,False
clean_4F45.pdb,Experimental,PDB,Unknown,clean_4F45,False
clean_4BC6.pdb,Experimental,PDB,Unknown,clean_4BC6,False
clean_6R9H.pdb,Experimental,PDB,Unknown,clean_6R9H,False
clean_8X53.pdb,Experimental,PDB,Unknown,clean_8X53,False
clean_1D0R.pdb,Experimental,PDB,Unknown,clean_1D0R,False
clean_4AVU.pdb,Experimental,PDB,Unknown,clean_4AVU,False
clean_8WVX.pdb,Experimental,PDB,Unknown,clean_8WVX,False
clean_8E99.pdb,Experimental,PDB,Unknown,clean_8E99,False
clean_4OE5.pdb,Experimental,PDB,Unknown,clean_4OE5,False
clean_1ZRZ.pdb,Experimental,PDB,Unknown,clean_1ZRZ,False
clean_8RBC.pdb,Experimental,PDB,Unknown,clean_8RBC,False
clean_5BNG.pdb,Experimental,PDB,Unknown,clean_5BNG,False
clean_2L9V.pdb,Experimental,PDB,Unknown,clean_2L9V,False
clean_8AZS.pdb,Experimental,PDB,Unknown,clean_8AZS,False
clean_2WF1.pdb,Experimental,PDB,Unknown,clean_2WF1,False
clean_1UEY.pdb,Experimental,PDB,Unknown,clean_1UEY,False
clean_2VSV.pdb,Experimental,PDB,Unknown,clean_2VSV,False
clean_6Q7G.pdb,Experimental,PDB,Unknown,clean_6Q7G,False
clean_5AOK.pdb,Experimental,PDB,Unknown,clean_5AOK,False
clean_4FRS.pdb,Experimental,PDB,Unknown,clean_4FRS,False
clean_4UDC.pdb,Experimental,PDB,Unknown,clean_4UDC,False
clean_5H15.pdb,Experimental,PDB,Unknown,clean_5H15,False
clean_2GGU.pdb,Experimental,PDB,Unknown,clean_2GGU,False
clean_7N76.pdb,Experimental,PDB,Unknown,clean_7N76,False
clean_7LBP.pdb,Experimental,PDB,Unknown,clean_7LBP,False
clean_8WCA.pdb,Experimental,PDB,Unknown,clean_8WCA,False
clean_6XOV.pdb,Experimental,PDB,Unknown,clean_6XOV,False
clean_7RG9.pdb,Experimental,PDB,Unknown,clean_7RG9,False
clean_1RWM.pdb,Experimental,PDB,Unknown,clean_1RWM,False
clean_5SHH.pdb,Experimental,PDB,Unknown,clean_5SHH,False
clean_8USB.pdb,Experimental,PDB,Unknown,clean_8USB,False
clean_6O4C.pdb,Experimental,PDB,Unknown,clean_6O4C,False
clean_3IGL.pdb,Experimental,PDB,Unknown,clean_3IGL,False
clean_5JH6.pdb,Experimental,PDB,Unknown,clean_5JH6,False
clean_2XB2.pdb,Experimental,PDB,Unknown,clean_2XB2,False
clean_9B4N.pdb,Experimental,PDB,Unknown,clean_9B4N,False
clean_3O3Q.pdb,Experimental,PDB,Unknown,clean_3O3Q,False
clean_6L3U.pdb,Experimental,PDB,Unknown,clean_6L3U,False
clean_6P3D.pdb,Experimental,PDB,Unknown,clean_6P3D,False
clean_2RIB.pdb,Experimental,PDB,Unknown,clean_2RIB,False
clean_7V5M.pdb,Experimental,PDB,Unknown,clean_7V5M,False
clean_8JEI.pdb,Experimental,PDB,Unknown,clean_8JEI,False
clean_7Q8V.pdb,Experimental,PDB,Unknown,clean_7Q8V,False
clean_5C4V.pdb,Experimental,PDB,Unknown,clean_5C4V,False
clean_9BP6.pdb,Experimental,PDB,Unknown,clean_9BP6,False
clean_8FFV.pdb,Experimental,PDB,Unknown,clean_8FFV,False
clean_8EFL.pdb,Experimental,PDB,Unknown,clean_8EFL,False
clean_5IP4.pdb,Experimental,PDB,Unknown,clean_5IP4,False
clean_8S5K.pdb,Experimental,PDB,Unknown,clean_8S5K,False
clean_6HKJ.pdb,Experimental,PDB,Unknown,clean_6HKJ,False
clean_5LS6.pdb,Experimental,PDB,Unknown,clean_5LS6,False
clean_8IJU.pdb,Experimental,PDB,Unknown,clean_8IJU,False
clean_4A0N.pdb,Experimental,PDB,Unknown,clean_4A0N,False
clean_4PWN.pdb,Experimental,PDB,Unknown,clean_4PWN,False
clean_4QU9.pdb,Experimental,PDB,Unknown,clean_4QU9,False
clean_1S1N.pdb,Experimental,PDB,Unknown,clean_1S1N,False
clean_4YQH.pdb,Experimental,PDB,Unknown,clean_4YQH,False
clean_5NWA.pdb,Experimental,PDB,Unknown,clean_5NWA,False
clean_5VV4.pdb,Experimental,PDB,Unknown,clean_5VV4,False
clean_8W8R.pdb,Experimental,PDB,Unknown,clean_8W8R,False
clean_8JU0.pdb,Experimental,PDB,Unknown,clean_8JU0,False
clean_5SGZ.pdb,Experimental,PDB,Unknown,clean_5SGZ,False
clean_7V0K.pdb,Experimental,PDB,Unknown,clean_7V0K,False
clean_2W3B.pdb,Experimental,PDB,Unknown,clean_2W3B,False
clean_2W8Q.pdb,Experimental,PDB,Unknown,clean_2W8Q,False
clean_8YN6.pdb,Experimental,PDB,Unknown,clean_8YN6,False
clean_7Z1G.pdb,Experimental,PDB,Unknown,clean_7Z1G,False
clean_2EEC.pdb,Experimental,PDB,Unknown,clean_2EEC,False
clean_5IDP.pdb,Experimental,PDB,Unknown,clean_5IDP,False
clean_5FN3.pdb,Experimental,PDB,Unknown,clean_5FN3,False
clean_6PEN.pdb,Experimental,PDB,Unknown,clean_6PEN,False
clean_8XGM.pdb,Experimental,PDB,Unknown,clean_8XGM,False
clean_5R4S.pdb,Experimental,PDB,Unknown,clean_5R4S,False
clean_8TZH.pdb,Experimental,PDB,Unknown,clean_8TZH,False
clean_4P4J.pdb,Experimental,PDB,Unknown,clean_4P4J,False
clean_2GPU.pdb,Experimental,PDB,Unknown,clean_2GPU,False
clean_8T2N.pdb,Experimental,PDB,Unknown,clean_8T2N,False
clean_5U7D.pdb,Experimental,PDB,Unknown,clean_5U7D,False
clean_3U8B.pdb,Experimental,PDB,Unknown,clean_3U8B,False
clean_4DJ9.pdb,Experimental,PDB,Unknown,clean_4DJ9,False
clean_2UW9.pdb,Experimental,PDB,Unknown,clean_2UW9,False
clean_4POJ.pdb,Experimental,PDB,Unknown,clean_4POJ,False
clean_1ANP.pdb,Experimental,PDB,Unknown,clean_1ANP,False
clean_2Q51.pdb,Experimental,PDB,Unknown,clean_2Q51,False
clean_8IUH.pdb,Experimental,PDB,Unknown,clean_8IUH,False
clean_4DBS.pdb,Experimental,PDB,Unknown,clean_4DBS,False
clean_8R3Y.pdb,Experimental,PDB,Unknown,clean_8R3Y,False
clean_7S3I.pdb,Experimental,PDB,Unknown,clean_7S3I,False
clean_1PY1.pdb,Experimental,PDB,Unknown,clean_1PY1,False
clean_3QO4.pdb,Experimental,PDB,Unknown,clean_3QO4,False
clean_7V97.pdb,Experimental,PDB,Unknown,clean_7V97,False
clean_7A2V.pdb,Experimental,PDB,Unknown,clean_7A2V,False
clean_6ME3.pdb,Experimental,PDB,Unknown,clean_6ME3,False
clean_8EWE.pdb,Experimental,PDB,Unknown,clean_8EWE,False
clean_6Y1D.pdb,Experimental,PDB,Unknown,clean_6Y1D,False
clean_1SHF.pdb,Experimental,PDB,Unknown,clean_1SHF,False
clean_8QEO.pdb,Experimental,PDB,Unknown,clean_8QEO,False
clean_7LCI.pdb,Experimental,PDB,Unknown,clean_7LCI,False
clean_4EEV.pdb,Experimental,PDB,Unknown,clean_4EEV,False
clean_5ICP.pdb,Experimental,PDB,Unknown,clean_5ICP,False
clean_3UQU.pdb,Experimental,PDB,Unknown,clean_3UQU,False
clean_4B00.pdb,Experimental,PDB,Unknown,clean_4B00,False
clean_6UMF.pdb,Experimental,PDB,Unknown,clean_6UMF,False
clean_7JM7.pdb,Experimental,PDB,Unknown,clean_7JM7,False
clean_4YDP.pdb,Experimental,PDB,Unknown,clean_4YDP,False
clean_7UF9.pdb,Experimental,PDB,Unknown,clean_7UF9,False
clean_4DIT.pdb,Experimental,PDB,Unknown,clean_4DIT,False
clean_7TUY.pdb,Experimental,PDB,Unknown,clean_7TUY,False
clean_1EMU.pdb,Experimental,PDB,Unknown,clean_1EMU,False
clean_2QMD.pdb,Experimental,PDB,Unknown,clean_2QMD,False
clean_9BWB.pdb,Experimental,PDB,Unknown,clean_9BWB,False
clean_8YN8.pdb,Experimental,PDB,Unknown,clean_8YN8,False
clean_9AVG.pdb,Experimental,PDB,Unknown,clean_9AVG,False
clean_8QT1.pdb,Experimental,PDB,Unknown,clean_8QT1,False
clean_4AHL.pdb,Experimental,PDB,Unknown,clean_4AHL,False
clean_5MTK.pdb,Experimental,PDB,Unknown,clean_5MTK,False
clean_4X96.pdb,Experimental,PDB,Unknown,clean_4X96,False
clean_2V9S.pdb,Experimental,PDB,Unknown,clean_2V9S,False
clean_8ZE8.pdb,Experimental,PDB,Unknown,clean_8ZE8,False
clean_7PNP.pdb,Experimental,PDB,Unknown,clean_7PNP,False
clean_4TJY.pdb,Experimental,PDB,Unknown,clean_4TJY,False
clean_5PX4.pdb,Experimental,PDB,Unknown,clean_5PX4,False
clean_5SIF.pdb,Experimental,PDB,Unknown,clean_5SIF,False
clean_8J1A.pdb,Experimental,PDB,Unknown,clean_8J1A,False
clean_8FYU.pdb,Experimental,PDB,Unknown,clean_8FYU,False
clean_5D7Q.pdb,Experimental,PDB,Unknown,clean_5D7Q,False
clean_3Q6U.pdb,Experimental,PDB,Unknown,clean_3Q6U,False
clean_4S15.pdb,Experimental,PDB,Unknown,clean_4S15,False
clean_3FF3.pdb,Experimental,PDB,Unknown,clean_3FF3,False
clean_1RDT.pdb,Experimental,PDB,Unknown,clean_1RDT,False
clean_6G5P.pdb,Experimental,PDB,Unknown,clean_6G5P,False
clean_7KPM.pdb,Experimental,PDB,Unknown,clean_7KPM,False
clean_6RU7.pdb,Experimental,PDB,Unknown,clean_6RU7,False
clean_7CRZ.pdb,Experimental,PDB,Unknown,clean_7CRZ,False
clean_6PXR.pdb,Experimental,PDB,Unknown,clean_6PXR,False
clean_5MCU.pdb,Experimental,PDB,Unknown,clean_5MCU,False
clean_5QCS.pdb,Experimental,PDB,Unknown,clean_5QCS,False
clean_7UKH.pdb,Experimental,PDB,Unknown,clean_7UKH,False
clean_6FI5.pdb,Experimental,PDB,Unknown,clean_6FI5,False
clean_5HT4.pdb,Experimental,PDB,Unknown,clean_5HT4,False
clean_4B7L.pdb,Experimental,PDB,Unknown,clean_4B7L,False
clean_4BUR.pdb,Experimental,PDB,Unknown,clean_4BUR,False
clean_4M6J.pdb,Experimental,PDB,Unknown,clean_4M6J,False
clean_8C7D.pdb,Experimental,PDB,Unknown,clean_8C7D,False
clean_3IGK.pdb,Experimental,PDB,Unknown,clean_3IGK,False
clean_7NXN.pdb,Experimental,PDB,Unknown,clean_7NXN,False
clean_5B4L.pdb,Experimental,PDB,Unknown,clean_5B4L,False
clean_5R4I.pdb,Experimental,PDB,Unknown,clean_5R4I,False
clean_5NG3.pdb,Experimental,PDB,Unknown,clean_5NG3,False
clean_4RM8.pdb,Experimental,PDB,Unknown,clean_4RM8,False
clean_8ZWI.pdb,Experimental,PDB,Unknown,clean_8ZWI,False
clean_2MVM.pdb,Experimental,PDB,Unknown,clean_2MVM,False
clean_8EYI.pdb,Experimental,PDB,Unknown,clean_8EYI,False
clean_9B1H.pdb,Experimental,PDB,Unknown,clean_9B1H,False
clean_6ZIS.pdb,Experimental,PDB,Unknown,clean_6ZIS,False
clean_6Q7E.pdb,Experimental,PDB,Unknown,clean_6Q7E,False
clean_4XUC.pdb,Experimental,PDB,Unknown,clean_4XUC,False
clean_9DN3.pdb,Experimental,PDB,Unknown,clean_9DN3,False
clean_6XBM.pdb,Experimental,PDB,Unknown,clean_6XBM,False
clean_2H54.pdb,Experimental,PDB,Unknown,clean_2H54,False
clean_7P6D.pdb,Experimental,PDB,Unknown,clean_7P6D,False
clean_7T3A.pdb,Experimental,PDB,Unknown,clean_7T3A,False
clean_3ZRK.pdb,Experimental,PDB,Unknown,clean_3ZRK,False
clean_8UMG.pdb,Experimental,PDB,Unknown,clean_8UMG,False
clean_2F6N.pdb,Experimental,PDB,Unknown,clean_2F6N,False
clean_6ZHO.pdb,Experimental,PDB,Unknown,clean_6ZHO,False
clean_5SJ2.pdb,Experimental,PDB,Unknown,clean_5SJ2,False
clean_3RHX.pdb,Experimental,PDB,Unknown,clean_3RHX,False
clean_7URA.pdb,Experimental,PDB,Unknown,clean_7URA,False
clean_5AWX.pdb,Experimental,PDB,Unknown,clean_5AWX,False
clean_5YRN.pdb,Experimental,PDB,Unknown,clean_5YRN,False
clean_9D3C.pdb,Experimental,PDB,Unknown,clean_9D3C,False
clean_7PG9.pdb,Experimental,PDB,Unknown,clean_7PG9,False
clean_1LV4.pdb,Experimental,PDB,Unknown,clean_1LV4,False
clean_5LF1.pdb,Experimental,PDB,Unknown,clean_5LF1,False
clean_8DC7.pdb,Experimental,PDB,Unknown,clean_8DC7,False
clean_8CV2.pdb,Experimental,PDB,Unknown,clean_8CV2,False
clean_6KNM.pdb,Experimental,PDB,Unknown,clean_6KNM,False
clean_7CZF.pdb,Experimental,PDB,Unknown,clean_7CZF,False
clean_1P4R.pdb,Experimental,PDB,Unknown,clean_1P4R,False
clean_9J8M.pdb,Experimental,PDB,Unknown,clean_9J8M,False
clean_6VI3.pdb,Experimental,PDB,Unknown,clean_6VI3,False
clean_8W4U.pdb,Experimental,PDB,Unknown,clean_8W4U,False
clean_8QN6.pdb,Experimental,PDB,Unknown,clean_8QN6,False
clean_4KEB.pdb,Experimental,PDB,Unknown,clean_4KEB,False
clean_6BZ9.pdb,Experimental,PDB,Unknown,clean_6BZ9,False
clean_1BH0.pdb,Experimental,PDB,Unknown,clean_1BH0,False
clean_8VO4.pdb,Experimental,PDB,Unknown,clean_8VO4,False
clean_5ONS.pdb,Experimental,PDB,Unknown,clean_5ONS,False
clean_4QEI.pdb,Experimental,PDB,Unknown,clean_4QEI,False
clean_1CVS.pdb,Experimental,PDB,Unknown,clean_1CVS,False
clean_3IBJ.pdb,Experimental,PDB,Unknown,clean_3IBJ,False
clean_1BMQ.pdb,Experimental,PDB,Unknown,clean_1BMQ,False
clean_3HHD.pdb,Experimental,PDB,Unknown,clean_3HHD,False
clean_1XA6.pdb,Experimental,PDB,Unknown,clean_1XA6,False
clean_9COS.pdb,Experimental,PDB,Unknown,clean_9COS,False
clean_1TAW.pdb,Experimental,PDB,Unknown,clean_1TAW,False
clean_6HYN.pdb,Experimental,PDB,Unknown,clean_6HYN,False
clean_5R4P.pdb,Experimental,PDB,Unknown,clean_5R4P,False
clean_8EPL.pdb,Experimental,PDB,Unknown,clean_8EPL,False
clean_8EWI.pdb,Experimental,PDB,Unknown,clean_8EWI,False
clean_5A2E.pdb,Experimental,PDB,Unknown,clean_5A2E,False
clean_8SPU.pdb,Experimental,PDB,Unknown,clean_8SPU,False
clean_9CSB.pdb,Experimental,PDB,Unknown,clean_9CSB,False
clean_4PNS.pdb,Experimental,PDB,Unknown,clean_4PNS,False
clean_5VEB.pdb,Experimental,PDB,Unknown,clean_5VEB,False
clean_7VUZ.pdb,Experimental,PDB,Unknown,clean_7VUZ,False
clean_5LI9.pdb,Experimental,PDB,Unknown,clean_5LI9,False
clean_5FI6.pdb,Experimental,PDB,Unknown,clean_5FI6,False
clean_6A94.pdb,Experimental,PDB,Unknown,clean_6A94,False
clean_1OR2.pdb,Experimental,PDB,Unknown,clean_1OR2,False
clean_7ZHN.pdb,Experimental,PDB,Unknown,clean_7ZHN,False
clean_4WRH.pdb,Experimental,PDB,Unknown,clean_4WRH,False
clean_6LHD.pdb,Experimental,PDB,Unknown,clean_6LHD,False
clean_5AR5.pdb,Experimental,PDB,Unknown,clean_5AR5,False
clean_6B9L.pdb,Experimental,PDB,Unknown,clean_6B9L,False
clean_3IKQ.pdb,Experimental,PDB,Unknown,clean_3IKQ,False
clean_5PY7.pdb,Experimental,PDB,Unknown,clean_5PY7,False
clean_6FDZ.pdb,Experimental,PDB,Unknown,clean_6FDZ,False
clean_2OHU.pdb,Experimental,PDB,Unknown,clean_2OHU,False
clean_3SUA.pdb,Experimental,PDB,Unknown,clean_3SUA,False
clean_8CZL.pdb,Experimental,PDB,Unknown,clean_8CZL,False
clean_5PWN.pdb,Experimental,PDB,Unknown,clean_5PWN,False
clean_3TS8.pdb,Experimental,PDB,Unknown,clean_3TS8,False
clean_7B2G.pdb,Experimental,PDB,Unknown,clean_7B2G,False
clean_5QH7.pdb,Experimental,PDB,Unknown,clean_5QH7,False
clean_6N19.pdb,Experimental,PDB,Unknown,clean_6N19,False
clean_1X11.pdb,Experimental,PDB,Unknown,clean_1X11,False
clean_6DJH.pdb,Experimental,PDB,Unknown,clean_6DJH,False
clean_3ZL7.pdb,Experimental,PDB,Unknown,clean_3ZL7,False
clean_4EGC.pdb,Experimental,PDB,Unknown,clean_4EGC,False
clean_8XZJ.pdb,Experimental,PDB,Unknown,clean_8XZJ,False
clean_6EMP.pdb,Experimental,PDB,Unknown,clean_6EMP,False
clean_2AGD.pdb,Experimental,PDB,Unknown,clean_2AGD,False
clean_6SI3.pdb,Experimental,PDB,Unknown,clean_6SI3,False
clean_6BQG.pdb,Experimental,PDB,Unknown,clean_6BQG,False
clean_5QGX.pdb,Experimental,PDB,Unknown,clean_5QGX,False
clean_5UI4.pdb,Experimental,PDB,Unknown,clean_5UI4,False
clean_5QH0.pdb,Experimental,PDB,Unknown,clean_5QH0,False
clean_3NXV.pdb,Experimental,PDB,Unknown,clean_3NXV,False
clean_2JDW.pdb,Experimental,PDB,Unknown,clean_2JDW,False
clean_4H1J.pdb,Experimental,PDB,Unknown,clean_4H1J,False
clean_4JPE.pdb,Experimental,PDB,Unknown,clean_4JPE,False
clean_5U8F.pdb,Experimental,PDB,Unknown,clean_5U8F,False
clean_6XRE.pdb,Experimental,PDB,Unknown,clean_6XRE,False
clean_5VA7.pdb,Experimental,PDB,Unknown,clean_5VA7,False
clean_9J0P.pdb,Experimental,PDB,Unknown,clean_9J0P,False
clean_1CQ0.pdb,Experimental,PDB,Unknown,clean_1CQ0,False
clean_3Q7L.pdb,Experimental,PDB,Unknown,clean_3Q7L,False
clean_5BRK.pdb,Experimental,PDB,Unknown,clean_5BRK,False
clean_2WWP.pdb,Experimental,PDB,Unknown,clean_2WWP,False
clean_8XQL.pdb,Experimental,PDB,Unknown,clean_8XQL,False
clean_2H42.pdb,Experimental,PDB,Unknown,clean_2H42,False
clean_8E1D.pdb,Experimental,PDB,Unknown,clean_8E1D,False
clean_2KNE.pdb,Experimental,PDB,Unknown,clean_2KNE,False
clean_7KVS.pdb,Experimental,PDB,Unknown,clean_7KVS,False
clean_6Q94.pdb,Experimental,PDB,Unknown,clean_6Q94,False
clean_3DDB.pdb,Experimental,PDB,Unknown,clean_3DDB,False
clean_4DUS.pdb,Experimental,PDB,Unknown,clean_4DUS,False
clean_6UK6.pdb,Experimental,PDB,Unknown,clean_6UK6,False
clean_4F5A.pdb,Experimental,PDB,Unknown,clean_4F5A,False
clean_2JE0.pdb,Experimental,PDB,Unknown,clean_2JE0,False
clean_1M4U.pdb,Experimental,PDB,Unknown,clean_1M4U,False
clean_6WPW.pdb,Experimental,PDB,Unknown,clean_6WPW,False
clean_2GT6.pdb,Experimental,PDB,Unknown,clean_2GT6,False
clean_5SGT.pdb,Experimental,PDB,Unknown,clean_5SGT,False
clean_8AZU.pdb,Experimental,PDB,Unknown,clean_8AZU,False
clean_2RQ9.pdb,Experimental,PDB,Unknown,clean_2RQ9,False
clean_9BC6.pdb,Experimental,PDB,Unknown,clean_9BC6,False
clean_8UHD.pdb,Experimental,PDB,Unknown,clean_8UHD,False
clean_4ZVO.pdb,Experimental,PDB,Unknown,clean_4ZVO,False
clean_6VQO.pdb,Experimental,PDB,Unknown,clean_6VQO,False
clean_7V3R.pdb,Experimental,PDB,Unknown,clean_7V3R,False
clean_7UFC.pdb,Experimental,PDB,Unknown,clean_7UFC,False
clean_7E8E.pdb,Experimental,PDB,Unknown,clean_7E8E,False
clean_7CKW.pdb,Experimental,PDB,Unknown,clean_7CKW,False
clean_5OTU.pdb,Experimental,PDB,Unknown,clean_5OTU,False
clean_4PHC.pdb,Experimental,PDB,Unknown,clean_4PHC,False
clean_7XN6.pdb,Experimental,PDB,Unknown,clean_7XN6,False
clean_8F9K.pdb,Experimental,PDB,Unknown,clean_8F9K,False
clean_8OR5.pdb,Experimental,PDB,Unknown,clean_8OR5,False
clean_7SJ4.pdb,Experimental,PDB,Unknown,clean_7SJ4,False
clean_5NG2.pdb,Experimental,PDB,Unknown,clean_5NG2,False
clean_8GNN.pdb,Experimental,PDB,Unknown,clean_8GNN,False
clean_8CYX.pdb,Experimental,PDB,Unknown,clean_8CYX,False
clean_6XR4.pdb,Experimental,PDB,Unknown,clean_6XR4,False
clean_4HLK.pdb,Experimental,PDB,Unknown,clean_4HLK,False
clean_7OY5.pdb,Experimental,PDB,Unknown,clean_7OY5,False
clean_5NK9.pdb,Experimental,PDB,Unknown,clean_5NK9,False
clean_1PMU.pdb,Experimental,PDB,Unknown,clean_1PMU,False
clean_8CSV.pdb,Experimental,PDB,Unknown,clean_8CSV,False
clean_5QD7.pdb,Experimental,PDB,Unknown,clean_5QD7,False
clean_3KY2.pdb,Experimental,PDB,Unknown,clean_3KY2,False
clean_8D0S.pdb,Experimental,PDB,Unknown,clean_8D0S,False
clean_9AVL.pdb,Experimental,PDB,Unknown,clean_9AVL,False
clean_3RU1.pdb,Experimental,PDB,Unknown,clean_3RU1,False
clean_6MQ3.pdb,Experimental,PDB,Unknown,clean_6MQ3,False
clean_1GUM.pdb,Experimental,PDB,Unknown,clean_1GUM,False
clean_8WZO.pdb,Experimental,PDB,Unknown,clean_8WZO,False
clean_4IE4.pdb,Experimental,PDB,Unknown,clean_4IE4,False
clean_5FBH.pdb,Experimental,PDB,Unknown,clean_5FBH,False
clean_2DQ7.pdb,Experimental,PDB,Unknown,clean_2DQ7,False
clean_8T31.pdb,Experimental,PDB,Unknown,clean_8T31,False
clean_8SV1.pdb,Experimental,PDB,Unknown,clean_8SV1,False
clean_8S9P.pdb,Experimental,PDB,Unknown,clean_8S9P,False
clean_3UYT.pdb,Experimental,PDB,Unknown,clean_3UYT,False
clean_6YSQ.pdb,Experimental,PDB,Unknown,clean_6YSQ,False
clean_8JPC.pdb,Experimental,PDB,Unknown,clean_8JPC,False
clean_1YCS.pdb,Experimental,PDB,Unknown,clean_1YCS,False
clean_4NM7.pdb,Experimental,PDB,Unknown,clean_4NM7,False
clean_5N4W.pdb,Experimental,PDB,Unknown,clean_5N4W,False
clean_6JLH.pdb,Experimental,PDB,Unknown,clean_6JLH,False
clean_8Q8D.pdb,Experimental,PDB,Unknown,clean_8Q8D,False
clean_4KGQ.pdb,Experimental,PDB,Unknown,clean_4KGQ,False
clean_6YEJ.pdb,Experimental,PDB,Unknown,clean_6YEJ,False
clean_3GM2.pdb,Experimental,PDB,Unknown,clean_3GM2,False
clean_7MIY.pdb,Experimental,PDB,Unknown,clean_7MIY,False
clean_5FS7.pdb,Experimental,PDB,Unknown,clean_5FS7,False
clean_3RFE.pdb,Experimental,PDB,Unknown,clean_3RFE,False
clean_4BUI.pdb,Experimental,PDB,Unknown,clean_4BUI,False
clean_4O7D.pdb,Experimental,PDB,Unknown,clean_4O7D,False
clean_5SWO.pdb,Experimental,PDB,Unknown,clean_5SWO,False
clean_4RJF.pdb,Experimental,PDB,Unknown,clean_4RJF,False
clean_3JZG.pdb,Experimental,PDB,Unknown,clean_3JZG,False
clean_7WVJ.pdb,Experimental,PDB,Unknown,clean_7WVJ,False
clean_5R4R.pdb,Experimental,PDB,Unknown,clean_5R4R,False
clean_8OWZ.pdb,Experimental,PDB,Unknown,clean_8OWZ,False
clean_7WU5.pdb,Experimental,PDB,Unknown,clean_7WU5,False
clean_5IA4.pdb,Experimental,PDB,Unknown,clean_5IA4,False
clean_8IC0.pdb,Experimental,PDB,Unknown,clean_8IC0,False
clean_4PDO.pdb,Experimental,PDB,Unknown,clean_4PDO,False
clean_5SHR.pdb,Experimental,PDB,Unknown,clean_5SHR,False
clean_5AY8.pdb,Experimental,PDB,Unknown,clean_5AY8,False
clean_6WOF.pdb,Experimental,PDB,Unknown,clean_6WOF,False
clean_4X2K.pdb,Experimental,PDB,Unknown,clean_4X2K,False
clean_2IWO.pdb,Experimental,PDB,Unknown,clean_2IWO,False
clean_3KRL.pdb,Experimental,PDB,Unknown,clean_3KRL,False
clean_4FAL.pdb,Experimental,PDB,Unknown,clean_4FAL,False
clean_5PYB.pdb,Experimental,PDB,Unknown,clean_5PYB,False
clean_6W0X.pdb,Experimental,PDB,Unknown,clean_6W0X,False
clean_8GBD.pdb,Experimental,PDB,Unknown,clean_8GBD,False
clean_7LT9.pdb,Experimental,PDB,Unknown,clean_7LT9,False
clean_3ZTC.pdb,Experimental,PDB,Unknown,clean_3ZTC,False
clean_5QD2.pdb,Experimental,PDB,Unknown,clean_5QD2,False
clean_6HEX.pdb,Experimental,PDB,Unknown,clean_6HEX,False
clean_3QI3.pdb,Experimental,PDB,Unknown,clean_3QI3,False
clean_5LWV.pdb,Experimental,PDB,Unknown,clean_5LWV,False
clean_5PWX.pdb,Experimental,PDB,Unknown,clean_5PWX,False
clean_3BRA.pdb,Experimental,PDB,Unknown,clean_3BRA,False
clean_1W0E.pdb,Experimental,PDB,Unknown,clean_1W0E,False
clean_2KHN.pdb,Experimental,PDB,Unknown,clean_2KHN,False
clean_7F24.pdb,Experimental,PDB,Unknown,clean_7F24,False
clean_6JT1.pdb,Experimental,PDB,Unknown,clean_6JT1,False
clean_6KE0.pdb,Experimental,PDB,Unknown,clean_6KE0,False
clean_6E3Y.pdb,Experimental,PDB,Unknown,clean_6E3Y,False
clean_2E9I.pdb,Experimental,PDB,Unknown,clean_2E9I,False
clean_8TZE.pdb,Experimental,PDB,Unknown,clean_8TZE,False
clean_3P95.pdb,Experimental,PDB,Unknown,clean_3P95,False
clean_8ZWJ.pdb,Experimental,PDB,Unknown,clean_8ZWJ,False
clean_5AR4.pdb,Experimental,PDB,Unknown,clean_5AR4,False
clean_7XMT.pdb,Experimental,PDB,Unknown,clean_7XMT,False
clean_9JE0.pdb,Experimental,PDB,Unknown,clean_9JE0,False
clean_7LHT.pdb,Experimental,PDB,Unknown,clean_7LHT,False
clean_8OTJ.pdb,Experimental,PDB,Unknown,clean_8OTJ,False
clean_4TMF.pdb,Experimental,PDB,Unknown,clean_4TMF,False
clean_8JRV.pdb,Experimental,PDB,Unknown,clean_8JRV,False
clean_4KG8.pdb,Experimental,PDB,Unknown,clean_4KG8,False
clean_7MTS.pdb,Experimental,PDB,Unknown,clean_7MTS,False
clean_5SEW.pdb,Experimental,PDB,Unknown,clean_5SEW,False
clean_8OMJ.pdb,Experimental,PDB,Unknown,clean_8OMJ,False
clean_8GF7.pdb,Experimental,PDB,Unknown,clean_8GF7,False
clean_7TYW.pdb,Experimental,PDB,Unknown,clean_7TYW,False
clean_7Y26.pdb,Experimental,PDB,Unknown,clean_7Y26,False
clean_2ANR.pdb,Experimental,PDB,Unknown,clean_2ANR,False
clean_4KQE.pdb,Experimental,PDB,Unknown,clean_4KQE,False
clean_6GQE.pdb,Experimental,PDB,Unknown,clean_6GQE,False
clean_7QJV.pdb,Experimental,PDB,Unknown,clean_7QJV,False
clean_7EI2.pdb,Experimental,PDB,Unknown,clean_7EI2,False
clean_3F22.pdb,Experimental,PDB,Unknown,clean_3F22,False
clean_1LVR.pdb,Experimental,PDB,Unknown,clean_1LVR,False
clean_7EO2.pdb,Experimental,PDB,Unknown,clean_7EO2,False
clean_7VGJ.pdb,Experimental,PDB,Unknown,clean_7VGJ,False
clean_7XVE.pdb,Experimental,PDB,Unknown,clean_7XVE,False
clean_5C7G.pdb,Experimental,PDB,Unknown,clean_5C7G,False
clean_4CNS.pdb,Experimental,PDB,Unknown,clean_4CNS,False
clean_7P65.pdb,Experimental,PDB,Unknown,clean_7P65,False
clean_5GJQ.pdb,Experimental,PDB,Unknown,clean_5GJQ,False
clean_5C9V.pdb,Experimental,PDB,Unknown,clean_5C9V,False
clean_1UOL.pdb,Experimental,PDB,Unknown,clean_1UOL,False
clean_1VD2.pdb,Experimental,PDB,Unknown,clean_1VD2,False
clean_5IE1.pdb,Experimental,PDB,Unknown,clean_5IE1,False
clean_5J18.pdb,Experimental,PDB,Unknown,clean_5J18,False
clean_6BQT.pdb,Experimental,PDB,Unknown,clean_6BQT,False
clean_6SGP.pdb,Experimental,PDB,Unknown,clean_6SGP,False
clean_5SH6.pdb,Experimental,PDB,Unknown,clean_5SH6,False
clean_8HIX.pdb,Experimental,PDB,Unknown,clean_8HIX,False
clean_4LJM.pdb,Experimental,PDB,Unknown,clean_4LJM,False
clean_5Z12.pdb,Experimental,PDB,Unknown,clean_5Z12,False
clean_8BOG.pdb,Experimental,PDB,Unknown,clean_8BOG,False
clean_9BL4.pdb,Experimental,PDB,Unknown,clean_9BL4,False
clean_3JWR.pdb,Experimental,PDB,Unknown,clean_3JWR,False
clean_8IQ6.pdb,Experimental,PDB,Unknown,clean_8IQ6,False
clean_7N71.pdb,Experimental,PDB,Unknown,clean_7N71,False
clean_6CAD.pdb,Experimental,PDB,Unknown,clean_6CAD,False
clean_8QT0.pdb,Experimental,PDB,Unknown,clean_8QT0,False
clean_2FJ4.pdb,Experimental,PDB,Unknown,clean_2FJ4,False
clean_7YNT.pdb,Experimental,PDB,Unknown,clean_7YNT,False
clean_5TJQ.pdb,Experimental,PDB,Unknown,clean_5TJQ,False
clean_1ANG.pdb,Experimental,PDB,Unknown,clean_1ANG,False
clean_4GG7.pdb,Experimental,PDB,Unknown,clean_4GG7,False
clean_4D83.pdb,Experimental,PDB,Unknown,clean_4D83,False
clean_5PX2.pdb,Experimental,PDB,Unknown,clean_5PX2,False
clean_8JGB.pdb,Experimental,PDB,Unknown,clean_8JGB,False
clean_6X9O.pdb,Experimental,PDB,Unknown,clean_6X9O,False
clean_8OV7.pdb,Experimental,PDB,Unknown,clean_8OV7,False
clean_2KBY.pdb,Experimental,PDB,Unknown,clean_2KBY,False
clean_5IH6.pdb,Experimental,PDB,Unknown,clean_5IH6,False
clean_8OTC.pdb,Experimental,PDB,Unknown,clean_8OTC,False
clean_5HVE.pdb,Experimental,PDB,Unknown,clean_5HVE,False
clean_8OT6.pdb,Experimental,PDB,Unknown,clean_8OT6,False
clean_7XN5.pdb,Experimental,PDB,Unknown,clean_7XN5,False
clean_4NY4.pdb,Experimental,PDB,Unknown,clean_4NY4,False
clean_5MMV.pdb,Experimental,PDB,Unknown,clean_5MMV,False
clean_2MUX.pdb,Experimental,PDB,Unknown,clean_2MUX,False
clean_6QJP.pdb,Experimental,PDB,Unknown,clean_6QJP,False
clean_6DAD.pdb,Experimental,PDB,Unknown,clean_6DAD,False
clean_5F59.pdb,Experimental,PDB,Unknown,clean_5F59,False
clean_6BDM.pdb,Experimental,PDB,Unknown,clean_6BDM,False
clean_5SK5.pdb,Experimental,PDB,Unknown,clean_5SK5,False
clean_5SG7.pdb,Experimental,PDB,Unknown,clean_5SG7,False
clean_1X45.pdb,Experimental,PDB,Unknown,clean_1X45,False
clean_8JJ6.pdb,Experimental,PDB,Unknown,clean_8JJ6,False
clean_5AUL.pdb,Experimental,PDB,Unknown,clean_5AUL,False
clean_1U39.pdb,Experimental,PDB,Unknown,clean_1U39,False
clean_1ZD1.pdb,Experimental,PDB,Unknown,clean_1ZD1,False
clean_2QG1.pdb,Experimental,PDB,Unknown,clean_2QG1,False
clean_6BFE.pdb,Experimental,PDB,Unknown,clean_6BFE,False
clean_2GTR.pdb,Experimental,PDB,Unknown,clean_2GTR,False
clean_8RPS.pdb,Experimental,PDB,Unknown,clean_8RPS,False
clean_4DDL.pdb,Experimental,PDB,Unknown,clean_4DDL,False
clean_4IA0.pdb,Experimental,PDB,Unknown,clean_4IA0,False
clean_7RM4.pdb,Experimental,PDB,Unknown,clean_7RM4,False
clean_5NVY.pdb,Experimental,PDB,Unknown,clean_5NVY,False
clean_7CKY.pdb,Experimental,PDB,Unknown,clean_7CKY,False
clean_4BV2.pdb,Experimental,PDB,Unknown,clean_4BV2,False
clean_6I5J.pdb,Experimental,PDB,Unknown,clean_6I5J,False
clean_6FMJ.pdb,Experimental,PDB,Unknown,clean_6FMJ,False
clean_5JIU.pdb,Experimental,PDB,Unknown,clean_5JIU,False
clean_5SIP.pdb,Experimental,PDB,Unknown,clean_5SIP,False
clean_7F55.pdb,Experimental,PDB,Unknown,clean_7F55,False
clean_5SK7.pdb,Experimental,PDB,Unknown,clean_5SK7,False
clean_7A2W.pdb,Experimental,PDB,Unknown,clean_7A2W,False
clean_2J1Y.pdb,Experimental,PDB,Unknown,clean_2J1Y,False
clean_1U62.pdb,Experimental,PDB,Unknown,clean_1U62,False
clean_7XZX.pdb,Experimental,PDB,Unknown,clean_7XZX,False
clean_7FJP.pdb,Experimental,PDB,Unknown,clean_7FJP,False
clean_6Y8B.pdb,Experimental,PDB,Unknown,clean_6Y8B,False
clean_7F5D.pdb,Experimental,PDB,Unknown,clean_7F5D,False
clean_7MYN.pdb,Experimental,PDB,Unknown,clean_7MYN,False
clean_5CBZ.pdb,Experimental,PDB,Unknown,clean_5CBZ,False
clean_6UJ0.pdb,Experimental,PDB,Unknown,clean_6UJ0,False
clean_4MZ3.pdb,Experimental,PDB,Unknown,clean_4MZ3,False
clean_4B72.pdb,Experimental,PDB,Unknown,clean_4B72,False
clean_4ACD.pdb,Experimental,PDB,Unknown,clean_4ACD,False
clean_4BM9.pdb,Experimental,PDB,Unknown,clean_4BM9,False
clean_6PZP.pdb,Experimental,PDB,Unknown,clean_6PZP,False
clean_8ET8.pdb,Experimental,PDB,Unknown,clean_8ET8,False
clean_7WZ4.pdb,Experimental,PDB,Unknown,clean_7WZ4,False
clean_8RNB.pdb,Experimental,PDB,Unknown,clean_8RNB,False
clean_7NE0.pdb,Experimental,PDB,Unknown,clean_7NE0,False
clean_5ED1.pdb,Experimental,PDB,Unknown,clean_5ED1,False
clean_4D78.pdb,Experimental,PDB,Unknown,clean_4D78,False
clean_2EZY.pdb,Experimental,PDB,Unknown,clean_2EZY,False
clean_3H3C.pdb,Experimental,PDB,Unknown,clean_3H3C,False
clean_5SET.pdb,Experimental,PDB,Unknown,clean_5SET,False
clean_1MZN.pdb,Experimental,PDB,Unknown,clean_1MZN,False
clean_1WSO.pdb,Experimental,PDB,Unknown,clean_1WSO,False
clean_1WMH.pdb,Experimental,PDB,Unknown,clean_1WMH,False
clean_8FLR.pdb,Experimental,PDB,Unknown,clean_8FLR,False
clean_4HL5.pdb,Experimental,PDB,Unknown,clean_4HL5,False
clean_6FBQ.pdb,Experimental,PDB,Unknown,clean_6FBQ,False
clean_5HQY.pdb,Experimental,PDB,Unknown,clean_5HQY,False
clean_4IAQ.pdb,Experimental,PDB,Unknown,clean_4IAQ,False
clean_1W9Q.pdb,Experimental,PDB,Unknown,clean_1W9Q,False
clean_7EJX.pdb,Experimental,PDB,Unknown,clean_7EJX,False
clean_3CQW.pdb,Experimental,PDB,Unknown,clean_3CQW,False
clean_8TCF.pdb,Experimental,PDB,Unknown,clean_8TCF,False
clean_6Y0A.pdb,Experimental,PDB,Unknown,clean_6Y0A,False
clean_5SHS.pdb,Experimental,PDB,Unknown,clean_5SHS,False
clean_7D58.pdb,Experimental,PDB,Unknown,clean_7D58,False
clean_4ORY.pdb,Experimental,PDB,Unknown,clean_4ORY,False
clean_4UI5.pdb,Experimental,PDB,Unknown,clean_4UI5,False
clean_3G83.pdb,Experimental,PDB,Unknown,clean_3G83,False
clean_2QZK.pdb,Experimental,PDB,Unknown,clean_2QZK,False
clean_8IJ0.pdb,Experimental,PDB,Unknown,clean_8IJ0,False
clean_8RN0.pdb,Experimental,PDB,Unknown,clean_8RN0,False
clean_8ENJ.pdb,Experimental,PDB,Unknown,clean_8ENJ,False
clean_4YJE.pdb,Experimental,PDB,Unknown,clean_4YJE,False
clean_5USQ.pdb,Experimental,PDB,Unknown,clean_5USQ,False
clean_4XAQ.pdb,Experimental,PDB,Unknown,clean_4XAQ,False
clean_7XI9.pdb,Experimental,PDB,Unknown,clean_7XI9,False
clean_3ZDI.pdb,Experimental,PDB,Unknown,clean_3ZDI,False
clean_3CQV.pdb,Experimental,PDB,Unknown,clean_3CQV,False
clean_8JCV.pdb,Experimental,PDB,Unknown,clean_8JCV,False
clean_2DNQ.pdb,Experimental,PDB,Unknown,clean_2DNQ,False
clean_4TRL.pdb,Experimental,PDB,Unknown,clean_4TRL,False
clean_8CYT.pdb,Experimental,PDB,Unknown,clean_8CYT,False
clean_1BOZ.pdb,Experimental,PDB,Unknown,clean_1BOZ,False
clean_1O4K.pdb,Experimental,PDB,Unknown,clean_1O4K,False
clean_3CWW.pdb,Experimental,PDB,Unknown,clean_3CWW,False
clean_5SG4.pdb,Experimental,PDB,Unknown,clean_5SG4,False
clean_1M8Z.pdb,Experimental,PDB,Unknown,clean_1M8Z,False
clean_8WU8.pdb,Experimental,PDB,Unknown,clean_8WU8,False
clean_9BRG.pdb,Experimental,PDB,Unknown,clean_9BRG,False
clean_8HZB.pdb,Experimental,PDB,Unknown,clean_8HZB,False
clean_5SI5.pdb,Experimental,PDB,Unknown,clean_5SI5,False
clean_4PCU.pdb,Experimental,PDB,Unknown,clean_4PCU,False
clean_1RWO.pdb,Experimental,PDB,Unknown,clean_1RWO,False
clean_8GG2.pdb,Experimental,PDB,Unknown,clean_8GG2,False
clean_8BI7.pdb,Experimental,PDB,Unknown,clean_8BI7,False
clean_8HVI.pdb,Experimental,PDB,Unknown,clean_8HVI,False
clean_2LRR.pdb,Experimental,PDB,Unknown,clean_2LRR,False
clean_2Z3Q.pdb,Experimental,PDB,Unknown,clean_2Z3Q,False
clean_6UJA.pdb,Experimental,PDB,Unknown,clean_6UJA,False
clean_3MHJ.pdb,Experimental,PDB,Unknown,clean_3MHJ,False
clean_2H48.pdb,Experimental,PDB,Unknown,clean_2H48,False
clean_8EI5.pdb,Experimental,PDB,Unknown,clean_8EI5,False
clean_4H39.pdb,Experimental,PDB,Unknown,clean_4H39,False
clean_8BJN.pdb,Experimental,PDB,Unknown,clean_8BJN,False
clean_7Y3L.pdb,Experimental,PDB,Unknown,clean_7Y3L,False
clean_1X40.pdb,Experimental,PDB,Unknown,clean_1X40,False
clean_5LGY.pdb,Experimental,PDB,Unknown,clean_5LGY,False
clean_4HOK.pdb,Experimental,PDB,Unknown,clean_4HOK,False
clean_4QJR.pdb,Experimental,PDB,Unknown,clean_4QJR,False
clean_3GEB.pdb,Experimental,PDB,Unknown,clean_3GEB,False
clean_8HTA.pdb,Experimental,PDB,Unknown,clean_8HTA,False
clean_6FEG.pdb,Experimental,PDB,Unknown,clean_6FEG,False
clean_6C1O.pdb,Experimental,PDB,Unknown,clean_6C1O,False
clean_5AM7.pdb,Experimental,PDB,Unknown,clean_5AM7,False
clean_2N4U.pdb,Experimental,PDB,Unknown,clean_2N4U,False
clean_6YM5.pdb,Experimental,PDB,Unknown,clean_6YM5,False
clean_7F8H.pdb,Experimental,PDB,Unknown,clean_7F8H,False
clean_5JGQ.pdb,Experimental,PDB,Unknown,clean_5JGQ,False
clean_8JCU.pdb,Experimental,PDB,Unknown,clean_8JCU,False
clean_8JD0.pdb,Experimental,PDB,Unknown,clean_8JD0,False
clean_2Q6B.pdb,Experimental,PDB,Unknown,clean_2Q6B,False
clean_1ZDT.pdb,Experimental,PDB,Unknown,clean_1ZDT,False
clean_6QVJ.pdb,Experimental,PDB,Unknown,clean_6QVJ,False
clean_8T89.pdb,Experimental,PDB,Unknown,clean_8T89,False
clean_5E6M.pdb,Experimental,PDB,Unknown,clean_5E6M,False
clean_5QIK.pdb,Experimental,PDB,Unknown,clean_5QIK,False
clean_3TTJ.pdb,Experimental,PDB,Unknown,clean_3TTJ,False
clean_5AFW.pdb,Experimental,PDB,Unknown,clean_5AFW,False
clean_7EYC.pdb,Experimental,PDB,Unknown,clean_7EYC,False
clean_8FLT.pdb,Experimental,PDB,Unknown,clean_8FLT,False
clean_7KSI.pdb,Experimental,PDB,Unknown,clean_7KSI,False
clean_4Y32.pdb,Experimental,PDB,Unknown,clean_4Y32,False
clean_2D7M.pdb,Experimental,PDB,Unknown,clean_2D7M,False
clean_7YON.pdb,Experimental,PDB,Unknown,clean_7YON,False
clean_2KK0.pdb,Experimental,PDB,Unknown,clean_2KK0,False
clean_7JFY.pdb,Experimental,PDB,Unknown,clean_7JFY,False
clean_8HW4.pdb,Experimental,PDB,Unknown,clean_8HW4,False
clean_8Y2Q.pdb,Experimental,PDB,Unknown,clean_8Y2Q,False
clean_2IY0.pdb,Experimental,PDB,Unknown,clean_2IY0,False
clean_4AJF.pdb,Experimental,PDB,Unknown,clean_4AJF,False
clean_4XDL.pdb,Experimental,PDB,Unknown,clean_4XDL,False
clean_8C07.pdb,Experimental,PDB,Unknown,clean_8C07,False
clean_6ZR5.pdb,Experimental,PDB,Unknown,clean_6ZR5,False
clean_8BJG.pdb,Experimental,PDB,Unknown,clean_8BJG,False
clean_6GYO.pdb,Experimental,PDB,Unknown,clean_6GYO,False
clean_9EM1.pdb,Experimental,PDB,Unknown,clean_9EM1,False
clean_5EPZ.pdb,Experimental,PDB,Unknown,clean_5EPZ,False
clean_5MYC.pdb,Experimental,PDB,Unknown,clean_5MYC,False
clean_5SIJ.pdb,Experimental,PDB,Unknown,clean_5SIJ,False
clean_7SJL.pdb,Experimental,PDB,Unknown,clean_7SJL,False
clean_8TLZ.pdb,Experimental,PDB,Unknown,clean_8TLZ,False
clean_6WIV.pdb,Experimental,PDB,Unknown,clean_6WIV,False
clean_7DHZ.pdb,Experimental,PDB,Unknown,clean_7DHZ,False
clean_5A1P.pdb,Experimental,PDB,Unknown,clean_5A1P,False
clean_6D06.pdb,Experimental,PDB,Unknown,clean_6D06,False
clean_2CJX.pdb,Experimental,PDB,Unknown,clean_2CJX,False
clean_5UAB.pdb,Experimental,PDB,Unknown,clean_5UAB,False
clean_8BDT.pdb,Experimental,PDB,Unknown,clean_8BDT,False
clean_2N4T.pdb,Experimental,PDB,Unknown,clean_2N4T,False
clean_5FIT.pdb,Experimental,PDB,Unknown,clean_5FIT,False
clean_5IBR.pdb,Experimental,PDB,Unknown,clean_5IBR,False
clean_4BSM.pdb,Experimental,PDB,Unknown,clean_4BSM,False
clean_5PXN.pdb,Experimental,PDB,Unknown,clean_5PXN,False
clean_8XVL.pdb,Experimental,PDB,Unknown,clean_8XVL,False
clean_8J76.pdb,Experimental,PDB,Unknown,clean_8J76,False
clean_7W6N.pdb,Experimental,PDB,Unknown,clean_7W6N,False
clean_7Z6L.pdb,Experimental,PDB,Unknown,clean_7Z6L,False
clean_1M27.pdb,Experimental,PDB,Unknown,clean_1M27,False
clean_5SF1.pdb,Experimental,PDB,Unknown,clean_5SF1,False
clean_3JWQ.pdb,Experimental,PDB,Unknown,clean_3JWQ,False
clean_3FGM.pdb,Experimental,PDB,Unknown,clean_3FGM,False
clean_5CSJ.pdb,Experimental,PDB,Unknown,clean_5CSJ,False
clean_5U7I.pdb,Experimental,PDB,Unknown,clean_5U7I,False
clean_4LM1.pdb,Experimental,PDB,Unknown,clean_4LM1,False
clean_8H9S.pdb,Experimental,PDB,Unknown,clean_8H9S,False
clean_5F01.pdb,Experimental,PDB,Unknown,clean_5F01,False
clean_8BOF.pdb,Experimental,PDB,Unknown,clean_8BOF,False
clean_6C0V.pdb,Experimental,PDB,Unknown,clean_6C0V,False
clean_4LOF.pdb,Experimental,PDB,Unknown,clean_4LOF,False
clean_6N4B.pdb,Experimental,PDB,Unknown,clean_6N4B,False
clean_5QQM.pdb,Experimental,PDB,Unknown,clean_5QQM,False
clean_1WA7.pdb,Experimental,PDB,Unknown,clean_1WA7,False
clean_6RBC.pdb,Experimental,PDB,Unknown,clean_6RBC,False
clean_5LFY.pdb,Experimental,PDB,Unknown,clean_5LFY,False
clean_5ABD.pdb,Experimental,PDB,Unknown,clean_5ABD,False
clean_3YGS.pdb,Experimental,PDB,Unknown,clean_3YGS,False
clean_6L3T.pdb,Experimental,PDB,Unknown,clean_6L3T,False
clean_7KXT.pdb,Experimental,PDB,Unknown,clean_7KXT,False
clean_5PYQ.pdb,Experimental,PDB,Unknown,clean_5PYQ,False
clean_5SI4.pdb,Experimental,PDB,Unknown,clean_5SI4,False
clean_5SKJ.pdb,Experimental,PDB,Unknown,clean_5SKJ,False
clean_7P0F.pdb,Experimental,PDB,Unknown,clean_7P0F,False
clean_8G87.pdb,Experimental,PDB,Unknown,clean_8G87,False
clean_4G2Y.pdb,Experimental,PDB,Unknown,clean_4G2Y,False
clean_8JD3.pdb,Experimental,PDB,Unknown,clean_8JD3,False
clean_5IN7.pdb,Experimental,PDB,Unknown,clean_5IN7,False
clean_1PHT.pdb,Experimental,PDB,Unknown,clean_1PHT,False
clean_7VPK.pdb,Experimental,PDB,Unknown,clean_7VPK,False
clean_5PXM.pdb,Experimental,PDB,Unknown,clean_5PXM,False
clean_8AU5.pdb,Experimental,PDB,Unknown,clean_8AU5,False
clean_5PZ0.pdb,Experimental,PDB,Unknown,clean_5PZ0,False
clean_8XPZ.pdb,Experimental,PDB,Unknown,clean_8XPZ,False
clean_2WIM.pdb,Experimental,PDB,Unknown,clean_2WIM,False
clean_8VH5.pdb,Experimental,PDB,Unknown,clean_8VH5,False
clean_7T10.pdb,Experimental,PDB,Unknown,clean_7T10,False
clean_2MZ7.pdb,Experimental,PDB,Unknown,clean_2MZ7,False
clean_5GJI.pdb,Experimental,PDB,Unknown,clean_5GJI,False
clean_8XX3.pdb,Experimental,PDB,Unknown,clean_8XX3,False
clean_4KNG.pdb,Experimental,PDB,Unknown,clean_4KNG,False
clean_7B43.pdb,Experimental,PDB,Unknown,clean_7B43,False
clean_2JLL.pdb,Experimental,PDB,Unknown,clean_2JLL,False
clean_8TF9.pdb,Experimental,PDB,Unknown,clean_8TF9,False
clean_7FT7.pdb,Experimental,PDB,Unknown,clean_7FT7,False
clean_6UNT.pdb,Experimental,PDB,Unknown,clean_6UNT,False
clean_3WSX.pdb,Experimental,PDB,Unknown,clean_3WSX,False
clean_6JB6.pdb,Experimental,PDB,Unknown,clean_6JB6,False
clean_8ZSV.pdb,Experimental,PDB,Unknown,clean_8ZSV,False
clean_1AML.pdb,Experimental,PDB,Unknown,clean_1AML,False
clean_2Z5T.pdb,Experimental,PDB,Unknown,clean_2Z5T,False
clean_2VIE.pdb,Experimental,PDB,Unknown,clean_2VIE,False
clean_5ZUO.pdb,Experimental,PDB,Unknown,clean_5ZUO,False
clean_7U0Z.pdb,Experimental,PDB,Unknown,clean_7U0Z,False
clean_7QY7.pdb,Experimental,PDB,Unknown,clean_7QY7,False
clean_1ZL8.pdb,Experimental,PDB,Unknown,clean_1ZL8,False
clean_7BHF.pdb,Experimental,PDB,Unknown,clean_7BHF,False
clean_3UEH.pdb,Experimental,PDB,Unknown,clean_3UEH,False
clean_8WFJ.pdb,Experimental,PDB,Unknown,clean_8WFJ,False
clean_8X85.pdb,Experimental,PDB,Unknown,clean_8X85,False
clean_6JSG.pdb,Experimental,PDB,Unknown,clean_6JSG,False
clean_8EJC.pdb,Experimental,PDB,Unknown,clean_8EJC,False
clean_8ZCJ.pdb,Experimental,PDB,Unknown,clean_8ZCJ,False
clean_6AW3.pdb,Experimental,PDB,Unknown,clean_6AW3,False
clean_4YEQ.pdb,Experimental,PDB,Unknown,clean_4YEQ,False
clean_7YGI.pdb,Experimental,PDB,Unknown,clean_7YGI,False
clean_6JSN.pdb,Experimental,PDB,Unknown,clean_6JSN,False
clean_8CM9.pdb,Experimental,PDB,Unknown,clean_8CM9,False
clean_8UNZ.pdb,Experimental,PDB,Unknown,clean_8UNZ,False
clean_5SEN.pdb,Experimental,PDB,Unknown,clean_5SEN,False
clean_3CGF.pdb,Experimental,PDB,Unknown,clean_3CGF,False
clean_3VOY.pdb,Experimental,PDB,Unknown,clean_3VOY,False
clean_5XJR.pdb,Experimental,PDB,Unknown,clean_5XJR,False
clean_5NK4.pdb,Experimental,PDB,Unknown,clean_5NK4,False
clean_7ZH6.pdb,Experimental,PDB,Unknown,clean_7ZH6,False
clean_5JI0.pdb,Experimental,PDB,Unknown,clean_5JI0,False
clean_3MF0.pdb,Experimental,PDB,Unknown,clean_3MF0,False
clean_8YY8.pdb,Experimental,PDB,Unknown,clean_8YY8,False
clean_6PHO.pdb,Experimental,PDB,Unknown,clean_6PHO,False
clean_5SIV.pdb,Experimental,PDB,Unknown,clean_5SIV,False
clean_4FG7.pdb,Experimental,PDB,Unknown,clean_4FG7,False
clean_4M6K.pdb,Experimental,PDB,Unknown,clean_4M6K,False
clean_5IO9.pdb,Experimental,PDB,Unknown,clean_5IO9,False
clean_4BTJ.pdb,Experimental,PDB,Unknown,clean_4BTJ,False
clean_8Q9K.pdb,Experimental,PDB,Unknown,clean_8Q9K,False
clean_2G3Y.pdb,Experimental,PDB,Unknown,clean_2G3Y,False
clean_4EHA.pdb,Experimental,PDB,Unknown,clean_4EHA,False
clean_8PA0.pdb,Experimental,PDB,Unknown,clean_8PA0,False
clean_6DUW.pdb,Experimental,PDB,Unknown,clean_6DUW,False
clean_7Q8W.pdb,Experimental,PDB,Unknown,clean_7Q8W,False
clean_3UA1.pdb,Experimental,PDB,Unknown,clean_3UA1,False
clean_8UNX.pdb,Experimental,PDB,Unknown,clean_8UNX,False
clean_8D7N.pdb,Experimental,PDB,Unknown,clean_8D7N,False
clean_8WHL.pdb,Experimental,PDB,Unknown,clean_8WHL,False
clean_8GT9.pdb,Experimental,PDB,Unknown,clean_8GT9,False
clean_8W15.pdb,Experimental,PDB,Unknown,clean_8W15,False
clean_6WM2.pdb,Experimental,PDB,Unknown,clean_6WM2,False
clean_6KZG.pdb,Experimental,PDB,Unknown,clean_6KZG,False
clean_2HBR.pdb,Experimental,PDB,Unknown,clean_2HBR,False
clean_8J6Q.pdb,Experimental,PDB,Unknown,clean_8J6Q,False
clean_2H65.pdb,Experimental,PDB,Unknown,clean_2H65,False
clean_4QUJ.pdb,Experimental,PDB,Unknown,clean_4QUJ,False
clean_7SK4.pdb,Experimental,PDB,Unknown,clean_7SK4,False
clean_3LLI.pdb,Experimental,PDB,Unknown,clean_3LLI,False
clean_5TUD.pdb,Experimental,PDB,Unknown,clean_5TUD,False
clean_1SAE.pdb,Experimental,PDB,Unknown,clean_1SAE,False
clean_4HTJ.pdb,Experimental,PDB,Unknown,clean_4HTJ,False
clean_6JT4.pdb,Experimental,PDB,Unknown,clean_6JT4,False
clean_8Q8R.pdb,Experimental,PDB,Unknown,clean_8Q8R,False
clean_5VVT.pdb,Experimental,PDB,Unknown,clean_5VVT,False
clean_2ZDT.pdb,Experimental,PDB,Unknown,clean_2ZDT,False
clean_1VJB.pdb,Experimental,PDB,Unknown,clean_1VJB,False
clean_7U15.pdb,Experimental,PDB,Unknown,clean_7U15,False
clean_5SEH.pdb,Experimental,PDB,Unknown,clean_5SEH,False
clean_8IMA.pdb,Experimental,PDB,Unknown,clean_8IMA,False
clean_8SEH.pdb,Experimental,PDB,Unknown,clean_8SEH,False
clean_5DCP.pdb,Experimental,PDB,Unknown,clean_5DCP,False
clean_8YN5.pdb,Experimental,PDB,Unknown,clean_8YN5,False
clean_5T1U.pdb,Experimental,PDB,Unknown,clean_5T1U,False
clean_2OHT.pdb,Experimental,PDB,Unknown,clean_2OHT,False
clean_8SS3.pdb,Experimental,PDB,Unknown,clean_8SS3,False
clean_7A2O.pdb,Experimental,PDB,Unknown,clean_7A2O,False
clean_1FCK.pdb,Experimental,PDB,Unknown,clean_1FCK,False
clean_8D0Q.pdb,Experimental,PDB,Unknown,clean_8D0Q,False
clean_6DU2.pdb,Experimental,PDB,Unknown,clean_6DU2,False
clean_7RSI.pdb,Experimental,PDB,Unknown,clean_7RSI,False
clean_8E5A.pdb,Experimental,PDB,Unknown,clean_8E5A,False
clean_8K8J.pdb,Experimental,PDB,Unknown,clean_8K8J,False
clean_7NRX.pdb,Experimental,PDB,Unknown,clean_7NRX,False
clean_1ZVM.pdb,Experimental,PDB,Unknown,clean_1ZVM,False
clean_1U38.pdb,Experimental,PDB,Unknown,clean_1U38,False
clean_8IUK.pdb,Experimental,PDB,Unknown,clean_8IUK,False
clean_8CIE.pdb,Experimental,PDB,Unknown,clean_8CIE,False
clean_4Y5H.pdb,Experimental,PDB,Unknown,clean_4Y5H,False
clean_5QGJ.pdb,Experimental,PDB,Unknown,clean_5QGJ,False
clean_4LM2.pdb,Experimental,PDB,Unknown,clean_4LM2,False
clean_7TRG.pdb,Experimental,PDB,Unknown,clean_7TRG,False
clean_4BS4.pdb,Experimental,PDB,Unknown,clean_4BS4,False
clean_3NMX.pdb,Experimental,PDB,Unknown,clean_3NMX,False
clean_5DXU.pdb,Experimental,PDB,Unknown,clean_5DXU,False
clean_5FRI.pdb,Experimental,PDB,Unknown,clean_5FRI,False
clean_2YSQ.pdb,Experimental,PDB,Unknown,clean_2YSQ,False
clean_2KIS.pdb,Experimental,PDB,Unknown,clean_2KIS,False
clean_6D8Z.pdb,Experimental,PDB,Unknown,clean_6D8Z,False
clean_6MCP.pdb,Experimental,PDB,Unknown,clean_6MCP,False
clean_7Q2J.pdb,Experimental,PDB,Unknown,clean_7Q2J,False
clean_4IVM.pdb,Experimental,PDB,Unknown,clean_4IVM,False
clean_8WE7.pdb,Experimental,PDB,Unknown,clean_8WE7,False
clean_8DDX.pdb,Experimental,PDB,Unknown,clean_8DDX,False
clean_5IAS.pdb,Experimental,PDB,Unknown,clean_5IAS,False
clean_8EMW.pdb,Experimental,PDB,Unknown,clean_8EMW,False
clean_4LLJ.pdb,Experimental,PDB,Unknown,clean_4LLJ,False
clean_2Y2A.pdb,Experimental,PDB,Unknown,clean_2Y2A,False
clean_2FKL.pdb,Experimental,PDB,Unknown,clean_2FKL,False
clean_3A8X.pdb,Experimental,PDB,Unknown,clean_3A8X,False
clean_3RGF.pdb,Experimental,PDB,Unknown,clean_3RGF,False
clean_8EWN.pdb,Experimental,PDB,Unknown,clean_8EWN,False
clean_2CSF.pdb,Experimental,PDB,Unknown,clean_2CSF,False
clean_5LSA.pdb,Experimental,PDB,Unknown,clean_5LSA,False
clean_8BLU.pdb,Experimental,PDB,Unknown,clean_8BLU,False
clean_8E97.pdb,Experimental,PDB,Unknown,clean_8E97,False
clean_2K05.pdb,Experimental,PDB,Unknown,clean_2K05,False
clean_2QQN.pdb,Experimental,PDB,Unknown,clean_2QQN,False
clean_2R0W.pdb,Experimental,PDB,Unknown,clean_2R0W,False
clean_8OOV.pdb,Experimental,PDB,Unknown,clean_8OOV,False
clean_1YNW.pdb,Experimental,PDB,Unknown,clean_1YNW,False
clean_3O2Y.pdb,Experimental,PDB,Unknown,clean_3O2Y,False
clean_3F23.pdb,Experimental,PDB,Unknown,clean_3F23,False
clean_3U8D.pdb,Experimental,PDB,Unknown,clean_3U8D,False
clean_2RIA.pdb,Experimental,PDB,Unknown,clean_2RIA,False
clean_5NK5.pdb,Experimental,PDB,Unknown,clean_5NK5,False
clean_4E4X.pdb,Experimental,PDB,Unknown,clean_4E4X,False
clean_6GDG.pdb,Experimental,PDB,Unknown,clean_6GDG,False
clean_1O4E.pdb,Experimental,PDB,Unknown,clean_1O4E,False
clean_6XLO.pdb,Experimental,PDB,Unknown,clean_6XLO,False
clean_1YK1.pdb,Experimental,PDB,Unknown,clean_1YK1,False
clean_8DZS.pdb,Experimental,PDB,Unknown,clean_8DZS,False
clean_7XY6.pdb,Experimental,PDB,Unknown,clean_7XY6,False
clean_5GGG.pdb,Experimental,PDB,Unknown,clean_5GGG,False
clean_2D7O.pdb,Experimental,PDB,Unknown,clean_2D7O,False
clean_8JQI.pdb,Experimental,PDB,Unknown,clean_8JQI,False
clean_4QMM.pdb,Experimental,PDB,Unknown,clean_4QMM,False
clean_4GYY.pdb,Experimental,PDB,Unknown,clean_4GYY,False
clean_7S4G.pdb,Experimental,PDB,Unknown,clean_7S4G,False
clean_6YIF.pdb,Experimental,PDB,Unknown,clean_6YIF,False
clean_4DJV.pdb,Experimental,PDB,Unknown,clean_4DJV,False
clean_4NGT.pdb,Experimental,PDB,Unknown,clean_4NGT,False
clean_5SE9.pdb,Experimental,PDB,Unknown,clean_5SE9,False
clean_1MB8.pdb,Experimental,PDB,Unknown,clean_1MB8,False
clean_1MQ1.pdb,Experimental,PDB,Unknown,clean_1MQ1,False
clean_3L1S.pdb,Experimental,PDB,Unknown,clean_3L1S,False
clean_4KSQ.pdb,Experimental,PDB,Unknown,clean_4KSQ,False
clean_8D0W.pdb,Experimental,PDB,Unknown,clean_8D0W,False
clean_4K11.pdb,Experimental,PDB,Unknown,clean_4K11,False
clean_4B36.pdb,Experimental,PDB,Unknown,clean_4B36,False
clean_4CRL.pdb,Experimental,PDB,Unknown,clean_4CRL,False
clean_5M9P.pdb,Experimental,PDB,Unknown,clean_5M9P,False
clean_7VDM.pdb,Experimental,PDB,Unknown,clean_7VDM,False
clean_4L10.pdb,Experimental,PDB,Unknown,clean_4L10,False
clean_1XFD.pdb,Experimental,PDB,Unknown,clean_1XFD,False
clean_3QVB.pdb,Experimental,PDB,Unknown,clean_3QVB,False
clean_2P0A.pdb,Experimental,PDB,Unknown,clean_2P0A,False
clean_4LC7.pdb,Experimental,PDB,Unknown,clean_4LC7,False
clean_8FUF.pdb,Experimental,PDB,Unknown,clean_8FUF,False
clean_4HLF.pdb,Experimental,PDB,Unknown,clean_4HLF,False
clean_9H5J.pdb,Experimental,PDB,Unknown,clean_9H5J,False
clean_5E69.pdb,Experimental,PDB,Unknown,clean_5E69,False
clean_3UVL.pdb,Experimental,PDB,Unknown,clean_3UVL,False
clean_3BSQ.pdb,Experimental,PDB,Unknown,clean_3BSQ,False
clean_6A93.pdb,Experimental,PDB,Unknown,clean_6A93,False
clean_7SRR.pdb,Experimental,PDB,Unknown,clean_7SRR,False
clean_5SK3.pdb,Experimental,PDB,Unknown,clean_5SK3,False
clean_6O4K.pdb,Experimental,PDB,Unknown,clean_6O4K,False
clean_8DGZ.pdb,Experimental,PDB,Unknown,clean_8DGZ,False
clean_1YPO.pdb,Experimental,PDB,Unknown,clean_1YPO,False
clean_3TAD.pdb,Experimental,PDB,Unknown,clean_3TAD,False
clean_5W5J.pdb,Experimental,PDB,Unknown,clean_5W5J,False
clean_6YHX.pdb,Experimental,PDB,Unknown,clean_6YHX,False
clean_6OJE.pdb,Experimental,PDB,Unknown,clean_6OJE,False
clean_5CBX.pdb,Experimental,PDB,Unknown,clean_5CBX,False
clean_8SZG.pdb,Experimental,PDB,Unknown,clean_8SZG,False
clean_7B2P.pdb,Experimental,PDB,Unknown,clean_7B2P,False
clean_6DDA.pdb,Experimental,PDB,Unknown,clean_6DDA,False
clean_2QK5.pdb,Experimental,PDB,Unknown,clean_2QK5,False
clean_7QN9.pdb,Experimental,PDB,Unknown,clean_7QN9,False
clean_7P7G.pdb,Experimental,PDB,Unknown,clean_7P7G,False
clean_7D68.pdb,Experimental,PDB,Unknown,clean_7D68,False
clean_6ZNC.pdb,Experimental,PDB,Unknown,clean_6ZNC,False
clean_4LQD.pdb,Experimental,PDB,Unknown,clean_4LQD,False
clean_4MRM.pdb,Experimental,PDB,Unknown,clean_4MRM,False
clean_4UVY.pdb,Experimental,PDB,Unknown,clean_4UVY,False
clean_6DIM.pdb,Experimental,PDB,Unknown,clean_6DIM,False
clean_4P1R.pdb,Experimental,PDB,Unknown,clean_4P1R,False
clean_5QQN.pdb,Experimental,PDB,Unknown,clean_5QQN,False
clean_4CRU.pdb,Experimental,PDB,Unknown,clean_4CRU,False
clean_8T8R.pdb,Experimental,PDB,Unknown,clean_8T8R,False
clean_8Y52.pdb,Experimental,PDB,Unknown,clean_8Y52,False
clean_1MK2.pdb,Experimental,PDB,Unknown,clean_1MK2,False
clean_5YKI.pdb,Experimental,PDB,Unknown,clean_5YKI,False
clean_4OBO.pdb,Experimental,PDB,Unknown,clean_4OBO,False
clean_5HGV.pdb,Experimental,PDB,Unknown,clean_5HGV,False
clean_6XYO.pdb,Experimental,PDB,Unknown,clean_6XYO,False
clean_5V6U.pdb,Experimental,PDB,Unknown,clean_5V6U,False
clean_4MZ2.pdb,Experimental,PDB,Unknown,clean_4MZ2,False
clean_3KEX.pdb,Experimental,PDB,Unknown,clean_3KEX,False
clean_1AW0.pdb,Experimental,PDB,Unknown,clean_1AW0,False
clean_4YS7.pdb,Experimental,PDB,Unknown,clean_4YS7,False
clean_6JT3.pdb,Experimental,PDB,Unknown,clean_6JT3,False
clean_5GJF.pdb,Experimental,PDB,Unknown,clean_5GJF,False
clean_5QGW.pdb,Experimental,PDB,Unknown,clean_5QGW,False
clean_9E8J.pdb,Experimental,PDB,Unknown,clean_9E8J,False
clean_5EDH.pdb,Experimental,PDB,Unknown,clean_5EDH,False
clean_1XV4.pdb,Experimental,PDB,Unknown,clean_1XV4,False
clean_4J8S.pdb,Experimental,PDB,Unknown,clean_4J8S,False
clean_2E5P.pdb,Experimental,PDB,Unknown,clean_2E5P,False
clean_7ZR5.pdb,Experimental,PDB,Unknown,clean_7ZR5,False
clean_1KVJ.pdb,Experimental,PDB,Unknown,clean_1KVJ,False
clean_2JAI.pdb,Experimental,PDB,Unknown,clean_2JAI,False
clean_6VJM.pdb,Experimental,PDB,Unknown,clean_6VJM,False
clean_3Q1I.pdb,Experimental,PDB,Unknown,clean_3Q1I,False
clean_2VA6.pdb,Experimental,PDB,Unknown,clean_2VA6,False
clean_2VZ5.pdb,Experimental,PDB,Unknown,clean_2VZ5,False
clean_9CZO.pdb,Experimental,PDB,Unknown,clean_9CZO,False
clean_4U1P.pdb,Experimental,PDB,Unknown,clean_4U1P,False
clean_6XDS.pdb,Experimental,PDB,Unknown,clean_6XDS,False
clean_6LB6.pdb,Experimental,PDB,Unknown,clean_6LB6,False
clean_3D1N.pdb,Experimental,PDB,Unknown,clean_3D1N,False
clean_5SK0.pdb,Experimental,PDB,Unknown,clean_5SK0,False
clean_5C2H.pdb,Experimental,PDB,Unknown,clean_5C2H,False
clean_8GFX.pdb,Experimental,PDB,Unknown,clean_8GFX,False
clean_8ZWM.pdb,Experimental,PDB,Unknown,clean_8ZWM,False
clean_5QGZ.pdb,Experimental,PDB,Unknown,clean_5QGZ,False
clean_8AZT.pdb,Experimental,PDB,Unknown,clean_8AZT,False
clean_6GMN.pdb,Experimental,PDB,Unknown,clean_6GMN,False
clean_7SIL.pdb,Experimental,PDB,Unknown,clean_7SIL,False
clean_1B8M.pdb,Experimental,PDB,Unknown,clean_1B8M,False
clean_5SEF.pdb,Experimental,PDB,Unknown,clean_5SEF,False
clean_1Y57.pdb,Experimental,PDB,Unknown,clean_1Y57,False
clean_5SXD.pdb,Experimental,PDB,Unknown,clean_5SXD,False
clean_1AYP.pdb,Experimental,PDB,Unknown,clean_1AYP,False
clean_5CNI.pdb,Experimental,PDB,Unknown,clean_5CNI,False
clean_4U40.pdb,Experimental,PDB,Unknown,clean_4U40,False
clean_6UZK.pdb,Experimental,PDB,Unknown,clean_6UZK,False
clean_6UMW.pdb,Experimental,PDB,Unknown,clean_6UMW,False
clean_3SJG.pdb,Experimental,PDB,Unknown,clean_3SJG,False
clean_2H2D.pdb,Experimental,PDB,Unknown,clean_2H2D,False
clean_8IM7.pdb,Experimental,PDB,Unknown,clean_8IM7,False
clean_5UYU.pdb,Experimental,PDB,Unknown,clean_5UYU,False
clean_2G49.pdb,Experimental,PDB,Unknown,clean_2G49,False
clean_6AW0.pdb,Experimental,PDB,Unknown,clean_6AW0,False
clean_4BUY.pdb,Experimental,PDB,Unknown,clean_4BUY,False
clean_9D3A.pdb,Experimental,PDB,Unknown,clean_9D3A,False
clean_8JRI.pdb,Experimental,PDB,Unknown,clean_8JRI,False
clean_2DJ7.pdb,Experimental,PDB,Unknown,clean_2DJ7,False
clean_2HCT.pdb,Experimental,PDB,Unknown,clean_2HCT,False
clean_1K5U.pdb,Experimental,PDB,Unknown,clean_1K5U,False
clean_8YIC.pdb,Experimental,PDB,Unknown,clean_8YIC,False
clean_8AFI.pdb,Experimental,PDB,Unknown,clean_8AFI,False
clean_1O4H.pdb,Experimental,PDB,Unknown,clean_1O4H,False
clean_3A4O.pdb,Experimental,PDB,Unknown,clean_3A4O,False
clean_5EOP.pdb,Experimental,PDB,Unknown,clean_5EOP,False
clean_7KQ0.pdb,Experimental,PDB,Unknown,clean_7KQ0,False
clean_8OU2.pdb,Experimental,PDB,Unknown,clean_8OU2,False
clean_5IB3.pdb,Experimental,PDB,Unknown,clean_5IB3,False
clean_6LR4.pdb,Experimental,PDB,Unknown,clean_6LR4,False
clean_9DA1.pdb,Experimental,PDB,Unknown,clean_9DA1,False
clean_7D8T.pdb,Experimental,PDB,Unknown,clean_7D8T,False
clean_5BXO.pdb,Experimental,PDB,Unknown,clean_5BXO,False
clean_7EIF.pdb,Experimental,PDB,Unknown,clean_7EIF,False
clean_6NG7.pdb,Experimental,PDB,Unknown,clean_6NG7,False
clean_2JDR.pdb,Experimental,PDB,Unknown,clean_2JDR,False
clean_6EWO.pdb,Experimental,PDB,Unknown,clean_6EWO,False
clean_3NR8.pdb,Experimental,PDB,Unknown,clean_3NR8,False
clean_8Q8C.pdb,Experimental,PDB,Unknown,clean_8Q8C,False
clean_1F1J.pdb,Experimental,PDB,Unknown,clean_1F1J,False
clean_5JK3.pdb,Experimental,PDB,Unknown,clean_5JK3,False
clean_3HVG.pdb,Experimental,PDB,Unknown,clean_3HVG,False
clean_7N74.pdb,Experimental,PDB,Unknown,clean_7N74,False
clean_8T3V.pdb,Experimental,PDB,Unknown,clean_8T3V,False
clean_8EXB.pdb,Experimental,PDB,Unknown,clean_8EXB,False
clean_6K71.pdb,Experimental,PDB,Unknown,clean_6K71,False
clean_3VP1.pdb,Experimental,PDB,Unknown,clean_3VP1,False
clean_3GI2.pdb,Experimental,PDB,Unknown,clean_3GI2,False
clean_1CA0.pdb,Experimental,PDB,Unknown,clean_1CA0,False
clean_6QF4.pdb,Experimental,PDB,Unknown,clean_6QF4,False
clean_8QTU.pdb,Experimental,PDB,Unknown,clean_8QTU,False
clean_7Q13.pdb,Experimental,PDB,Unknown,clean_7Q13,False
clean_1QWP.pdb,Experimental,PDB,Unknown,clean_1QWP,False
clean_5O3O.pdb,Experimental,PDB,Unknown,clean_5O3O,False
clean_4N73.pdb,Experimental,PDB,Unknown,clean_4N73,False
clean_3FJ8.pdb,Experimental,PDB,Unknown,clean_3FJ8,False
clean_3P8E.pdb,Experimental,PDB,Unknown,clean_3P8E,False
clean_8XX7.pdb,Experimental,PDB,Unknown,clean_8XX7,False
clean_9EZO.pdb,Experimental,PDB,Unknown,clean_9EZO,False
clean_2EDP.pdb,Experimental,PDB,Unknown,clean_2EDP,False
clean_8GGE.pdb,Experimental,PDB,Unknown,clean_8GGE,False
clean_6LN6.pdb,Experimental,PDB,Unknown,clean_6LN6,False
clean_6UL7.pdb,Experimental,PDB,Unknown,clean_6UL7,False
clean_5IH4.pdb,Experimental,PDB,Unknown,clean_5IH4,False
clean_8ALY.pdb,Experimental,PDB,Unknown,clean_8ALY,False
clean_6O81.pdb,Experimental,PDB,Unknown,clean_6O81,False
clean_5SII.pdb,Experimental,PDB,Unknown,clean_5SII,False
clean_5PZB.pdb,Experimental,PDB,Unknown,clean_5PZB,False
clean_2E73.pdb,Experimental,PDB,Unknown,clean_2E73,False
clean_5PYR.pdb,Experimental,PDB,Unknown,clean_5PYR,False
clean_1GO9.pdb,Experimental,PDB,Unknown,clean_1GO9,False
clean_5I2R.pdb,Experimental,PDB,Unknown,clean_5I2R,False
clean_3GXL.pdb,Experimental,PDB,Unknown,clean_3GXL,False
clean_5PZ5.pdb,Experimental,PDB,Unknown,clean_5PZ5,False
clean_8T7V.pdb,Experimental,PDB,Unknown,clean_8T7V,False
clean_7KL0.pdb,Experimental,PDB,Unknown,clean_7KL0,False
clean_7Q0B.pdb,Experimental,PDB,Unknown,clean_7Q0B,False
clean_6A5Z.pdb,Experimental,PDB,Unknown,clean_6A5Z,False
clean_3R8G.pdb,Experimental,PDB,Unknown,clean_3R8G,False
clean_8OT3.pdb,Experimental,PDB,Unknown,clean_8OT3,False
clean_7CJB.pdb,Experimental,PDB,Unknown,clean_7CJB,False
clean_4J0V.pdb,Experimental,PDB,Unknown,clean_4J0V,False
clean_4J15.pdb,Experimental,PDB,Unknown,clean_4J15,False
clean_2P33.pdb,Experimental,PDB,Unknown,clean_2P33,False
clean_6GMQ.pdb,Experimental,PDB,Unknown,clean_6GMQ,False
clean_8GCR.pdb,Experimental,PDB,Unknown,clean_8GCR,False
clean_2C2V.pdb,Experimental,PDB,Unknown,clean_2C2V,False
clean_1LCF.pdb,Experimental,PDB,Unknown,clean_1LCF,False
clean_2V7C.pdb,Experimental,PDB,Unknown,clean_2V7C,False
clean_6PO7.pdb,Experimental,PDB,Unknown,clean_6PO7,False
clean_9EO9.pdb,Experimental,PDB,Unknown,clean_9EO9,False
clean_8W8A.pdb,Experimental,PDB,Unknown,clean_8W8A,False
clean_2IUH.pdb,Experimental,PDB,Unknown,clean_2IUH,False
clean_6EMO.pdb,Experimental,PDB,Unknown,clean_6EMO,False
clean_6XAG.pdb,Experimental,PDB,Unknown,clean_6XAG,False
clean_4O27.pdb,Experimental,PDB,Unknown,clean_4O27,False
clean_3PDY.pdb,Experimental,PDB,Unknown,clean_3PDY,False
clean_5VCC.pdb,Experimental,PDB,Unknown,clean_5VCC,False
clean_7B2M.pdb,Experimental,PDB,Unknown,clean_7B2M,False
clean_5IAE.pdb,Experimental,PDB,Unknown,clean_5IAE,False
clean_3Q7G.pdb,Experimental,PDB,Unknown,clean_3Q7G,False
clean_8VSZ.pdb,Experimental,PDB,Unknown,clean_8VSZ,False
clean_5SHK.pdb,Experimental,PDB,Unknown,clean_5SHK,False
clean_4Y6Q.pdb,Experimental,PDB,Unknown,clean_4Y6Q,False
clean_8P3J.pdb,Experimental,PDB,Unknown,clean_8P3J,False
clean_3EDR.pdb,Experimental,PDB,Unknown,clean_3EDR,False
clean_8G59.pdb,Experimental,PDB,Unknown,clean_8G59,False
clean_8IQ4.pdb,Experimental,PDB,Unknown,clean_8IQ4,False
clean_3KMY.pdb,Experimental,PDB,Unknown,clean_3KMY,False
clean_4EHD.pdb,Experimental,PDB,Unknown,clean_4EHD,False
clean_2WA5.pdb,Experimental,PDB,Unknown,clean_2WA5,False
clean_2LMN.pdb,Experimental,PDB,Unknown,clean_2LMN,False
clean_6KZE.pdb,Experimental,PDB,Unknown,clean_6KZE,False
clean_2B4J.pdb,Experimental,PDB,Unknown,clean_2B4J,False
clean_8I9A.pdb,Experimental,PDB,Unknown,clean_8I9A,False
clean_5SHW.pdb,Experimental,PDB,Unknown,clean_5SHW,False
clean_6VRN.pdb,Experimental,PDB,Unknown,clean_6VRN,False
clean_4L23.pdb,Experimental,PDB,Unknown,clean_4L23,False
clean_8HQ1.pdb,Experimental,PDB,Unknown,clean_8HQ1,False
clean_4E0M.pdb,Experimental,PDB,Unknown,clean_4E0M,False
clean_4RN5.pdb,Experimental,PDB,Unknown,clean_4RN5,False
clean_3FZR.pdb,Experimental,PDB,Unknown,clean_3FZR,False
clean_2GQL.pdb,Experimental,PDB,Unknown,clean_2GQL,False
clean_7VGX.pdb,Experimental,PDB,Unknown,clean_7VGX,False
clean_4I0E.pdb,Experimental,PDB,Unknown,clean_4I0E,False
clean_7A2N.pdb,Experimental,PDB,Unknown,clean_7A2N,False
clean_1SRQ.pdb,Experimental,PDB,Unknown,clean_1SRQ,False
clean_7NA7.pdb,Experimental,PDB,Unknown,clean_7NA7,False
clean_5M32.pdb,Experimental,PDB,Unknown,clean_5M32,False
clean_5MCO.pdb,Experimental,PDB,Unknown,clean_5MCO,False
clean_9HHW.pdb,Experimental,PDB,Unknown,clean_9HHW,False
clean_7WR4.pdb,Experimental,PDB,Unknown,clean_7WR4,False
clean_2YRN.pdb,Experimental,PDB,Unknown,clean_2YRN,False
clean_8F7W.pdb,Experimental,PDB,Unknown,clean_8F7W,False
clean_7XB7.pdb,Experimental,PDB,Unknown,clean_7XB7,False
clean_4EE3.pdb,Experimental,PDB,Unknown,clean_4EE3,False
clean_7F29.pdb,Experimental,PDB,Unknown,clean_7F29,False
clean_7SFC.pdb,Experimental,PDB,Unknown,clean_7SFC,False
clean_6LN9.pdb,Experimental,PDB,Unknown,clean_6LN9,False
clean_8B9V.pdb,Experimental,PDB,Unknown,clean_8B9V,False
clean_2KDK.pdb,Experimental,PDB,Unknown,clean_2KDK,False
clean_4QFD.pdb,Experimental,PDB,Unknown,clean_4QFD,False
clean_7Y1T.pdb,Experimental,PDB,Unknown,clean_7Y1T,False
clean_4G69.pdb,Experimental,PDB,Unknown,clean_4G69,False
clean_8QZZ.pdb,Experimental,PDB,Unknown,clean_8QZZ,False
clean_7DUQ.pdb,Experimental,PDB,Unknown,clean_7DUQ,False
clean_4R8Y.pdb,Experimental,PDB,Unknown,clean_4R8Y,False
clean_7E6T.pdb,Experimental,PDB,Unknown,clean_7E6T,False
clean_4AY6.pdb,Experimental,PDB,Unknown,clean_4AY6,False
clean_8P5H.pdb,Experimental,PDB,Unknown,clean_8P5H,False
clean_2W8N.pdb,Experimental,PDB,Unknown,clean_2W8N,False
clean_7T11.pdb,Experimental,PDB,Unknown,clean_7T11,False
clean_6OD4.pdb,Experimental,PDB,Unknown,clean_6OD4,False
clean_2GQM.pdb,Experimental,PDB,Unknown,clean_2GQM,False
clean_6Q0T.pdb,Experimental,PDB,Unknown,clean_6Q0T,False
clean_4F6W.pdb,Experimental,PDB,Unknown,clean_4F6W,False
clean_7KVP.pdb,Experimental,PDB,Unknown,clean_7KVP,False
clean_8QP8.pdb,Experimental,PDB,Unknown,clean_8QP8,False
clean_3K3E.pdb,Experimental,PDB,Unknown,clean_3K3E,False
clean_8IUM.pdb,Experimental,PDB,Unknown,clean_8IUM,False
clean_5SF3.pdb,Experimental,PDB,Unknown,clean_5SF3,False
clean_3ZHP.pdb,Experimental,PDB,Unknown,clean_3ZHP,False
clean_6RV4.pdb,Experimental,PDB,Unknown,clean_6RV4,False
clean_3BQD.pdb,Experimental,PDB,Unknown,clean_3BQD,False
clean_7LC9.pdb,Experimental,PDB,Unknown,clean_7LC9,False
clean_3K26.pdb,Experimental,PDB,Unknown,clean_3K26,False
clean_7VGY.pdb,Experimental,PDB,Unknown,clean_7VGY,False
clean_8IFO.pdb,Experimental,PDB,Unknown,clean_8IFO,False
clean_3Q27.pdb,Experimental,PDB,Unknown,clean_3Q27,False
clean_4JQZ.pdb,Experimental,PDB,Unknown,clean_4JQZ,False
clean_4COO.pdb,Experimental,PDB,Unknown,clean_4COO,False
clean_5SIO.pdb,Experimental,PDB,Unknown,clean_5SIO,False
clean_8D0R.pdb,Experimental,PDB,Unknown,clean_8D0R,False
clean_7WFY.pdb,Experimental,PDB,Unknown,clean_7WFY,False
clean_5U62.pdb,Experimental,PDB,Unknown,clean_5U62,False
clean_4AY5.pdb,Experimental,PDB,Unknown,clean_4AY5,False
clean_6RV2.pdb,Experimental,PDB,Unknown,clean_6RV2,False
clean_3BAG.pdb,Experimental,PDB,Unknown,clean_3BAG,False
clean_3G3E.pdb,Experimental,PDB,Unknown,clean_3G3E,False
clean_6FBW.pdb,Experimental,PDB,Unknown,clean_6FBW,False
clean_6PNC.pdb,Experimental,PDB,Unknown,clean_6PNC,False
clean_5IJ8.pdb,Experimental,PDB,Unknown,clean_5IJ8,False
clean_2ZMF.pdb,Experimental,PDB,Unknown,clean_2ZMF,False
clean_6D67.pdb,Experimental,PDB,Unknown,clean_6D67,False
clean_4KR2.pdb,Experimental,PDB,Unknown,clean_4KR2,False
clean_2P7G.pdb,Experimental,PDB,Unknown,clean_2P7G,False
clean_4DEH.pdb,Experimental,PDB,Unknown,clean_4DEH,False
clean_5HBH.pdb,Experimental,PDB,Unknown,clean_5HBH,False
clean_3MP3.pdb,Experimental,PDB,Unknown,clean_3MP3,False
clean_5PWQ.pdb,Experimental,PDB,Unknown,clean_5PWQ,False
clean_7CFO.pdb,Experimental,PDB,Unknown,clean_7CFO,False
clean_8UYQ.pdb,Experimental,PDB,Unknown,clean_8UYQ,False
clean_6HOK.pdb,Experimental,PDB,Unknown,clean_6HOK,False
clean_2KE1.pdb,Experimental,PDB,Unknown,clean_2KE1,False
clean_8S5I.pdb,Experimental,PDB,Unknown,clean_8S5I,False
clean_3NXX.pdb,Experimental,PDB,Unknown,clean_3NXX,False
clean_2D8X.pdb,Experimental,PDB,Unknown,clean_2D8X,False
clean_5SKV.pdb,Experimental,PDB,Unknown,clean_5SKV,False
clean_6POC.pdb,Experimental,PDB,Unknown,clean_6POC,False
clean_7WR1.pdb,Experimental,PDB,Unknown,clean_7WR1,False
clean_2J10.pdb,Experimental,PDB,Unknown,clean_2J10,False
clean_8J6L.pdb,Experimental,PDB,Unknown,clean_8J6L,False
clean_3CZU.pdb,Experimental,PDB,Unknown,clean_3CZU,False
clean_6GFX.pdb,Experimental,PDB,Unknown,clean_6GFX,False
clean_5VA0.pdb,Experimental,PDB,Unknown,clean_5VA0,False
clean_5QCV.pdb,Experimental,PDB,Unknown,clean_5QCV,False
clean_8SO1.pdb,Experimental,PDB,Unknown,clean_8SO1,False
clean_8GVJ.pdb,Experimental,PDB,Unknown,clean_8GVJ,False
clean_5Y30.pdb,Experimental,PDB,Unknown,clean_5Y30,False
clean_6V2P.pdb,Experimental,PDB,Unknown,clean_6V2P,False
clean_2GD3.pdb,Experimental,PDB,Unknown,clean_2GD3,False
clean_8VNX.pdb,Experimental,PDB,Unknown,clean_8VNX,False
clean_6USD.pdb,Experimental,PDB,Unknown,clean_6USD,False
clean_8CVY.pdb,Experimental,PDB,Unknown,clean_8CVY,False
clean_2K7B.pdb,Experimental,PDB,Unknown,clean_2K7B,False
clean_4UI0.pdb,Experimental,PDB,Unknown,clean_4UI0,False
clean_7F3F.pdb,Experimental,PDB,Unknown,clean_7F3F,False
clean_8OTF.pdb,Experimental,PDB,Unknown,clean_8OTF,False
clean_5Z0S.pdb,Experimental,PDB,Unknown,clean_5Z0S,False
clean_8IW1.pdb,Experimental,PDB,Unknown,clean_8IW1,False
clean_6V65.pdb,Experimental,PDB,Unknown,clean_6V65,False
clean_7N77.pdb,Experimental,PDB,Unknown,clean_7N77,False
clean_3L5F.pdb,Experimental,PDB,Unknown,clean_3L5F,False
clean_9C1P.pdb,Experimental,PDB,Unknown,clean_9C1P,False
clean_5O5R.pdb,Experimental,PDB,Unknown,clean_5O5R,False
clean_9C5S.pdb,Experimental,PDB,Unknown,clean_9C5S,False
clean_3WU0.pdb,Experimental,PDB,Unknown,clean_3WU0,False
clean_7MT1.pdb,Experimental,PDB,Unknown,clean_7MT1,False
clean_4CRW.pdb,Experimental,PDB,Unknown,clean_4CRW,False
clean_2B8L.pdb,Experimental,PDB,Unknown,clean_2B8L,False
clean_3T0O.pdb,Experimental,PDB,Unknown,clean_3T0O,False
clean_9CD7.pdb,Experimental,PDB,Unknown,clean_9CD7,False
clean_1F3H.pdb,Experimental,PDB,Unknown,clean_1F3H,False
clean_4N68.pdb,Experimental,PDB,Unknown,clean_4N68,False
clean_7YSH.pdb,Experimental,PDB,Unknown,clean_7YSH,False
clean_6RKF.pdb,Experimental,PDB,Unknown,clean_6RKF,False
clean_3FIA.pdb,Experimental,PDB,Unknown,clean_3FIA,False
clean_8Y6B.pdb,Experimental,PDB,Unknown,clean_8Y6B,False
clean_9BWC.pdb,Experimental,PDB,Unknown,clean_9BWC,False
clean_1JJX.pdb,Experimental,PDB,Unknown,clean_1JJX,False
clean_3P0P.pdb,Experimental,PDB,Unknown,clean_3P0P,False
clean_8AAK.pdb,Experimental,PDB,Unknown,clean_8AAK,False
clean_1KVO.pdb,Experimental,PDB,Unknown,clean_1KVO,False
clean_9D3B.pdb,Experimental,PDB,Unknown,clean_9D3B,False
clean_1GZH.pdb,Experimental,PDB,Unknown,clean_1GZH,False
clean_8QZ9.pdb,Experimental,PDB,Unknown,clean_8QZ9,False
clean_5SF4.pdb,Experimental,PDB,Unknown,clean_5SF4,False
clean_7YDH.pdb,Experimental,PDB,Unknown,clean_7YDH,False
clean_7LRK.pdb,Experimental,PDB,Unknown,clean_7LRK,False
clean_4RRO.pdb,Experimental,PDB,Unknown,clean_4RRO,False
clean_2ATA.pdb,Experimental,PDB,Unknown,clean_2ATA,False
clean_4MS3.pdb,Experimental,PDB,Unknown,clean_4MS3,False
clean_3LLK.pdb,Experimental,PDB,Unknown,clean_3LLK,False
clean_6XOX.pdb,Experimental,PDB,Unknown,clean_6XOX,False
clean_4D89.pdb,Experimental,PDB,Unknown,clean_4D89,False
clean_8FGJ.pdb,Experimental,PDB,Unknown,clean_8FGJ,False
clean_7PER.pdb,Experimental,PDB,Unknown,clean_7PER,False
clean_8EDL.pdb,Experimental,PDB,Unknown,clean_8EDL,False
clean_6T90.pdb,Experimental,PDB,Unknown,clean_6T90,False
clean_4ZO1.pdb,Experimental,PDB,Unknown,clean_4ZO1,False
clean_8EMX.pdb,Experimental,PDB,Unknown,clean_8EMX,False
clean_6I5N.pdb,Experimental,PDB,Unknown,clean_6I5N,False
clean_7XTY.pdb,Experimental,PDB,Unknown,clean_7XTY,False
clean_6ZPG.pdb,Experimental,PDB,Unknown,clean_6ZPG,False
clean_8JTS.pdb,Experimental,PDB,Unknown,clean_8JTS,False
clean_5QHC.pdb,Experimental,PDB,Unknown,clean_5QHC,False
clean_8R3X.pdb,Experimental,PDB,Unknown,clean_8R3X,False
clean_8CYW.pdb,Experimental,PDB,Unknown,clean_8CYW,False
clean_5QQG.pdb,Experimental,PDB,Unknown,clean_5QQG,False
clean_9EOE.pdb,Experimental,PDB,Unknown,clean_9EOE,False
clean_6BFX.pdb,Experimental,PDB,Unknown,clean_6BFX,False
clean_7F0J.pdb,Experimental,PDB,Unknown,clean_7F0J,False
clean_8C13.pdb,Experimental,PDB,Unknown,clean_8C13,False
clean_3E50.pdb,Experimental,PDB,Unknown,clean_3E50,False
clean_5B7V.pdb,Experimental,PDB,Unknown,clean_5B7V,False
clean_1I51.pdb,Experimental,PDB,Unknown,clean_1I51,False
clean_3IND.pdb,Experimental,PDB,Unknown,clean_3IND,False
clean_2ARF.pdb,Experimental,PDB,Unknown,clean_2ARF,False
clean_4ZNX.pdb,Experimental,PDB,Unknown,clean_4ZNX,False
clean_6OIJ.pdb,Experimental,PDB,Unknown,clean_6OIJ,False
clean_5SJL.pdb,Experimental,PDB,Unknown,clean_5SJL,False
clean_4UVZ.pdb,Experimental,PDB,Unknown,clean_4UVZ,False
clean_4ORR.pdb,Experimental,PDB,Unknown,clean_4ORR,False
clean_2H4W.pdb,Experimental,PDB,Unknown,clean_2H4W,False
clean_7XUO.pdb,Experimental,PDB,Unknown,clean_7XUO,False
clean_7F9Z.pdb,Experimental,PDB,Unknown,clean_7F9Z,False
clean_7TYY.pdb,Experimental,PDB,Unknown,clean_7TYY,False
clean_6GGA.pdb,Experimental,PDB,Unknown,clean_6GGA,False
clean_5WY9.pdb,Experimental,PDB,Unknown,clean_5WY9,False
clean_8OTE.pdb,Experimental,PDB,Unknown,clean_8OTE,False
clean_5LHD.pdb,Experimental,PDB,Unknown,clean_5LHD,False
clean_4XJS.pdb,Experimental,PDB,Unknown,clean_4XJS,False
clean_4D88.pdb,Experimental,PDB,Unknown,clean_4D88,False
clean_5DPS.pdb,Experimental,PDB,Unknown,clean_5DPS,False
clean_2IUI.pdb,Experimental,PDB,Unknown,clean_2IUI,False
clean_6S9K.pdb,Experimental,PDB,Unknown,clean_6S9K,False
clean_8GSJ.pdb,Experimental,PDB,Unknown,clean_8GSJ,False
clean_5XTE.pdb,Experimental,PDB,Unknown,clean_5XTE,False
clean_1RG1.pdb,Experimental,PDB,Unknown,clean_1RG1,False
clean_8PHD.pdb,Experimental,PDB,Unknown,clean_8PHD,False
clean_4FA3.pdb,Experimental,PDB,Unknown,clean_4FA3,False
clean_7QKM.pdb,Experimental,PDB,Unknown,clean_7QKM,False
clean_5QIL.pdb,Experimental,PDB,Unknown,clean_5QIL,False
clean_3Q6O.pdb,Experimental,PDB,Unknown,clean_3Q6O,False
clean_3B6S.pdb,Experimental,PDB,Unknown,clean_3B6S,False
clean_8AX5.pdb,Experimental,PDB,Unknown,clean_8AX5,False
clean_4OC4.pdb,Experimental,PDB,Unknown,clean_4OC4,False
clean_2P2C.pdb,Experimental,PDB,Unknown,clean_2P2C,False
clean_7EEU.pdb,Experimental,PDB,Unknown,clean_7EEU,False
clean_6AH0.pdb,Experimental,PDB,Unknown,clean_6AH0,False
clean_4PP5.pdb,Experimental,PDB,Unknown,clean_4PP5,False
clean_4CNU.pdb,Experimental,PDB,Unknown,clean_4CNU,False
clean_7A2Y.pdb,Experimental,PDB,Unknown,clean_7A2Y,False
clean_4QUB.pdb,Experimental,PDB,Unknown,clean_4QUB,False
clean_4HKI.pdb,Experimental,PDB,Unknown,clean_4HKI,False
clean_3DZG.pdb,Experimental,PDB,Unknown,clean_3DZG,False
clean_2M4J.pdb,Experimental,PDB,Unknown,clean_2M4J,False
clean_1LFH.pdb,Experimental,PDB,Unknown,clean_1LFH,False
clean_6I3C.pdb,Experimental,PDB,Unknown,clean_6I3C,False
clean_2QB5.pdb,Experimental,PDB,Unknown,clean_2QB5,False
clean_6T7A.pdb,Experimental,PDB,Unknown,clean_6T7A,False
clean_5Y6L.pdb,Experimental,PDB,Unknown,clean_5Y6L,False
clean_7W53.pdb,Experimental,PDB,Unknown,clean_7W53,False
clean_8IJ3.pdb,Experimental,PDB,Unknown,clean_8IJ3,False
clean_6HAX.pdb,Experimental,PDB,Unknown,clean_6HAX,False
clean_4JOO.pdb,Experimental,PDB,Unknown,clean_4JOO,False
clean_4RQF.pdb,Experimental,PDB,Unknown,clean_4RQF,False
clean_8WHJ.pdb,Experimental,PDB,Unknown,clean_8WHJ,False
clean_7T1L.pdb,Experimental,PDB,Unknown,clean_7T1L,False
clean_6UO8.pdb,Experimental,PDB,Unknown,clean_6UO8,False
clean_4ZPF.pdb,Experimental,PDB,Unknown,clean_4ZPF,False
clean_5SE5.pdb,Experimental,PDB,Unknown,clean_5SE5,False
clean_4GZ3.pdb,Experimental,PDB,Unknown,clean_4GZ3,False
clean_7PIV.pdb,Experimental,PDB,Unknown,clean_7PIV,False
clean_5SK9.pdb,Experimental,PDB,Unknown,clean_5SK9,False
clean_2KIJ.pdb,Experimental,PDB,Unknown,clean_2KIJ,False
clean_5GSA.pdb,Experimental,PDB,Unknown,clean_5GSA,False
clean_4KSP.pdb,Experimental,PDB,Unknown,clean_4KSP,False
clean_9IVB.pdb,Experimental,PDB,Unknown,clean_9IVB,False
clean_7MKG.pdb,Experimental,PDB,Unknown,clean_7MKG,False
clean_4QMW.pdb,Experimental,PDB,Unknown,clean_4QMW,False
clean_6C18.pdb,Experimental,PDB,Unknown,clean_6C18,False
clean_1H5P.pdb,Experimental,PDB,Unknown,clean_1H5P,False
clean_7TTN.pdb,Experimental,PDB,Unknown,clean_7TTN,False
clean_6SDE.pdb,Experimental,PDB,Unknown,clean_6SDE,False
clean_7X3L.pdb,Experimental,PDB,Unknown,clean_7X3L,False
clean_1X03.pdb,Experimental,PDB,Unknown,clean_1X03,False
clean_8OXO.pdb,Experimental,PDB,Unknown,clean_8OXO,False
clean_7N7L.pdb,Experimental,PDB,Unknown,clean_7N7L,False
clean_5FU6.pdb,Experimental,PDB,Unknown,clean_5FU6,False
clean_8Y63.pdb,Experimental,PDB,Unknown,clean_8Y63,False
clean_4IBZ.pdb,Experimental,PDB,Unknown,clean_4IBZ,False
clean_5J03.pdb,Experimental,PDB,Unknown,clean_5J03,False
clean_1YOJ.pdb,Experimental,PDB,Unknown,clean_1YOJ,False
clean_1NMQ.pdb,Experimental,PDB,Unknown,clean_1NMQ,False
clean_9CB3.pdb,Experimental,PDB,Unknown,clean_9CB3,False
clean_3GAX.pdb,Experimental,PDB,Unknown,clean_3GAX,False
clean_6U2H.pdb,Experimental,PDB,Unknown,clean_6U2H,False
clean_4V24.pdb,Experimental,PDB,Unknown,clean_4V24,False
clean_1Z6T.pdb,Experimental,PDB,Unknown,clean_1Z6T,False
clean_3BMP.pdb,Experimental,PDB,Unknown,clean_3BMP,False
clean_3JS2.pdb,Experimental,PDB,Unknown,clean_3JS2,False
clean_6X48.pdb,Experimental,PDB,Unknown,clean_6X48,False
clean_4QUL.pdb,Experimental,PDB,Unknown,clean_4QUL,False
clean_8JUB.pdb,Experimental,PDB,Unknown,clean_8JUB,False
clean_7JVR.pdb,Experimental,PDB,Unknown,clean_7JVR,False
clean_5GRN.pdb,Experimental,PDB,Unknown,clean_5GRN,False
clean_4TRW.pdb,Experimental,PDB,Unknown,clean_4TRW,False
clean_4PP3.pdb,Experimental,PDB,Unknown,clean_4PP3,False
clean_3CDB.pdb,Experimental,PDB,Unknown,clean_3CDB,False
clean_2YDQ.pdb,Experimental,PDB,Unknown,clean_2YDQ,False
clean_7X2C.pdb,Experimental,PDB,Unknown,clean_7X2C,False
clean_4RAL.pdb,Experimental,PDB,Unknown,clean_4RAL,False
clean_3OX6.pdb,Experimental,PDB,Unknown,clean_3OX6,False
clean_8ZPS.pdb,Experimental,PDB,Unknown,clean_8ZPS,False
clean_3U4I.pdb,Experimental,PDB,Unknown,clean_3U4I,False
clean_5IAR.pdb,Experimental,PDB,Unknown,clean_5IAR,False
clean_1HWI.pdb,Experimental,PDB,Unknown,clean_1HWI,False
clean_1RML.pdb,Experimental,PDB,Unknown,clean_1RML,False
clean_3INE.pdb,Experimental,PDB,Unknown,clean_3INE,False
clean_6QUY.pdb,Experimental,PDB,Unknown,clean_6QUY,False
clean_4J0T.pdb,Experimental,PDB,Unknown,clean_4J0T,False
clean_1OWT.pdb,Experimental,PDB,Unknown,clean_1OWT,False
clean_8JD1.pdb,Experimental,PDB,Unknown,clean_8JD1,False
clean_5SI0.pdb,Experimental,PDB,Unknown,clean_5SI0,False
clean_3JCR.pdb,Experimental,PDB,Unknown,clean_3JCR,False
clean_7B4G.pdb,Experimental,PDB,Unknown,clean_7B4G,False
clean_3WUT.pdb,Experimental,PDB,Unknown,clean_3WUT,False
clean_9AYK.pdb,Experimental,PDB,Unknown,clean_9AYK,False
clean_8DZQ.pdb,Experimental,PDB,Unknown,clean_8DZQ,False
clean_7W6P.pdb,Experimental,PDB,Unknown,clean_7W6P,False
clean_5V44.pdb,Experimental,PDB,Unknown,clean_5V44,False
clean_6LTH.pdb,Experimental,PDB,Unknown,clean_6LTH,False
clean_8IW4.pdb,Experimental,PDB,Unknown,clean_8IW4,False
clean_8P9E.pdb,Experimental,PDB,Unknown,clean_8P9E,False
clean_7VIF.pdb,Experimental,PDB,Unknown,clean_7VIF,False
clean_7W7E.pdb,Experimental,PDB,Unknown,clean_7W7E,False
clean_4BUT.pdb,Experimental,PDB,Unknown,clean_4BUT,False
clean_8GUB.pdb,Experimental,PDB,Unknown,clean_8GUB,False
clean_6PUR.pdb,Experimental,PDB,Unknown,clean_6PUR,False
clean_8VIY.pdb,Experimental,PDB,Unknown,clean_8VIY,False
clean_5TO8.pdb,Experimental,PDB,Unknown,clean_5TO8,False
clean_9C2T.pdb,Experimental,PDB,Unknown,clean_9C2T,False
clean_4TND.pdb,Experimental,PDB,Unknown,clean_4TND,False
clean_8CQK.pdb,Experimental,PDB,Unknown,clean_8CQK,False
clean_6XYP.pdb,Experimental,PDB,Unknown,clean_6XYP,False
clean_1MA3.pdb,Experimental,PDB,Unknown,clean_1MA3,False
clean_8HKF.pdb,Experimental,PDB,Unknown,clean_8HKF,False
clean_1UF0.pdb,Experimental,PDB,Unknown,clean_1UF0,False
clean_4JB8.pdb,Experimental,PDB,Unknown,clean_4JB8,False
clean_7B47.pdb,Experimental,PDB,Unknown,clean_7B47,False
clean_8UO2.pdb,Experimental,PDB,Unknown,clean_8UO2,False
clean_5YSO.pdb,Experimental,PDB,Unknown,clean_5YSO,False
clean_1DEV.pdb,Experimental,PDB,Unknown,clean_1DEV,False
clean_9EZP.pdb,Experimental,PDB,Unknown,clean_9EZP,False
clean_5OKP.pdb,Experimental,PDB,Unknown,clean_5OKP,False
clean_8EE6.pdb,Experimental,PDB,Unknown,clean_8EE6,False
clean_8K9L.pdb,Experimental,PDB,Unknown,clean_8K9L,False
clean_5HOY.pdb,Experimental,PDB,Unknown,clean_5HOY,False
clean_8X1C.pdb,Experimental,PDB,Unknown,clean_8X1C,False
clean_7KVO.pdb,Experimental,PDB,Unknown,clean_7KVO,False
clean_8Q8X.pdb,Experimental,PDB,Unknown,clean_8Q8X,False
clean_9HXA.pdb,Experimental,PDB,Unknown,clean_9HXA,False
clean_6SJZ.pdb,Experimental,PDB,Unknown,clean_6SJZ,False
clean_4DX8.pdb,Experimental,PDB,Unknown,clean_4DX8,False
clean_3Q28.pdb,Experimental,PDB,Unknown,clean_3Q28,False
clean_5IZ6.pdb,Experimental,PDB,Unknown,clean_5IZ6,False
clean_4UVO.pdb,Experimental,PDB,Unknown,clean_4UVO,False
clean_5G4O.pdb,Experimental,PDB,Unknown,clean_5G4O,False
clean_7NKE.pdb,Experimental,PDB,Unknown,clean_7NKE,False
clean_4YE6.pdb,Experimental,PDB,Unknown,clean_4YE6,False
clean_8X7P.pdb,Experimental,PDB,Unknown,clean_8X7P,False
clean_8SC3.pdb,Experimental,PDB,Unknown,clean_8SC3,False
clean_8OUV.pdb,Experimental,PDB,Unknown,clean_8OUV,False
clean_7NZY.pdb,Experimental,PDB,Unknown,clean_7NZY,False
clean_7X9B.pdb,Experimental,PDB,Unknown,clean_7X9B,False
clean_7MO7.pdb,Experimental,PDB,Unknown,clean_7MO7,False
clean_4DBN.pdb,Experimental,PDB,Unknown,clean_4DBN,False
clean_9DCH.pdb,Experimental,PDB,Unknown,clean_9DCH,False
clean_8FE7.pdb,Experimental,PDB,Unknown,clean_8FE7,False
clean_1Q03.pdb,Experimental,PDB,Unknown,clean_1Q03,False
clean_7VNP.pdb,Experimental,PDB,Unknown,clean_7VNP,False
clean_3Q0N.pdb,Experimental,PDB,Unknown,clean_3Q0N,False
clean_4KQ8.pdb,Experimental,PDB,Unknown,clean_4KQ8,False
clean_5W5Q.pdb,Experimental,PDB,Unknown,clean_5W5Q,False
clean_7MJC.pdb,Experimental,PDB,Unknown,clean_7MJC,False
clean_5UO5.pdb,Experimental,PDB,Unknown,clean_5UO5,False
clean_7KQ1.pdb,Experimental,PDB,Unknown,clean_7KQ1,False
clean_9MQH.pdb,Experimental,PDB,Unknown,clean_9MQH,False
clean_2R5G.pdb,Experimental,PDB,Unknown,clean_2R5G,False
clean_8E0F.pdb,Experimental,PDB,Unknown,clean_8E0F,False
clean_7Z3Q.pdb,Experimental,PDB,Unknown,clean_7Z3Q,False
clean_4OBQ.pdb,Experimental,PDB,Unknown,clean_4OBQ,False
clean_4R92.pdb,Experimental,PDB,Unknown,clean_4R92,False
clean_8SS7.pdb,Experimental,PDB,Unknown,clean_8SS7,False
clean_8UKO.pdb,Experimental,PDB,Unknown,clean_8UKO,False
clean_8WWI.pdb,Experimental,PDB,Unknown,clean_8WWI,False
clean_3ZRM.pdb,Experimental,PDB,Unknown,clean_3ZRM,False
clean_6KDZ.pdb,Experimental,PDB,Unknown,clean_6KDZ,False
clean_7XP5.pdb,Experimental,PDB,Unknown,clean_7XP5,False
clean_8JSO.pdb,Experimental,PDB,Unknown,clean_8JSO,False
clean_5MXD.pdb,Experimental,PDB,Unknown,clean_5MXD,False
clean_9FHE.pdb,Experimental,PDB,Unknown,clean_9FHE,False
clean_6JCS.pdb,Experimental,PDB,Unknown,clean_6JCS,False
clean_4KKE.pdb,Experimental,PDB,Unknown,clean_4KKE,False
clean_8FY1.pdb,Experimental,PDB,Unknown,clean_8FY1,False
clean_8UKA.pdb,Experimental,PDB,Unknown,clean_8UKA,False
clean_7EHZ.pdb,Experimental,PDB,Unknown,clean_7EHZ,False
clean_3C8X.pdb,Experimental,PDB,Unknown,clean_3C8X,False
clean_8WI3.pdb,Experimental,PDB,Unknown,clean_8WI3,False
clean_9B1K.pdb,Experimental,PDB,Unknown,clean_9B1K,False
clean_5PYK.pdb,Experimental,PDB,Unknown,clean_5PYK,False
clean_5SIY.pdb,Experimental,PDB,Unknown,clean_5SIY,False
clean_1Z5S.pdb,Experimental,PDB,Unknown,clean_1Z5S,False
clean_7FSP.pdb,Experimental,PDB,Unknown,clean_7FSP,False
clean_4X1V.pdb,Experimental,PDB,Unknown,clean_4X1V,False
clean_4GMJ.pdb,Experimental,PDB,Unknown,clean_4GMJ,False
clean_4HMH.pdb,Experimental,PDB,Unknown,clean_4HMH,False
clean_8TB0.pdb,Experimental,PDB,Unknown,clean_8TB0,False
clean_6WHC.pdb,Experimental,PDB,Unknown,clean_6WHC,False
clean_1XK8.pdb,Experimental,PDB,Unknown,clean_1XK8,False
clean_3FKT.pdb,Experimental,PDB,Unknown,clean_3FKT,False
clean_6RN8.pdb,Experimental,PDB,Unknown,clean_6RN8,False
clean_8JJV.pdb,Experimental,PDB,Unknown,clean_8JJV,False
clean_8UG1.pdb,Experimental,PDB,Unknown,clean_8UG1,False
clean_3T7O.pdb,Experimental,PDB,Unknown,clean_3T7O,False
clean_4L9U.pdb,Experimental,PDB,Unknown,clean_4L9U,False
clean_4FZ5.pdb,Experimental,PDB,Unknown,clean_4FZ5,False
clean_6Q7F.pdb,Experimental,PDB,Unknown,clean_6Q7F,False
clean_7JXO.pdb,Experimental,PDB,Unknown,clean_7JXO,False
clean_8PK4.pdb,Experimental,PDB,Unknown,clean_8PK4,False
clean_5YJF.pdb,Experimental,PDB,Unknown,clean_5YJF,False
clean_9GCF.pdb,Experimental,PDB,Unknown,clean_9GCF,False
clean_3KMX.pdb,Experimental,PDB,Unknown,clean_3KMX,False
clean_4UCH.pdb,Experimental,PDB,Unknown,clean_4UCH,False
clean_1W50.pdb,Experimental,PDB,Unknown,clean_1W50,False
clean_1MV0.pdb,Experimental,PDB,Unknown,clean_1MV0,False
clean_3RL7.pdb,Experimental,PDB,Unknown,clean_3RL7,False
clean_6NZD.pdb,Experimental,PDB,Unknown,clean_6NZD,False
clean_7Q4B.pdb,Experimental,PDB,Unknown,clean_7Q4B,False
clean_2N1T.pdb,Experimental,PDB,Unknown,clean_2N1T,False
clean_4GZ6.pdb,Experimental,PDB,Unknown,clean_4GZ6,False
clean_2EZZ.pdb,Experimental,PDB,Unknown,clean_2EZZ,False
clean_1Y8P.pdb,Experimental,PDB,Unknown,clean_1Y8P,False
clean_8EFS.pdb,Experimental,PDB,Unknown,clean_8EFS,False
clean_4P2K.pdb,Experimental,PDB,Unknown,clean_4P2K,False
clean_8PPI.pdb,Experimental,PDB,Unknown,clean_8PPI,False
clean_6NG5.pdb,Experimental,PDB,Unknown,clean_6NG5,False
clean_8JPJ.pdb,Experimental,PDB,Unknown,clean_8JPJ,False
clean_7VOD.pdb,Experimental,PDB,Unknown,clean_7VOD,False
clean_3W4J.pdb,Experimental,PDB,Unknown,clean_3W4J,False
clean_8JT8.pdb,Experimental,PDB,Unknown,clean_8JT8,False
clean_3TWW.pdb,Experimental,PDB,Unknown,clean_3TWW,False
clean_8YN3.pdb,Experimental,PDB,Unknown,clean_8YN3,False
clean_8Q9A.pdb,Experimental,PDB,Unknown,clean_8Q9A,False
clean_7F1R.pdb,Experimental,PDB,Unknown,clean_7F1R,False
clean_6BFW.pdb,Experimental,PDB,Unknown,clean_6BFW,False
clean_4IBY.pdb,Experimental,PDB,Unknown,clean_4IBY,False
clean_7RGG.pdb,Experimental,PDB,Unknown,clean_7RGG,False
clean_6WO8.pdb,Experimental,PDB,Unknown,clean_6WO8,False
clean_4B70.pdb,Experimental,PDB,Unknown,clean_4B70,False
clean_8QOZ.pdb,Experimental,PDB,Unknown,clean_8QOZ,False
clean_2WA7.pdb,Experimental,PDB,Unknown,clean_2WA7,False
clean_2AS5.pdb,Experimental,PDB,Unknown,clean_2AS5,False
clean_1B0L.pdb,Experimental,PDB,Unknown,clean_1B0L,False
clean_3U6A.pdb,Experimental,PDB,Unknown,clean_3U6A,False
clean_9HMN.pdb,Experimental,PDB,Unknown,clean_9HMN,False
clean_7LLY.pdb,Experimental,PDB,Unknown,clean_7LLY,False
clean_8X79.pdb,Experimental,PDB,Unknown,clean_8X79,False
clean_5SGP.pdb,Experimental,PDB,Unknown,clean_5SGP,False
clean_6DDF.pdb,Experimental,PDB,Unknown,clean_6DDF,False
clean_5H6Y.pdb,Experimental,PDB,Unknown,clean_5H6Y,False
clean_5K5N.pdb,Experimental,PDB,Unknown,clean_5K5N,False
clean_2JQK.pdb,Experimental,PDB,Unknown,clean_2JQK,False
clean_5HI2.pdb,Experimental,PDB,Unknown,clean_5HI2,False
clean_5PXW.pdb,Experimental,PDB,Unknown,clean_5PXW,False
clean_1Q04.pdb,Experimental,PDB,Unknown,clean_1Q04,False
clean_3HB1.pdb,Experimental,PDB,Unknown,clean_3HB1,False
clean_7KJA.pdb,Experimental,PDB,Unknown,clean_7KJA,False
clean_8BOH.pdb,Experimental,PDB,Unknown,clean_8BOH,False
clean_5MHC.pdb,Experimental,PDB,Unknown,clean_5MHC,False
clean_7KNT.pdb,Experimental,PDB,Unknown,clean_7KNT,False
clean_2YSC.pdb,Experimental,PDB,Unknown,clean_2YSC,False
clean_7QKL.pdb,Experimental,PDB,Unknown,clean_7QKL,False
clean_6PY8.pdb,Experimental,PDB,Unknown,clean_6PY8,False
clean_5SKO.pdb,Experimental,PDB,Unknown,clean_5SKO,False
clean_7D9V.pdb,Experimental,PDB,Unknown,clean_7D9V,False
clean_1O4P.pdb,Experimental,PDB,Unknown,clean_1O4P,False
clean_4KZI.pdb,Experimental,PDB,Unknown,clean_4KZI,False
clean_8FGM.pdb,Experimental,PDB,Unknown,clean_8FGM,False
clean_9EQH.pdb,Experimental,PDB,Unknown,clean_9EQH,False
clean_1XF0.pdb,Experimental,PDB,Unknown,clean_1XF0,False
clean_4R1F.pdb,Experimental,PDB,Unknown,clean_4R1F,False
clean_8CUI.pdb,Experimental,PDB,Unknown,clean_8CUI,False
clean_7UAY.pdb,Experimental,PDB,Unknown,clean_7UAY,False
clean_8EDO.pdb,Experimental,PDB,Unknown,clean_8EDO,False
clean_2O3R.pdb,Experimental,PDB,Unknown,clean_2O3R,False
clean_3UDJ.pdb,Experimental,PDB,Unknown,clean_3UDJ,False
clean_6GJE.pdb,Experimental,PDB,Unknown,clean_6GJE,False
clean_1T2K.pdb,Experimental,PDB,Unknown,clean_1T2K,False
clean_4V3U.pdb,Experimental,PDB,Unknown,clean_4V3U,False
clean_6BD6.pdb,Experimental,PDB,Unknown,clean_6BD6,False
clean_7OAJ.pdb,Experimental,PDB,Unknown,clean_7OAJ,False
clean_3H44.pdb,Experimental,PDB,Unknown,clean_3H44,False
clean_5JPN.pdb,Experimental,PDB,Unknown,clean_5JPN,False
clean_4OGW.pdb,Experimental,PDB,Unknown,clean_4OGW,False
clean_2F3Y.pdb,Experimental,PDB,Unknown,clean_2F3Y,False
clean_4TRY.pdb,Experimental,PDB,Unknown,clean_4TRY,False
clean_1HZ3.pdb,Experimental,PDB,Unknown,clean_1HZ3,False
clean_5PXB.pdb,Experimental,PDB,Unknown,clean_5PXB,False
clean_2OIT.pdb,Experimental,PDB,Unknown,clean_2OIT,False
clean_2J6L.pdb,Experimental,PDB,Unknown,clean_2J6L,False
clean_7VV5.pdb,Experimental,PDB,Unknown,clean_7VV5,False
clean_8ZQE.pdb,Experimental,PDB,Unknown,clean_8ZQE,False
clean_8RB6.pdb,Experimental,PDB,Unknown,clean_8RB6,False
clean_8A9L.pdb,Experimental,PDB,Unknown,clean_8A9L,False
clean_5SF5.pdb,Experimental,PDB,Unknown,clean_5SF5,False
clean_5MCT.pdb,Experimental,PDB,Unknown,clean_5MCT,False
clean_3REZ.pdb,Experimental,PDB,Unknown,clean_3REZ,False
clean_7XVF.pdb,Experimental,PDB,Unknown,clean_7XVF,False
clean_8UDV.pdb,Experimental,PDB,Unknown,clean_8UDV,False
clean_3LFM.pdb,Experimental,PDB,Unknown,clean_3LFM,False
clean_8QT4.pdb,Experimental,PDB,Unknown,clean_8QT4,False
clean_2QYK.pdb,Experimental,PDB,Unknown,clean_2QYK,False
clean_7UKD.pdb,Experimental,PDB,Unknown,clean_7UKD,False
clean_8J0N.pdb,Experimental,PDB,Unknown,clean_8J0N,False
clean_4W9F.pdb,Experimental,PDB,Unknown,clean_4W9F,False
clean_1TUP.pdb,Experimental,PDB,Unknown,clean_1TUP,False
clean_5TWG.pdb,Experimental,PDB,Unknown,clean_5TWG,False
clean_9CD5.pdb,Experimental,PDB,Unknown,clean_9CD5,False
clean_9GOY.pdb,Experimental,PDB,Unknown,clean_9GOY,False
clean_9CZQ.pdb,Experimental,PDB,Unknown,clean_9CZQ,False
clean_2N03.pdb,Experimental,PDB,Unknown,clean_2N03,False
clean_6GKF.pdb,Experimental,PDB,Unknown,clean_6GKF,False
clean_2BE6.pdb,Experimental,PDB,Unknown,clean_2BE6,False
clean_1K58.pdb,Experimental,PDB,Unknown,clean_1K58,False
clean_7UX2.pdb,Experimental,PDB,Unknown,clean_7UX2,False
clean_7B4C.pdb,Experimental,PDB,Unknown,clean_7B4C,False
clean_8TRT.pdb,Experimental,PDB,Unknown,clean_8TRT,False
clean_8WRZ.pdb,Experimental,PDB,Unknown,clean_8WRZ,False
clean_5LF0.pdb,Experimental,PDB,Unknown,clean_5LF0,False
clean_7PGU.pdb,Experimental,PDB,Unknown,clean_7PGU,False
clean_3UV2.pdb,Experimental,PDB,Unknown,clean_3UV2,False
clean_8IIY.pdb,Experimental,PDB,Unknown,clean_8IIY,False
clean_3W6N.pdb,Experimental,PDB,Unknown,clean_3W6N,False
clean_7PNJ.pdb,Experimental,PDB,Unknown,clean_7PNJ,False
clean_8SC1.pdb,Experimental,PDB,Unknown,clean_8SC1,False
clean_4GOW.pdb,Experimental,PDB,Unknown,clean_4GOW,False
clean_8I0Q.pdb,Experimental,PDB,Unknown,clean_8I0Q,False
clean_8TV5.pdb,Experimental,PDB,Unknown,clean_8TV5,False
clean_4CL7.pdb,Experimental,PDB,Unknown,clean_4CL7,False
clean_6A69.pdb,Experimental,PDB,Unknown,clean_6A69,False
clean_4RZV.pdb,Experimental,PDB,Unknown,clean_4RZV,False
clean_1HQR.pdb,Experimental,PDB,Unknown,clean_1HQR,False
clean_6I2I.pdb,Experimental,PDB,Unknown,clean_6I2I,False
clean_2JDO.pdb,Experimental,PDB,Unknown,clean_2JDO,False
clean_1PWB.pdb,Experimental,PDB,Unknown,clean_1PWB,False
clean_5PY6.pdb,Experimental,PDB,Unknown,clean_5PY6,False
clean_6VR6.pdb,Experimental,PDB,Unknown,clean_6VR6,False
clean_5PYH.pdb,Experimental,PDB,Unknown,clean_5PYH,False
clean_8BIN.pdb,Experimental,PDB,Unknown,clean_8BIN,False
clean_8TGP.pdb,Experimental,PDB,Unknown,clean_8TGP,False
clean_3S3V.pdb,Experimental,PDB,Unknown,clean_3S3V,False
clean_8IRS.pdb,Experimental,PDB,Unknown,clean_8IRS,False
clean_5YJK.pdb,Experimental,PDB,Unknown,clean_5YJK,False
clean_4U79.pdb,Experimental,PDB,Unknown,clean_4U79,False
clean_7UKC.pdb,Experimental,PDB,Unknown,clean_7UKC,False
clean_6K41.pdb,Experimental,PDB,Unknown,clean_6K41,False
clean_7VPL.pdb,Experimental,PDB,Unknown,clean_7VPL,False
clean_3WI2.pdb,Experimental,PDB,Unknown,clean_3WI2,False
clean_2DJ4.pdb,Experimental,PDB,Unknown,clean_2DJ4,False
clean_8YH0.pdb,Experimental,PDB,Unknown,clean_8YH0,False
clean_8Q8F.pdb,Experimental,PDB,Unknown,clean_8Q8F,False
clean_5X6U.pdb,Experimental,PDB,Unknown,clean_5X6U,False
clean_2MW9.pdb,Experimental,PDB,Unknown,clean_2MW9,False
clean_6Y58.pdb,Experimental,PDB,Unknown,clean_6Y58,False
clean_3PUP.pdb,Experimental,PDB,Unknown,clean_3PUP,False
clean_3N7R.pdb,Experimental,PDB,Unknown,clean_3N7R,False
clean_7AKG.pdb,Experimental,PDB,Unknown,clean_7AKG,False
clean_1W0F.pdb,Experimental,PDB,Unknown,clean_1W0F,False
clean_8YKY.pdb,Experimental,PDB,Unknown,clean_8YKY,False
clean_8BLV.pdb,Experimental,PDB,Unknown,clean_8BLV,False
clean_6T5F.pdb,Experimental,PDB,Unknown,clean_6T5F,False
clean_7WI6.pdb,Experimental,PDB,Unknown,clean_7WI6,False
clean_8SC2.pdb,Experimental,PDB,Unknown,clean_8SC2,False
clean_7V0M.pdb,Experimental,PDB,Unknown,clean_7V0M,False
clean_5SKA.pdb,Experimental,PDB,Unknown,clean_5SKA,False
clean_1DU3.pdb,Experimental,PDB,Unknown,clean_1DU3,False
clean_2ROP.pdb,Experimental,PDB,Unknown,clean_2ROP,False
clean_7XUM.pdb,Experimental,PDB,Unknown,clean_7XUM,False
clean_3V6R.pdb,Experimental,PDB,Unknown,clean_3V6R,False
clean_3UGR.pdb,Experimental,PDB,Unknown,clean_3UGR,False
clean_6AM3.pdb,Experimental,PDB,Unknown,clean_6AM3,False
clean_2ZJJ.pdb,Experimental,PDB,Unknown,clean_2ZJJ,False
clean_5MBW.pdb,Experimental,PDB,Unknown,clean_5MBW,False
clean_3D0A.pdb,Experimental,PDB,Unknown,clean_3D0A,False
clean_5SGG.pdb,Experimental,PDB,Unknown,clean_5SGG,False
clean_6PNB.pdb,Experimental,PDB,Unknown,clean_6PNB,False
clean_5SJS.pdb,Experimental,PDB,Unknown,clean_5SJS,False
clean_1K2D.pdb,Experimental,PDB,Unknown,clean_1K2D,False
clean_7W7V.pdb,Experimental,PDB,Unknown,clean_7W7V,False
clean_4NTJ.pdb,Experimental,PDB,Unknown,clean_4NTJ,False
clean_7B2S.pdb,Experimental,PDB,Unknown,clean_7B2S,False
clean_3T7M.pdb,Experimental,PDB,Unknown,clean_3T7M,False
clean_8U8F.pdb,Experimental,PDB,Unknown,clean_8U8F,False
clean_3D7D.pdb,Experimental,PDB,Unknown,clean_3D7D,False
clean_8UNO.pdb,Experimental,PDB,Unknown,clean_8UNO,False
clean_8QYN.pdb,Experimental,PDB,Unknown,clean_8QYN,False
clean_1RHR.pdb,Experimental,PDB,Unknown,clean_1RHR,False
clean_7X5E.pdb,Experimental,PDB,Unknown,clean_7X5E,False
clean_6OF7.pdb,Experimental,PDB,Unknown,clean_6OF7,False
clean_4M17.pdb,Experimental,PDB,Unknown,clean_4M17,False
clean_8JUE.pdb,Experimental,PDB,Unknown,clean_8JUE,False
clean_6WH4.pdb,Experimental,PDB,Unknown,clean_6WH4,False
clean_8F7P.pdb,Experimental,PDB,Unknown,clean_8F7P,False
clean_8FY8.pdb,Experimental,PDB,Unknown,clean_8FY8,False
clean_5PXA.pdb,Experimental,PDB,Unknown,clean_5PXA,False
clean_8PEO.pdb,Experimental,PDB,Unknown,clean_8PEO,False
clean_6YX0.pdb,Experimental,PDB,Unknown,clean_6YX0,False
clean_4ORU.pdb,Experimental,PDB,Unknown,clean_4ORU,False
clean_3GJT.pdb,Experimental,PDB,Unknown,clean_3GJT,False
clean_8H9M.pdb,Experimental,PDB,Unknown,clean_8H9M,False
clean_8FGI.pdb,Experimental,PDB,Unknown,clean_8FGI,False
clean_2GMD.pdb,Experimental,PDB,Unknown,clean_2GMD,False
clean_5VV3.pdb,Experimental,PDB,Unknown,clean_5VV3,False
clean_4HF4.pdb,Experimental,PDB,Unknown,clean_4HF4,False
clean_4BHF.pdb,Experimental,PDB,Unknown,clean_4BHF,False
clean_1HWL.pdb,Experimental,PDB,Unknown,clean_1HWL,False
clean_8FYH.pdb,Experimental,PDB,Unknown,clean_8FYH,False
clean_5SJD.pdb,Experimental,PDB,Unknown,clean_5SJD,False
clean_5F00.pdb,Experimental,PDB,Unknown,clean_5F00,False
clean_8WWL.pdb,Experimental,PDB,Unknown,clean_8WWL,False
clean_1A4Y.pdb,Experimental,PDB,Unknown,clean_1A4Y,False
clean_2OCJ.pdb,Experimental,PDB,Unknown,clean_2OCJ,False
clean_6UAN.pdb,Experimental,PDB,Unknown,clean_6UAN,False
clean_7OLY.pdb,Experimental,PDB,Unknown,clean_7OLY,False
clean_6C7F.pdb,Experimental,PDB,Unknown,clean_6C7F,False
clean_4BUX.pdb,Experimental,PDB,Unknown,clean_4BUX,False
clean_5C5P.pdb,Experimental,PDB,Unknown,clean_5C5P,False
clean_2LP3.pdb,Experimental,PDB,Unknown,clean_2LP3,False
clean_4BU3.pdb,Experimental,PDB,Unknown,clean_4BU3,False
clean_1KI1.pdb,Experimental,PDB,Unknown,clean_1KI1,False
clean_8D4X.pdb,Experimental,PDB,Unknown,clean_8D4X,False
clean_6ISN.pdb,Experimental,PDB,Unknown,clean_6ISN,False
clean_8THK.pdb,Experimental,PDB,Unknown,clean_8THK,False
clean_8WHK.pdb,Experimental,PDB,Unknown,clean_8WHK,False
clean_2OUP.pdb,Experimental,PDB,Unknown,clean_2OUP,False
clean_8SID.pdb,Experimental,PDB,Unknown,clean_8SID,False
clean_6Y6F.pdb,Experimental,PDB,Unknown,clean_6Y6F,False
clean_1OF2.pdb,Experimental,PDB,Unknown,clean_1OF2,False
clean_8JF3.pdb,Experimental,PDB,Unknown,clean_8JF3,False
clean_5PXC.pdb,Experimental,PDB,Unknown,clean_5PXC,False
clean_6POT.pdb,Experimental,PDB,Unknown,clean_6POT,False
clean_4NK9.pdb,Experimental,PDB,Unknown,clean_4NK9,False
clean_2HRB.pdb,Experimental,PDB,Unknown,clean_2HRB,False
clean_4OEX.pdb,Experimental,PDB,Unknown,clean_4OEX,False
clean_6PHJ.pdb,Experimental,PDB,Unknown,clean_6PHJ,False
clean_1UJJ.pdb,Experimental,PDB,Unknown,clean_1UJJ,False
clean_7X9C.pdb,Experimental,PDB,Unknown,clean_7X9C,False
clean_8D3N.pdb,Experimental,PDB,Unknown,clean_8D3N,False
clean_8HLM.pdb,Experimental,PDB,Unknown,clean_8HLM,False
clean_8VXD.pdb,Experimental,PDB,Unknown,clean_8VXD,False
clean_5PY0.pdb,Experimental,PDB,Unknown,clean_5PY0,False
clean_8C3P.pdb,Experimental,PDB,Unknown,clean_8C3P,False
clean_3UNW.pdb,Experimental,PDB,Unknown,clean_3UNW,False
clean_8BDJ.pdb,Experimental,PDB,Unknown,clean_8BDJ,False
clean_7SUS.pdb,Experimental,PDB,Unknown,clean_7SUS,False
clean_8GFY.pdb,Experimental,PDB,Unknown,clean_8GFY,False
clean_6TL8.pdb,Experimental,PDB,Unknown,clean_6TL8,False
clean_1Z8L.pdb,Experimental,PDB,Unknown,clean_1Z8L,False
clean_7NWM.pdb,Experimental,PDB,Unknown,clean_7NWM,False
clean_2KV8.pdb,Experimental,PDB,Unknown,clean_2KV8,False
clean_4KT1.pdb,Experimental,PDB,Unknown,clean_4KT1,False
clean_4Y1L.pdb,Experimental,PDB,Unknown,clean_4Y1L,False
clean_2GRN.pdb,Experimental,PDB,Unknown,clean_2GRN,False
clean_2G47.pdb,Experimental,PDB,Unknown,clean_2G47,False
clean_7OL3.pdb,Experimental,PDB,Unknown,clean_7OL3,False
clean_1M54.pdb,Experimental,PDB,Unknown,clean_1M54,False
clean_4IHB.pdb,Experimental,PDB,Unknown,clean_4IHB,False
clean_7SR8.pdb,Experimental,PDB,Unknown,clean_7SR8,False
clean_3U88.pdb,Experimental,PDB,Unknown,clean_3U88,False
clean_4N7E.pdb,Experimental,PDB,Unknown,clean_4N7E,False
clean_8IEM.pdb,Experimental,PDB,Unknown,clean_8IEM,False
clean_1LPE.pdb,Experimental,PDB,Unknown,clean_1LPE,False
clean_3R7G.pdb,Experimental,PDB,Unknown,clean_3R7G,False
clean_1B1I.pdb,Experimental,PDB,Unknown,clean_1B1I,False
clean_6APX.pdb,Experimental,PDB,Unknown,clean_6APX,False
clean_4G82.pdb,Experimental,PDB,Unknown,clean_4G82,False
clean_4FM8.pdb,Experimental,PDB,Unknown,clean_4FM8,False
clean_3P0L.pdb,Experimental,PDB,Unknown,clean_3P0L,False
clean_6V6F.pdb,Experimental,PDB,Unknown,clean_6V6F,False
clean_5T3Q.pdb,Experimental,PDB,Unknown,clean_5T3Q,False
clean_8TAS.pdb,Experimental,PDB,Unknown,clean_8TAS,False
clean_5AL2.pdb,Experimental,PDB,Unknown,clean_5AL2,False
clean_8KDX.pdb,Experimental,PDB,Unknown,clean_8KDX,False
clean_7LI3.pdb,Experimental,PDB,Unknown,clean_7LI3,False
clean_6BYZ.pdb,Experimental,PDB,Unknown,clean_6BYZ,False
clean_5QTZ.pdb,Experimental,PDB,Unknown,clean_5QTZ,False
clean_6UJG.pdb,Experimental,PDB,Unknown,clean_6UJG,False
clean_9AST.pdb,Experimental,PDB,Unknown,clean_9AST,False
clean_5CNJ.pdb,Experimental,PDB,Unknown,clean_5CNJ,False
clean_5PWI.pdb,Experimental,PDB,Unknown,clean_5PWI,False
clean_8SGI.pdb,Experimental,PDB,Unknown,clean_8SGI,False
clean_8FDU.pdb,Experimental,PDB,Unknown,clean_8FDU,False
clean_6PO9.pdb,Experimental,PDB,Unknown,clean_6PO9,False
clean_7QKG.pdb,Experimental,PDB,Unknown,clean_7QKG,False
clean_3FM8.pdb,Experimental,PDB,Unknown,clean_3FM8,False
clean_5AX3.pdb,Experimental,PDB,Unknown,clean_5AX3,False
clean_5VFR.pdb,Experimental,PDB,Unknown,clean_5VFR,False
clean_6URE.pdb,Experimental,PDB,Unknown,clean_6URE,False
clean_2WL1.pdb,Experimental,PDB,Unknown,clean_2WL1,False
clean_3U8I.pdb,Experimental,PDB,Unknown,clean_3U8I,False
clean_7M8W.pdb,Experimental,PDB,Unknown,clean_7M8W,False
clean_6LC1.pdb,Experimental,PDB,Unknown,clean_6LC1,False
clean_2PRU.pdb,Experimental,PDB,Unknown,clean_2PRU,False
clean_9C8U.pdb,Experimental,PDB,Unknown,clean_9C8U,False
clean_2OOQ.pdb,Experimental,PDB,Unknown,clean_2OOQ,False
clean_5AL4.pdb,Experimental,PDB,Unknown,clean_5AL4,False
clean_4HEU.pdb,Experimental,PDB,Unknown,clean_4HEU,False
clean_7RWQ.pdb,Experimental,PDB,Unknown,clean_7RWQ,False
clean_5OY4.pdb,Experimental,PDB,Unknown,clean_5OY4,False
clean_8QN7.pdb,Experimental,PDB,Unknown,clean_8QN7,False
clean_2MK9.pdb,Experimental,PDB,Unknown,clean_2MK9,False
clean_6GBI.pdb,Experimental,PDB,Unknown,clean_6GBI,False
clean_5QH5.pdb,Experimental,PDB,Unknown,clean_5QH5,False
clean_8XJL.pdb,Experimental,PDB,Unknown,clean_8XJL,False
clean_5PXX.pdb,Experimental,PDB,Unknown,clean_5PXX,False
clean_8UAP.pdb,Experimental,PDB,Unknown,clean_8UAP,False
clean_5YWY.pdb,Experimental,PDB,Unknown,clean_5YWY,False
clean_1Z28.pdb,Experimental,PDB,Unknown,clean_1Z28,False
clean_3NU0.pdb,Experimental,PDB,Unknown,clean_3NU0,False
clean_5W7J.pdb,Experimental,PDB,Unknown,clean_5W7J,False
clean_5SFV.pdb,Experimental,PDB,Unknown,clean_5SFV,False
clean_7NTI.pdb,Experimental,PDB,Unknown,clean_7NTI,False
clean_4IE7.pdb,Experimental,PDB,Unknown,clean_4IE7,False
clean_4EIK.pdb,Experimental,PDB,Unknown,clean_4EIK,False
clean_7SL9.pdb,Experimental,PDB,Unknown,clean_7SL9,False
clean_2YRY.pdb,Experimental,PDB,Unknown,clean_2YRY,False
clean_4CMZ.pdb,Experimental,PDB,Unknown,clean_4CMZ,False
clean_8XYD.pdb,Experimental,PDB,Unknown,clean_8XYD,False
clean_4NW2.pdb,Experimental,PDB,Unknown,clean_4NW2,False
clean_8HN8.pdb,Experimental,PDB,Unknown,clean_8HN8,False
clean_8ZLO.pdb,Experimental,PDB,Unknown,clean_8ZLO,False
clean_8WI5.pdb,Experimental,PDB,Unknown,clean_8WI5,False
clean_8RW6.pdb,Experimental,PDB,Unknown,clean_8RW6,False
clean_6Q0K.pdb,Experimental,PDB,Unknown,clean_6Q0K,False
clean_1FGK.pdb,Experimental,PDB,Unknown,clean_1FGK,False
clean_8FW5.pdb,Experimental,PDB,Unknown,clean_8FW5,False
clean_8GEB.pdb,Experimental,PDB,Unknown,clean_8GEB,False
clean_5PYO.pdb,Experimental,PDB,Unknown,clean_5PYO,False
clean_8WP1.pdb,Experimental,PDB,Unknown,clean_8WP1,False
clean_7OBP.pdb,Experimental,PDB,Unknown,clean_7OBP,False
clean_7LHW.pdb,Experimental,PDB,Unknown,clean_7LHW,False
clean_8EJK.pdb,Experimental,PDB,Unknown,clean_8EJK,False
clean_8AZA.pdb,Experimental,PDB,Unknown,clean_8AZA,False
clean_7XM9.pdb,Experimental,PDB,Unknown,clean_7XM9,False
clean_2D9Y.pdb,Experimental,PDB,Unknown,clean_2D9Y,False
clean_2X29.pdb,Experimental,PDB,Unknown,clean_2X29,False
clean_6XWG.pdb,Experimental,PDB,Unknown,clean_6XWG,False
clean_7MJD.pdb,Experimental,PDB,Unknown,clean_7MJD,False
clean_1Z4S.pdb,Experimental,PDB,Unknown,clean_1Z4S,False
clean_3CRI.pdb,Experimental,PDB,Unknown,clean_3CRI,False
clean_6NK1.pdb,Experimental,PDB,Unknown,clean_6NK1,False
clean_5PY8.pdb,Experimental,PDB,Unknown,clean_5PY8,False
clean_4HYF.pdb,Experimental,PDB,Unknown,clean_4HYF,False
clean_5E8U.pdb,Experimental,PDB,Unknown,clean_5E8U,False
clean_1RFI.pdb,Experimental,PDB,Unknown,clean_1RFI,False
clean_6G79.pdb,Experimental,PDB,Unknown,clean_6G79,False
clean_6PEO.pdb,Experimental,PDB,Unknown,clean_6PEO,False
clean_9D7K.pdb,Experimental,PDB,Unknown,clean_9D7K,False
clean_7Y5T.pdb,Experimental,PDB,Unknown,clean_7Y5T,False
clean_4P4E.pdb,Experimental,PDB,Unknown,clean_4P4E,False
clean_5CT7.pdb,Experimental,PDB,Unknown,clean_5CT7,False
clean_8JGF.pdb,Experimental,PDB,Unknown,clean_8JGF,False
clean_5J8I.pdb,Experimental,PDB,Unknown,clean_5J8I,False
clean_4HQX.pdb,Experimental,PDB,Unknown,clean_4HQX,False
clean_5NW0.pdb,Experimental,PDB,Unknown,clean_5NW0,False
clean_5SEU.pdb,Experimental,PDB,Unknown,clean_5SEU,False
clean_7BV6.pdb,Experimental,PDB,Unknown,clean_7BV6,False
clean_4PYJ.pdb,Experimental,PDB,Unknown,clean_4PYJ,False
clean_7Y49.pdb,Experimental,PDB,Unknown,clean_7Y49,False
clean_2KKW.pdb,Experimental,PDB,Unknown,clean_2KKW,False
clean_2N3J.pdb,Experimental,PDB,Unknown,clean_2N3J,False
clean_8YOR.pdb,Experimental,PDB,Unknown,clean_8YOR,False
clean_8X7Q.pdb,Experimental,PDB,Unknown,clean_8X7Q,False
clean_2L4T.pdb,Experimental,PDB,Unknown,clean_2L4T,False
clean_9BOL.pdb,Experimental,PDB,Unknown,clean_9BOL,False
clean_5PYJ.pdb,Experimental,PDB,Unknown,clean_5PYJ,False
clean_8IRU.pdb,Experimental,PDB,Unknown,clean_8IRU,False
clean_2EWY.pdb,Experimental,PDB,Unknown,clean_2EWY,False
clean_7XBK.pdb,Experimental,PDB,Unknown,clean_7XBK,False
clean_6QTJ.pdb,Experimental,PDB,Unknown,clean_6QTJ,False
clean_4W8D.pdb,Experimental,PDB,Unknown,clean_4W8D,False
clean_6V22.pdb,Experimental,PDB,Unknown,clean_6V22,False
clean_5E8X.pdb,Experimental,PDB,Unknown,clean_5E8X,False
clean_6WI9.pdb,Experimental,PDB,Unknown,clean_6WI9,False
clean_8P5G.pdb,Experimental,PDB,Unknown,clean_8P5G,False
clean_8J6P.pdb,Experimental,PDB,Unknown,clean_8J6P,False
clean_5T3P.pdb,Experimental,PDB,Unknown,clean_5T3P,False
clean_8IBU.pdb,Experimental,PDB,Unknown,clean_8IBU,False
clean_8T9B.pdb,Experimental,PDB,Unknown,clean_8T9B,False
clean_4DXA.pdb,Experimental,PDB,Unknown,clean_4DXA,False
clean_5HE2.pdb,Experimental,PDB,Unknown,clean_5HE2,False
clean_7WIG.pdb,Experimental,PDB,Unknown,clean_7WIG,False
clean_1L4T.pdb,Experimental,PDB,Unknown,clean_1L4T,False
clean_9BXO.pdb,Experimental,PDB,Unknown,clean_9BXO,False
clean_4QMY.pdb,Experimental,PDB,Unknown,clean_4QMY,False
clean_4CN3.pdb,Experimental,PDB,Unknown,clean_4CN3,False
clean_1JNK.pdb,Experimental,PDB,Unknown,clean_1JNK,False
clean_8ZVJ.pdb,Experimental,PDB,Unknown,clean_8ZVJ,False
clean_9LSJ.pdb,Experimental,PDB,Unknown,clean_9LSJ,False
clean_8ADV.pdb,Experimental,PDB,Unknown,clean_8ADV,False
clean_5O6C.pdb,Experimental,PDB,Unknown,clean_5O6C,False
clean_5ADG.pdb,Experimental,PDB,Unknown,clean_5ADG,False
clean_2YRP.pdb,Experimental,PDB,Unknown,clean_2YRP,False
clean_3Q4C.pdb,Experimental,PDB,Unknown,clean_3Q4C,False
clean_8JPP.pdb,Experimental,PDB,Unknown,clean_8JPP,False
clean_6WXM.pdb,Experimental,PDB,Unknown,clean_6WXM,False
clean_6AV0.pdb,Experimental,PDB,Unknown,clean_6AV0,False
clean_8T09.pdb,Experimental,PDB,Unknown,clean_8T09,False
clean_5PWJ.pdb,Experimental,PDB,Unknown,clean_5PWJ,False
clean_7WF4.pdb,Experimental,PDB,Unknown,clean_7WF4,False
clean_4GRA.pdb,Experimental,PDB,Unknown,clean_4GRA,False
clean_1PDB.pdb,Experimental,PDB,Unknown,clean_1PDB,False
clean_4L53.pdb,Experimental,PDB,Unknown,clean_4L53,False
clean_5SK8.pdb,Experimental,PDB,Unknown,clean_5SK8,False
clean_5PX7.pdb,Experimental,PDB,Unknown,clean_5PX7,False
clean_8U7H.pdb,Experimental,PDB,Unknown,clean_8U7H,False
clean_6YOV.pdb,Experimental,PDB,Unknown,clean_6YOV,False
clean_8GEE.pdb,Experimental,PDB,Unknown,clean_8GEE,False
clean_8QPA.pdb,Experimental,PDB,Unknown,clean_8QPA,False
clean_4FCO.pdb,Experimental,PDB,Unknown,clean_4FCO,False
clean_2ZHR.pdb,Experimental,PDB,Unknown,clean_2ZHR,False
clean_6Z0G.pdb,Experimental,PDB,Unknown,clean_6Z0G,False
clean_9BL3.pdb,Experimental,PDB,Unknown,clean_9BL3,False
clean_7LXL.pdb,Experimental,PDB,Unknown,clean_7LXL,False
clean_1WYQ.pdb,Experimental,PDB,Unknown,clean_1WYQ,False
clean_7EPT.pdb,Experimental,PDB,Unknown,clean_7EPT,False
clean_5IDN.pdb,Experimental,PDB,Unknown,clean_5IDN,False
clean_5SDW.pdb,Experimental,PDB,Unknown,clean_5SDW,False
clean_5NKB.pdb,Experimental,PDB,Unknown,clean_5NKB,False
clean_2QU3.pdb,Experimental,PDB,Unknown,clean_2QU3,False
clean_6YWZ.pdb,Experimental,PDB,Unknown,clean_6YWZ,False
clean_4ZUK.pdb,Experimental,PDB,Unknown,clean_4ZUK,False
clean_4UPU.pdb,Experimental,PDB,Unknown,clean_4UPU,False
clean_4G9R.pdb,Experimental,PDB,Unknown,clean_4G9R,False
clean_2DYF.pdb,Experimental,PDB,Unknown,clean_2DYF,False
clean_5SEY.pdb,Experimental,PDB,Unknown,clean_5SEY,False
clean_8X3L.pdb,Experimental,PDB,Unknown,clean_8X3L,False
clean_5SER.pdb,Experimental,PDB,Unknown,clean_5SER,False
clean_3U2U.pdb,Experimental,PDB,Unknown,clean_3U2U,False
clean_2F3Z.pdb,Experimental,PDB,Unknown,clean_2F3Z,False
clean_7E7S.pdb,Experimental,PDB,Unknown,clean_7E7S,False
clean_5URA.pdb,Experimental,PDB,Unknown,clean_5URA,False
clean_5DI1.pdb,Experimental,PDB,Unknown,clean_5DI1,False
clean_5XZC.pdb,Experimental,PDB,Unknown,clean_5XZC,False
clean_7RKX.pdb,Experimental,PDB,Unknown,clean_7RKX,False
clean_4OS8.pdb,Experimental,PDB,Unknown,clean_4OS8,False
clean_2YUP.pdb,Experimental,PDB,Unknown,clean_2YUP,False
clean_6B3Q.pdb,Experimental,PDB,Unknown,clean_6B3Q,False
clean_8V8I.pdb,Experimental,PDB,Unknown,clean_8V8I,False
clean_2H59.pdb,Experimental,PDB,Unknown,clean_2H59,False
clean_6V3X.pdb,Experimental,PDB,Unknown,clean_6V3X,False
clean_5VIF.pdb,Experimental,PDB,Unknown,clean_5VIF,False
clean_8TZQ.pdb,Experimental,PDB,Unknown,clean_8TZQ,False
clean_5BXU.pdb,Experimental,PDB,Unknown,clean_5BXU,False
clean_6VR1.pdb,Experimental,PDB,Unknown,clean_6VR1,False
clean_3LHG.pdb,Experimental,PDB,Unknown,clean_3LHG,False
clean_8T9G.pdb,Experimental,PDB,Unknown,clean_8T9G,False
clean_5SXB.pdb,Experimental,PDB,Unknown,clean_5SXB,False
clean_1YHO.pdb,Experimental,PDB,Unknown,clean_1YHO,False
clean_5DEF.pdb,Experimental,PDB,Unknown,clean_5DEF,False
clean_1YJT.pdb,Experimental,PDB,Unknown,clean_1YJT,False
clean_6F1W.pdb,Experimental,PDB,Unknown,clean_6F1W,False
clean_1TOZ.pdb,Experimental,PDB,Unknown,clean_1TOZ,False
clean_5HE3.pdb,Experimental,PDB,Unknown,clean_5HE3,False
clean_5PWO.pdb,Experimental,PDB,Unknown,clean_5PWO,False
clean_5FS9.pdb,Experimental,PDB,Unknown,clean_5FS9,False
clean_4UH6.pdb,Experimental,PDB,Unknown,clean_4UH6,False
clean_7KL1.pdb,Experimental,PDB,Unknown,clean_7KL1,False
clean_3IIL.pdb,Experimental,PDB,Unknown,clean_3IIL,False
clean_4JR0.pdb,Experimental,PDB,Unknown,clean_4JR0,False
clean_8HN1.pdb,Experimental,PDB,Unknown,clean_8HN1,False
clean_7EJ0.pdb,Experimental,PDB,Unknown,clean_7EJ0,False
clean_2BP1.pdb,Experimental,PDB,Unknown,clean_2BP1,False
clean_4L31.pdb,Experimental,PDB,Unknown,clean_4L31,False
clean_7F8V.pdb,Experimental,PDB,Unknown,clean_7F8V,False
clean_4ZVY.pdb,Experimental,PDB,Unknown,clean_4ZVY,False
clean_8R1G.pdb,Experimental,PDB,Unknown,clean_8R1G,False
clean_5PXD.pdb,Experimental,PDB,Unknown,clean_5PXD,False
clean_5TWH.pdb,Experimental,PDB,Unknown,clean_5TWH,False
clean_3VZC.pdb,Experimental,PDB,Unknown,clean_3VZC,False
clean_6W0Z.pdb,Experimental,PDB,Unknown,clean_6W0Z,False
clean_3PTA.pdb,Experimental,PDB,Unknown,clean_3PTA,False
clean_8I0C.pdb,Experimental,PDB,Unknown,clean_8I0C,False
clean_6MZW.pdb,Experimental,PDB,Unknown,clean_6MZW,False
clean_2VA7.pdb,Experimental,PDB,Unknown,clean_2VA7,False
clean_3JQL.pdb,Experimental,PDB,Unknown,clean_3JQL,False
clean_5ZNL.pdb,Experimental,PDB,Unknown,clean_5ZNL,False
clean_3UD8.pdb,Experimental,PDB,Unknown,clean_3UD8,False
clean_1W9E.pdb,Experimental,PDB,Unknown,clean_1W9E,False
clean_8OX5.pdb,Experimental,PDB,Unknown,clean_8OX5,False
clean_4BXL.pdb,Experimental,PDB,Unknown,clean_4BXL,False
clean_5E6B.pdb,Experimental,PDB,Unknown,clean_5E6B,False
clean_8CYO.pdb,Experimental,PDB,Unknown,clean_8CYO,False
clean_7B4B.pdb,Experimental,PDB,Unknown,clean_7B4B,False
clean_5PYP.pdb,Experimental,PDB,Unknown,clean_5PYP,False
clean_8WI2.pdb,Experimental,PDB,Unknown,clean_8WI2,False
clean_8A4K.pdb,Experimental,PDB,Unknown,clean_8A4K,False
clean_2FK3.pdb,Experimental,PDB,Unknown,clean_2FK3,False
clean_1S1G.pdb,Experimental,PDB,Unknown,clean_1S1G,False
clean_8TSC.pdb,Experimental,PDB,Unknown,clean_8TSC,False
clean_8GHV.pdb,Experimental,PDB,Unknown,clean_8GHV,False
clean_1D4W.pdb,Experimental,PDB,Unknown,clean_1D4W,False
clean_3N7P.pdb,Experimental,PDB,Unknown,clean_3N7P,False
clean_1UJS.pdb,Experimental,PDB,Unknown,clean_1UJS,False
clean_5UO3.pdb,Experimental,PDB,Unknown,clean_5UO3,False
clean_8Q9E.pdb,Experimental,PDB,Unknown,clean_8Q9E,False
clean_7A65.pdb,Experimental,PDB,Unknown,clean_7A65,False
clean_6ITU.pdb,Experimental,PDB,Unknown,clean_6ITU,False
clean_5NKG.pdb,Experimental,PDB,Unknown,clean_5NKG,False
clean_4DDR.pdb,Experimental,PDB,Unknown,clean_4DDR,False
clean_6ODG.pdb,Experimental,PDB,Unknown,clean_6ODG,False
clean_8ORZ.pdb,Experimental,PDB,Unknown,clean_8ORZ,False
clean_6X9J.pdb,Experimental,PDB,Unknown,clean_6X9J,False
clean_4XKI.pdb,Experimental,PDB,Unknown,clean_4XKI,False
clean_6GHD.pdb,Experimental,PDB,Unknown,clean_6GHD,False
clean_7VGI.pdb,Experimental,PDB,Unknown,clean_7VGI,False
clean_3QXM.pdb,Experimental,PDB,Unknown,clean_3QXM,False
clean_7WR0.pdb,Experimental,PDB,Unknown,clean_7WR0,False
clean_3DOW.pdb,Experimental,PDB,Unknown,clean_3DOW,False
clean_1HFR.pdb,Experimental,PDB,Unknown,clean_1HFR,False
clean_2WY3.pdb,Experimental,PDB,Unknown,clean_2WY3,False
clean_6HEL.pdb,Experimental,PDB,Unknown,clean_6HEL,False
clean_3K5G.pdb,Experimental,PDB,Unknown,clean_3K5G,False
clean_4DEQ.pdb,Experimental,PDB,Unknown,clean_4DEQ,False
clean_7QPM.pdb,Experimental,PDB,Unknown,clean_7QPM,False
clean_8XJO.pdb,Experimental,PDB,Unknown,clean_8XJO,False
clean_1MU9.pdb,Experimental,PDB,Unknown,clean_1MU9,False
clean_3HPH.pdb,Experimental,PDB,Unknown,clean_3HPH,False
clean_6SL6.pdb,Experimental,PDB,Unknown,clean_6SL6,False
clean_8VLB.pdb,Experimental,PDB,Unknown,clean_8VLB,False
clean_9GOX.pdb,Experimental,PDB,Unknown,clean_9GOX,False
clean_7TW6.pdb,Experimental,PDB,Unknown,clean_7TW6,False
clean_1CI4.pdb,Experimental,PDB,Unknown,clean_1CI4,False
clean_6XI5.pdb,Experimental,PDB,Unknown,clean_6XI5,False
clean_1J55.pdb,Experimental,PDB,Unknown,clean_1J55,False
clean_1OLH.pdb,Experimental,PDB,Unknown,clean_1OLH,False
clean_5IOI.pdb,Experimental,PDB,Unknown,clean_5IOI,False
clean_8XVI.pdb,Experimental,PDB,Unknown,clean_8XVI,False
clean_7W56.pdb,Experimental,PDB,Unknown,clean_7W56,False
clean_6GMX.pdb,Experimental,PDB,Unknown,clean_6GMX,False
clean_5HZI.pdb,Experimental,PDB,Unknown,clean_5HZI,False
clean_8AG2.pdb,Experimental,PDB,Unknown,clean_8AG2,False
clean_1RYU.pdb,Experimental,PDB,Unknown,clean_1RYU,False
clean_8PK2.pdb,Experimental,PDB,Unknown,clean_8PK2,False
clean_8KH4.pdb,Experimental,PDB,Unknown,clean_8KH4,False
clean_8WVV.pdb,Experimental,PDB,Unknown,clean_8WVV,False
clean_3FUG.pdb,Experimental,PDB,Unknown,clean_3FUG,False
clean_8XX6.pdb,Experimental,PDB,Unknown,clean_8XX6,False
clean_7WQM.pdb,Experimental,PDB,Unknown,clean_7WQM,False
clean_4ZOP.pdb,Experimental,PDB,Unknown,clean_4ZOP,False
clean_5XJT.pdb,Experimental,PDB,Unknown,clean_5XJT,False
clean_8JN8.pdb,Experimental,PDB,Unknown,clean_8JN8,False
clean_4WO1.pdb,Experimental,PDB,Unknown,clean_4WO1,False
clean_3ITM.pdb,Experimental,PDB,Unknown,clean_3ITM,False
clean_7E8Z.pdb,Experimental,PDB,Unknown,clean_7E8Z,False
clean_8EF6.pdb,Experimental,PDB,Unknown,clean_8EF6,False
clean_1FBY.pdb,Experimental,PDB,Unknown,clean_1FBY,False
clean_6FWU.pdb,Experimental,PDB,Unknown,clean_6FWU,False
clean_5SHF.pdb,Experimental,PDB,Unknown,clean_5SHF,False
clean_8CQE.pdb,Experimental,PDB,Unknown,clean_8CQE,False
clean_8SZJ.pdb,Experimental,PDB,Unknown,clean_8SZJ,False
clean_8KF5.pdb,Experimental,PDB,Unknown,clean_8KF5,False
clean_6L72.pdb,Experimental,PDB,Unknown,clean_6L72,False
clean_3HDN.pdb,Experimental,PDB,Unknown,clean_3HDN,False
clean_8S8A.pdb,Experimental,PDB,Unknown,clean_8S8A,False
clean_6NNA.pdb,Experimental,PDB,Unknown,clean_6NNA,False
clean_8JTY.pdb,Experimental,PDB,Unknown,clean_8JTY,False
clean_8CTC.pdb,Experimental,PDB,Unknown,clean_8CTC,False
clean_9H8C.pdb,Experimental,PDB,Unknown,clean_9H8C,False
clean_6FD3.pdb,Experimental,PDB,Unknown,clean_6FD3,False
clean_1NF1.pdb,Experimental,PDB,Unknown,clean_1NF1,False
clean_2LLK.pdb,Experimental,PDB,Unknown,clean_2LLK,False
clean_3DZU.pdb,Experimental,PDB,Unknown,clean_3DZU,False
clean_5PX5.pdb,Experimental,PDB,Unknown,clean_5PX5,False
clean_5DH5.pdb,Experimental,PDB,Unknown,clean_5DH5,False
clean_3H0I.pdb,Experimental,PDB,Unknown,clean_3H0I,False
clean_5SJ8.pdb,Experimental,PDB,Unknown,clean_5SJ8,False
clean_5C9C.pdb,Experimental,PDB,Unknown,clean_5C9C,False
clean_5IBP.pdb,Experimental,PDB,Unknown,clean_5IBP,False
clean_7BRT.pdb,Experimental,PDB,Unknown,clean_7BRT,False
clean_4R0U.pdb,Experimental,PDB,Unknown,clean_4R0U,False
clean_7U33.pdb,Experimental,PDB,Unknown,clean_7U33,False
clean_4PY0.pdb,Experimental,PDB,Unknown,clean_4PY0,False
clean_7F61.pdb,Experimental,PDB,Unknown,clean_7F61,False
clean_4XI9.pdb,Experimental,PDB,Unknown,clean_4XI9,False
clean_7OUH.pdb,Experimental,PDB,Unknown,clean_7OUH,False
clean_6NR0.pdb,Experimental,PDB,Unknown,clean_6NR0,False
clean_8ID3.pdb,Experimental,PDB,Unknown,clean_8ID3,False
clean_9B9Z.pdb,Experimental,PDB,Unknown,clean_9B9Z,False
clean_3S7M.pdb,Experimental,PDB,Unknown,clean_3S7M,False
clean_8JIM.pdb,Experimental,PDB,Unknown,clean_8JIM,False
clean_3JSW.pdb,Experimental,PDB,Unknown,clean_3JSW,False
clean_8P9C.pdb,Experimental,PDB,Unknown,clean_8P9C,False
clean_7X5H.pdb,Experimental,PDB,Unknown,clean_7X5H,False
clean_3G2V.pdb,Experimental,PDB,Unknown,clean_3G2V,False
clean_5SVE.pdb,Experimental,PDB,Unknown,clean_5SVE,False
clean_5J17.pdb,Experimental,PDB,Unknown,clean_5J17,False
clean_6B9D.pdb,Experimental,PDB,Unknown,clean_6B9D,False
clean_9ERN.pdb,Experimental,PDB,Unknown,clean_9ERN,False
clean_2MEJ.pdb,Experimental,PDB,Unknown,clean_2MEJ,False
clean_6ZPL.pdb,Experimental,PDB,Unknown,clean_6ZPL,False
clean_4XDJ.pdb,Experimental,PDB,Unknown,clean_4XDJ,False
clean_1VZO.pdb,Experimental,PDB,Unknown,clean_1VZO,False
clean_8VLO.pdb,Experimental,PDB,Unknown,clean_8VLO,False
clean_2YIY.pdb,Experimental,PDB,Unknown,clean_2YIY,False
clean_8JJP.pdb,Experimental,PDB,Unknown,clean_8JJP,False
clean_3CRG.pdb,Experimental,PDB,Unknown,clean_3CRG,False
clean_4UI2.pdb,Experimental,PDB,Unknown,clean_4UI2,False
clean_5O49.pdb,Experimental,PDB,Unknown,clean_5O49,False
clean_3A4P.pdb,Experimental,PDB,Unknown,clean_3A4P,False
clean_5LV0.pdb,Experimental,PDB,Unknown,clean_5LV0,False
clean_4GDO.pdb,Experimental,PDB,Unknown,clean_4GDO,False
clean_4F59.pdb,Experimental,PDB,Unknown,clean_4F59,False
clean_7B44.pdb,Experimental,PDB,Unknown,clean_7B44,False
clean_8WWK.pdb,Experimental,PDB,Unknown,clean_8WWK,False
clean_9B3N.pdb,Experimental,PDB,Unknown,clean_9B3N,False
clean_1A1B.pdb,Experimental,PDB,Unknown,clean_1A1B,False
clean_7XY7.pdb,Experimental,PDB,Unknown,clean_7XY7,False
clean_8ZLI.pdb,Experimental,PDB,Unknown,clean_8ZLI,False
clean_2LOW.pdb,Experimental,PDB,Unknown,clean_2LOW,False
clean_6TLC.pdb,Experimental,PDB,Unknown,clean_6TLC,False
clean_8BDN.pdb,Experimental,PDB,Unknown,clean_8BDN,False
clean_7WU9.pdb,Experimental,PDB,Unknown,clean_7WU9,False
clean_4WTU.pdb,Experimental,PDB,Unknown,clean_4WTU,False
clean_3UD7.pdb,Experimental,PDB,Unknown,clean_3UD7,False
clean_7W6T.pdb,Experimental,PDB,Unknown,clean_7W6T,False
clean_2LHL.pdb,Experimental,PDB,Unknown,clean_2LHL,False
clean_6TI5.pdb,Experimental,PDB,Unknown,clean_6TI5,False
clean_1NT3.pdb,Experimental,PDB,Unknown,clean_1NT3,False
clean_8KIG.pdb,Experimental,PDB,Unknown,clean_8KIG,False
clean_8FNZ.pdb,Experimental,PDB,Unknown,clean_8FNZ,False
clean_2P1H.pdb,Experimental,PDB,Unknown,clean_2P1H,False
clean_1A1E.pdb,Experimental,PDB,Unknown,clean_1A1E,False
clean_5QQE.pdb,Experimental,PDB,Unknown,clean_5QQE,False
clean_1W2F.pdb,Experimental,PDB,Unknown,clean_1W2F,False
clean_3N2Z.pdb,Experimental,PDB,Unknown,clean_3N2Z,False
clean_6A60.pdb,Experimental,PDB,Unknown,clean_6A60,False
clean_5QCO.pdb,Experimental,PDB,Unknown,clean_5QCO,False
clean_2QL7.pdb,Experimental,PDB,Unknown,clean_2QL7,False
clean_7N88.pdb,Experimental,PDB,Unknown,clean_7N88,False
clean_3DYN.pdb,Experimental,PDB,Unknown,clean_3DYN,False
clean_7TTS.pdb,Experimental,PDB,Unknown,clean_7TTS,False
clean_1HKN.pdb,Experimental,PDB,Unknown,clean_1HKN,False
clean_9JVG.pdb,Experimental,PDB,Unknown,clean_9JVG,False
clean_3VG1.pdb,Experimental,PDB,Unknown,clean_3VG1,False
clean_3OHF.pdb,Experimental,PDB,Unknown,clean_3OHF,False
clean_5TO6.pdb,Experimental,PDB,Unknown,clean_5TO6,False
clean_6QTG.pdb,Experimental,PDB,Unknown,clean_6QTG,False
clean_4J6S.pdb,Experimental,PDB,Unknown,clean_4J6S,False
clean_6OCP.pdb,Experimental,PDB,Unknown,clean_6OCP,False
clean_7U4T.pdb,Experimental,PDB,Unknown,clean_7U4T,False
clean_7DVQ.pdb,Experimental,PDB,Unknown,clean_7DVQ,False
clean_8P5L.pdb,Experimental,PDB,Unknown,clean_8P5L,False
clean_2N6F.pdb,Experimental,PDB,Unknown,clean_2N6F,False
clean_6LPB.pdb,Experimental,PDB,Unknown,clean_6LPB,False
clean_1YJV.pdb,Experimental,PDB,Unknown,clean_1YJV,False
clean_8XE7.pdb,Experimental,PDB,Unknown,clean_8XE7,False
clean_9E8I.pdb,Experimental,PDB,Unknown,clean_9E8I,False
clean_6OB6.pdb,Experimental,PDB,Unknown,clean_6OB6,False
clean_7BFZ.pdb,Experimental,PDB,Unknown,clean_7BFZ,False
clean_8E6V.pdb,Experimental,PDB,Unknown,clean_8E6V,False
clean_4AYT.pdb,Experimental,PDB,Unknown,clean_4AYT,False
clean_3VD2.pdb,Experimental,PDB,Unknown,clean_3VD2,False
clean_8JPR.pdb,Experimental,PDB,Unknown,clean_8JPR,False
clean_3MV5.pdb,Experimental,PDB,Unknown,clean_3MV5,False
clean_3CD0.pdb,Experimental,PDB,Unknown,clean_3CD0,False
clean_8SSA.pdb,Experimental,PDB,Unknown,clean_8SSA,False
clean_8V9D.pdb,Experimental,PDB,Unknown,clean_8V9D,False
clean_6X3E.pdb,Experimental,PDB,Unknown,clean_6X3E,False
clean_5WIU.pdb,Experimental,PDB,Unknown,clean_5WIU,False
clean_3KN6.pdb,Experimental,PDB,Unknown,clean_3KN6,False
clean_8QZ2.pdb,Experimental,PDB,Unknown,clean_8QZ2,False
clean_8K2X.pdb,Experimental,PDB,Unknown,clean_8K2X,False
clean_7NY9.pdb,Experimental,PDB,Unknown,clean_7NY9,False
clean_5PYS.pdb,Experimental,PDB,Unknown,clean_5PYS,False
clean_4BUW.pdb,Experimental,PDB,Unknown,clean_4BUW,False
clean_4BFP.pdb,Experimental,PDB,Unknown,clean_4BFP,False
clean_2D06.pdb,Experimental,PDB,Unknown,clean_2D06,False
clean_4NGQ.pdb,Experimental,PDB,Unknown,clean_4NGQ,False
clean_7QN5.pdb,Experimental,PDB,Unknown,clean_7QN5,False
clean_5YQZ.pdb,Experimental,PDB,Unknown,clean_5YQZ,False
clean_4BXU.pdb,Experimental,PDB,Unknown,clean_4BXU,False
clean_8IRR.pdb,Experimental,PDB,Unknown,clean_8IRR,False
clean_4F6S.pdb,Experimental,PDB,Unknown,clean_4F6S,False
clean_6PO8.pdb,Experimental,PDB,Unknown,clean_6PO8,False
clean_7W2P.pdb,Experimental,PDB,Unknown,clean_7W2P,False
clean_2E2X.pdb,Experimental,PDB,Unknown,clean_2E2X,False
clean_5O1E.pdb,Experimental,PDB,Unknown,clean_5O1E,False
clean_4FL5.pdb,Experimental,PDB,Unknown,clean_4FL5,False
clean_4P4D.pdb,Experimental,PDB,Unknown,clean_4P4D,False
clean_2GPV.pdb,Experimental,PDB,Unknown,clean_2GPV,False
clean_8YIY.pdb,Experimental,PDB,Unknown,clean_8YIY,False
clean_8EI7.pdb,Experimental,PDB,Unknown,clean_8EI7,False
clean_8IJA.pdb,Experimental,PDB,Unknown,clean_8IJA,False
clean_7WQR.pdb,Experimental,PDB,Unknown,clean_7WQR,False
clean_8G58.pdb,Experimental,PDB,Unknown,clean_8G58,False
clean_5UD8.pdb,Experimental,PDB,Unknown,clean_5UD8,False
clean_8GGF.pdb,Experimental,PDB,Unknown,clean_8GGF,False
clean_7QKK.pdb,Experimental,PDB,Unknown,clean_7QKK,False
clean_6FJ5.pdb,Experimental,PDB,Unknown,clean_6FJ5,False
clean_4AHI.pdb,Experimental,PDB,Unknown,clean_4AHI,False
clean_7SK8.pdb,Experimental,PDB,Unknown,clean_7SK8,False
clean_7F1S.pdb,Experimental,PDB,Unknown,clean_7F1S,False
clean_6ZZU.pdb,Experimental,PDB,Unknown,clean_6ZZU,False
clean_3U3S.pdb,Experimental,PDB,Unknown,clean_3U3S,False
clean_2W8O.pdb,Experimental,PDB,Unknown,clean_2W8O,False
clean_3KXC.pdb,Experimental,PDB,Unknown,clean_3KXC,False
clean_4YE9.pdb,Experimental,PDB,Unknown,clean_4YE9,False
clean_3V9G.pdb,Experimental,PDB,Unknown,clean_3V9G,False
clean_5PXP.pdb,Experimental,PDB,Unknown,clean_5PXP,False
clean_5XUJ.pdb,Experimental,PDB,Unknown,clean_5XUJ,False
clean_5UO2.pdb,Experimental,PDB,Unknown,clean_5UO2,False
clean_6CIX.pdb,Experimental,PDB,Unknown,clean_6CIX,False
clean_8JRT.pdb,Experimental,PDB,Unknown,clean_8JRT,False
clean_6FQ1.pdb,Experimental,PDB,Unknown,clean_6FQ1,False
clean_3IFO.pdb,Experimental,PDB,Unknown,clean_3IFO,False
clean_8PPA.pdb,Experimental,PDB,Unknown,clean_8PPA,False
clean_5NVX.pdb,Experimental,PDB,Unknown,clean_5NVX,False
clean_2OSA.pdb,Experimental,PDB,Unknown,clean_2OSA,False
clean_7QGP.pdb,Experimental,PDB,Unknown,clean_7QGP,False
clean_7M2E.pdb,Experimental,PDB,Unknown,clean_7M2E,False
clean_5GGL.pdb,Experimental,PDB,Unknown,clean_5GGL,False
clean_5CMM.pdb,Experimental,PDB,Unknown,clean_5CMM,False
clean_6PVE.pdb,Experimental,PDB,Unknown,clean_6PVE,False
clean_8KCI.pdb,Experimental,PDB,Unknown,clean_8KCI,False
clean_8E6Q.pdb,Experimental,PDB,Unknown,clean_8E6Q,False
clean_5IN5.pdb,Experimental,PDB,Unknown,clean_5IN5,False
clean_7V4C.pdb,Experimental,PDB,Unknown,clean_7V4C,False
clean_5SH1.pdb,Experimental,PDB,Unknown,clean_5SH1,False
clean_5TZ3.pdb,Experimental,PDB,Unknown,clean_5TZ3,False
clean_4FU6.pdb,Experimental,PDB,Unknown,clean_4FU6,False
clean_2CJW.pdb,Experimental,PDB,Unknown,clean_2CJW,False
clean_8XQR.pdb,Experimental,PDB,Unknown,clean_8XQR,False
clean_5F8P.pdb,Experimental,PDB,Unknown,clean_5F8P,False
clean_3R58.pdb,Experimental,PDB,Unknown,clean_3R58,False
clean_2LLT.pdb,Experimental,PDB,Unknown,clean_2LLT,False
clean_1H59.pdb,Experimental,PDB,Unknown,clean_1H59,False
clean_8TB9.pdb,Experimental,PDB,Unknown,clean_8TB9,False
clean_5IJR.pdb,Experimental,PDB,Unknown,clean_5IJR,False
clean_3PZZ.pdb,Experimental,PDB,Unknown,clean_3PZZ,False
clean_5TIN.pdb,Experimental,PDB,Unknown,clean_5TIN,False
clean_2W8P.pdb,Experimental,PDB,Unknown,clean_2W8P,False
clean_4AGP.pdb,Experimental,PDB,Unknown,clean_4AGP,False
clean_4Y87.pdb,Experimental,PDB,Unknown,clean_4Y87,False
clean_6GK8.pdb,Experimental,PDB,Unknown,clean_6GK8,False
clean_6X1A.pdb,Experimental,PDB,Unknown,clean_6X1A,False
clean_7JSQ.pdb,Experimental,PDB,Unknown,clean_7JSQ,False
clean_4PYI.pdb,Experimental,PDB,Unknown,clean_4PYI,False
clean_6SIP.pdb,Experimental,PDB,Unknown,clean_6SIP,False
clean_2WF3.pdb,Experimental,PDB,Unknown,clean_2WF3,False
clean_4W4X.pdb,Experimental,PDB,Unknown,clean_4W4X,False
clean_5SID.pdb,Experimental,PDB,Unknown,clean_5SID,False
clean_3OAP.pdb,Experimental,PDB,Unknown,clean_3OAP,False
clean_5EWJ.pdb,Experimental,PDB,Unknown,clean_5EWJ,False
clean_7CMV.pdb,Experimental,PDB,Unknown,clean_7CMV,False
clean_4NGM.pdb,Experimental,PDB,Unknown,clean_4NGM,False
clean_2V1X.pdb,Experimental,PDB,Unknown,clean_2V1X,False
clean_6Q2O.pdb,Experimental,PDB,Unknown,clean_6Q2O,False
clean_9EOH.pdb,Experimental,PDB,Unknown,clean_9EOH,False
clean_5F21.pdb,Experimental,PDB,Unknown,clean_5F21,False
clean_8XIQ.pdb,Experimental,PDB,Unknown,clean_8XIQ,False
clean_1BND.pdb,Experimental,PDB,Unknown,clean_1BND,False
clean_6RL4.pdb,Experimental,PDB,Unknown,clean_6RL4,False
clean_4ZZJ.pdb,Experimental,PDB,Unknown,clean_4ZZJ,False
clean_7EJ8.pdb,Experimental,PDB,Unknown,clean_7EJ8,False
clean_7FCR.pdb,Experimental,PDB,Unknown,clean_7FCR,False
clean_8B7D.pdb,Experimental,PDB,Unknown,clean_8B7D,False
clean_2RFN.pdb,Experimental,PDB,Unknown,clean_2RFN,False
clean_3D07.pdb,Experimental,PDB,Unknown,clean_3D07,False
clean_5BO7.pdb,Experimental,PDB,Unknown,clean_5BO7,False
clean_8WFL.pdb,Experimental,PDB,Unknown,clean_8WFL,False
clean_5UZ7.pdb,Experimental,PDB,Unknown,clean_5UZ7,False
clean_5I3X.pdb,Experimental,PDB,Unknown,clean_5I3X,False
clean_2B2Y.pdb,Experimental,PDB,Unknown,clean_2B2Y,False
clean_6DLO.pdb,Experimental,PDB,Unknown,clean_6DLO,False
clean_5OQV.pdb,Experimental,PDB,Unknown,clean_5OQV,False
clean_6RZ3.pdb,Experimental,PDB,Unknown,clean_6RZ3,False
clean_8VM6.pdb,Experimental,PDB,Unknown,clean_8VM6,False
clean_1RV6.pdb,Experimental,PDB,Unknown,clean_1RV6,False
clean_8G1P.pdb,Experimental,PDB,Unknown,clean_8G1P,False
clean_8CTD.pdb,Experimental,PDB,Unknown,clean_8CTD,False
clean_5AR2.pdb,Experimental,PDB,Unknown,clean_5AR2,False
clean_8AAI.pdb,Experimental,PDB,Unknown,clean_8AAI,False
clean_4JPC.pdb,Experimental,PDB,Unknown,clean_4JPC,False
clean_3MDG.pdb,Experimental,PDB,Unknown,clean_3MDG,False
clean_4WKI.pdb,Experimental,PDB,Unknown,clean_4WKI,False
clean_1MR0.pdb,Experimental,PDB,Unknown,clean_1MR0,False
clean_6UVY.pdb,Experimental,PDB,Unknown,clean_6UVY,False
clean_5E52.pdb,Experimental,PDB,Unknown,clean_5E52,False
clean_7TS7.pdb,Experimental,PDB,Unknown,clean_7TS7,False
clean_1LE2.pdb,Experimental,PDB,Unknown,clean_1LE2,False
clean_8FLS.pdb,Experimental,PDB,Unknown,clean_8FLS,False
clean_6FQR.pdb,Experimental,PDB,Unknown,clean_6FQR,False
clean_7DB6.pdb,Experimental,PDB,Unknown,clean_7DB6,False
clean_6OD6.pdb,Experimental,PDB,Unknown,clean_6OD6,False
clean_7EOD.pdb,Experimental,PDB,Unknown,clean_7EOD,False
clean_1K5A.pdb,Experimental,PDB,Unknown,clean_1K5A,False
clean_6UMC.pdb,Experimental,PDB,Unknown,clean_6UMC,False
clean_5G4M.pdb,Experimental,PDB,Unknown,clean_5G4M,False
clean_7W7F.pdb,Experimental,PDB,Unknown,clean_7W7F,False
clean_9F35.pdb,Experimental,PDB,Unknown,clean_9F35,False
clean_4W9G.pdb,Experimental,PDB,Unknown,clean_4W9G,False
clean_5SIX.pdb,Experimental,PDB,Unknown,clean_5SIX,False
clean_5NFT.pdb,Experimental,PDB,Unknown,clean_5NFT,False
clean_2FOJ.pdb,Experimental,PDB,Unknown,clean_2FOJ,False
clean_2MGT.pdb,Experimental,PDB,Unknown,clean_2MGT,False
clean_7VQ2.pdb,Experimental,PDB,Unknown,clean_7VQ2,False
clean_6HUF.pdb,Experimental,PDB,Unknown,clean_6HUF,False
clean_7BRJ.pdb,Experimental,PDB,Unknown,clean_7BRJ,False
clean_5GGO.pdb,Experimental,PDB,Unknown,clean_5GGO,False
clean_4CT7.pdb,Experimental,PDB,Unknown,clean_4CT7,False
clean_5D7F.pdb,Experimental,PDB,Unknown,clean_5D7F,False
clean_3UIH.pdb,Experimental,PDB,Unknown,clean_3UIH,False
clean_6OOB.pdb,Experimental,PDB,Unknown,clean_6OOB,False
clean_2D7N.pdb,Experimental,PDB,Unknown,clean_2D7N,False
clean_3R7M.pdb,Experimental,PDB,Unknown,clean_3R7M,False
clean_8GFV.pdb,Experimental,PDB,Unknown,clean_8GFV,False
clean_2JUN.pdb,Experimental,PDB,Unknown,clean_2JUN,False
clean_8WVY.pdb,Experimental,PDB,Unknown,clean_8WVY,False
clean_6OSM.pdb,Experimental,PDB,Unknown,clean_6OSM,False
clean_8PJK.pdb,Experimental,PDB,Unknown,clean_8PJK,False
clean_2OHP.pdb,Experimental,PDB,Unknown,clean_2OHP,False
clean_4RCW.pdb,Experimental,PDB,Unknown,clean_4RCW,False
clean_8A9G.pdb,Experimental,PDB,Unknown,clean_8A9G,False
clean_9E8G.pdb,Experimental,PDB,Unknown,clean_9E8G,False
clean_3CDA.pdb,Experimental,PDB,Unknown,clean_3CDA,False
clean_6BCZ.pdb,Experimental,PDB,Unknown,clean_6BCZ,False
clean_9C6V.pdb,Experimental,PDB,Unknown,clean_9C6V,False
clean_7OZG.pdb,Experimental,PDB,Unknown,clean_7OZG,False
clean_3E8D.pdb,Experimental,PDB,Unknown,clean_3E8D,False
clean_4L3O.pdb,Experimental,PDB,Unknown,clean_4L3O,False
clean_9D69.pdb,Experimental,PDB,Unknown,clean_9D69,False
clean_8HLP.pdb,Experimental,PDB,Unknown,clean_8HLP,False
clean_9CGZ.pdb,Experimental,PDB,Unknown,clean_9CGZ,False
clean_1AOU.pdb,Experimental,PDB,Unknown,clean_1AOU,False
clean_2EBK.pdb,Experimental,PDB,Unknown,clean_2EBK,False
clean_3I4B.pdb,Experimental,PDB,Unknown,clean_3I4B,False
clean_6RHY.pdb,Experimental,PDB,Unknown,clean_6RHY,False
clean_8ILR.pdb,Experimental,PDB,Unknown,clean_8ILR,False
clean_4JPS.pdb,Experimental,PDB,Unknown,clean_4JPS,False
clean_7MP6.pdb,Experimental,PDB,Unknown,clean_7MP6,False
clean_2WF4.pdb,Experimental,PDB,Unknown,clean_2WF4,False
clean_5SJ9.pdb,Experimental,PDB,Unknown,clean_5SJ9,False
clean_8HVH.pdb,Experimental,PDB,Unknown,clean_8HVH,False
clean_1NFA.pdb,Experimental,PDB,Unknown,clean_1NFA,False
clean_5EWL.pdb,Experimental,PDB,Unknown,clean_5EWL,False
clean_8HZC.pdb,Experimental,PDB,Unknown,clean_8HZC,False
clean_7UFD.pdb,Experimental,PDB,Unknown,clean_7UFD,False
clean_5MYX.pdb,Experimental,PDB,Unknown,clean_5MYX,False
clean_8KB7.pdb,Experimental,PDB,Unknown,clean_8KB7,False
clean_4ZPE.pdb,Experimental,PDB,Unknown,clean_4ZPE,False
clean_6OCU.pdb,Experimental,PDB,Unknown,clean_6OCU,False
clean_8IBV.pdb,Experimental,PDB,Unknown,clean_8IBV,False
clean_5PZC.pdb,Experimental,PDB,Unknown,clean_5PZC,False
clean_6FNH.pdb,Experimental,PDB,Unknown,clean_6FNH,False
clean_5VYK.pdb,Experimental,PDB,Unknown,clean_5VYK,False
clean_5SEJ.pdb,Experimental,PDB,Unknown,clean_5SEJ,False
clean_4ERV.pdb,Experimental,PDB,Unknown,clean_4ERV,False
clean_6Q2S.pdb,Experimental,PDB,Unknown,clean_6Q2S,False
clean_8UNS.pdb,Experimental,PDB,Unknown,clean_8UNS,False
clean_3OY1.pdb,Experimental,PDB,Unknown,clean_3OY1,False
clean_8K0G.pdb,Experimental,PDB,Unknown,clean_8K0G,False
clean_4M1C.pdb,Experimental,PDB,Unknown,clean_4M1C,False
clean_6LVM.pdb,Experimental,PDB,Unknown,clean_6LVM,False
clean_2FCF.pdb,Experimental,PDB,Unknown,clean_2FCF,False
clean_1HFQ.pdb,Experimental,PDB,Unknown,clean_1HFQ,False
clean_6U3D.pdb,Experimental,PDB,Unknown,clean_6U3D,False
clean_1VJY.pdb,Experimental,PDB,Unknown,clean_1VJY,False
clean_6LN5.pdb,Experimental,PDB,Unknown,clean_6LN5,False
clean_5HT5.pdb,Experimental,PDB,Unknown,clean_5HT5,False
clean_7OBS.pdb,Experimental,PDB,Unknown,clean_7OBS,False
clean_2OUY.pdb,Experimental,PDB,Unknown,clean_2OUY,False
clean_1DQ8.pdb,Experimental,PDB,Unknown,clean_1DQ8,False
clean_1YMM.pdb,Experimental,PDB,Unknown,clean_1YMM,False
clean_8OTS.pdb,Experimental,PDB,Unknown,clean_8OTS,False
clean_7WY0.pdb,Experimental,PDB,Unknown,clean_7WY0,False
clean_3E46.pdb,Experimental,PDB,Unknown,clean_3E46,False
clean_8FGK.pdb,Experimental,PDB,Unknown,clean_8FGK,False
clean_1O4G.pdb,Experimental,PDB,Unknown,clean_1O4G,False
clean_8XGO.pdb,Experimental,PDB,Unknown,clean_8XGO,False
clean_2ODG.pdb,Experimental,PDB,Unknown,clean_2ODG,False
clean_3U2X.pdb,Experimental,PDB,Unknown,clean_3U2X,False
clean_5SHQ.pdb,Experimental,PDB,Unknown,clean_5SHQ,False
clean_6T5H.pdb,Experimental,PDB,Unknown,clean_6T5H,False
clean_2CFH.pdb,Experimental,PDB,Unknown,clean_2CFH,False
clean_2QXG.pdb,Experimental,PDB,Unknown,clean_2QXG,False
clean_8DKM.pdb,Experimental,PDB,Unknown,clean_8DKM,False
clean_8GW3.pdb,Experimental,PDB,Unknown,clean_8GW3,False
clean_5SEL.pdb,Experimental,PDB,Unknown,clean_5SEL,False
clean_8STW.pdb,Experimental,PDB,Unknown,clean_8STW,False
clean_2J32.pdb,Experimental,PDB,Unknown,clean_2J32,False
clean_1BMP.pdb,Experimental,PDB,Unknown,clean_1BMP,False
clean_7WYB.pdb,Experimental,PDB,Unknown,clean_7WYB,False
clean_3JDW.pdb,Experimental,PDB,Unknown,clean_3JDW,False
clean_2A41.pdb,Experimental,PDB,Unknown,clean_2A41,False
clean_7PQP.pdb,Experimental,PDB,Unknown,clean_7PQP,False
clean_3B2Z.pdb,Experimental,PDB,Unknown,clean_3B2Z,False
clean_7UWL.pdb,Experimental,PDB,Unknown,clean_7UWL,False
clean_3SU8.pdb,Experimental,PDB,Unknown,clean_3SU8,False
clean_6P7G.pdb,Experimental,PDB,Unknown,clean_6P7G,False
clean_8Q9D.pdb,Experimental,PDB,Unknown,clean_8Q9D,False
clean_3W8H.pdb,Experimental,PDB,Unknown,clean_3W8H,False
clean_1OLG.pdb,Experimental,PDB,Unknown,clean_1OLG,False
clean_4TNU.pdb,Experimental,PDB,Unknown,clean_4TNU,False
clean_3CGO.pdb,Experimental,PDB,Unknown,clean_3CGO,False
clean_3D8F.pdb,Experimental,PDB,Unknown,clean_3D8F,False
clean_5VND.pdb,Experimental,PDB,Unknown,clean_5VND,False
clean_5GGF.pdb,Experimental,PDB,Unknown,clean_5GGF,False
clean_8J21.pdb,Experimental,PDB,Unknown,clean_8J21,False
clean_5MQV.pdb,Experimental,PDB,Unknown,clean_5MQV,False
clean_4K9T.pdb,Experimental,PDB,Unknown,clean_4K9T,False
clean_5R4K.pdb,Experimental,PDB,Unknown,clean_5R4K,False
clean_2HBY.pdb,Experimental,PDB,Unknown,clean_2HBY,False
clean_2ZJL.pdb,Experimental,PDB,Unknown,clean_2ZJL,False
clean_8UHA.pdb,Experimental,PDB,Unknown,clean_8UHA,False
clean_4RZG.pdb,Experimental,PDB,Unknown,clean_4RZG,False
clean_7D8S.pdb,Experimental,PDB,Unknown,clean_7D8S,False
clean_3D6F.pdb,Experimental,PDB,Unknown,clean_3D6F,False
clean_8PQH.pdb,Experimental,PDB,Unknown,clean_8PQH,False
clean_4FRJ.pdb,Experimental,PDB,Unknown,clean_4FRJ,False
clean_7F66.pdb,Experimental,PDB,Unknown,clean_7F66,False
clean_7M3E.pdb,Experimental,PDB,Unknown,clean_7M3E,False
clean_5HLN.pdb,Experimental,PDB,Unknown,clean_5HLN,False
clean_5J95.pdb,Experimental,PDB,Unknown,clean_5J95,False
clean_5XQX.pdb,Experimental,PDB,Unknown,clean_5XQX,False
clean_2PX6.pdb,Experimental,PDB,Unknown,clean_2PX6,False
clean_8QU8.pdb,Experimental,PDB,Unknown,clean_8QU8,False
clean_6K3A.pdb,Experimental,PDB,Unknown,clean_6K3A,False
clean_4NNM.pdb,Experimental,PDB,Unknown,clean_4NNM,False
clean_1KMC.pdb,Experimental,PDB,Unknown,clean_1KMC,False
clean_3UD2.pdb,Experimental,PDB,Unknown,clean_3UD2,False
clean_8GTM.pdb,Experimental,PDB,Unknown,clean_8GTM,False
clean_3H1Z.pdb,Experimental,PDB,Unknown,clean_3H1Z,False
clean_8TTL.pdb,Experimental,PDB,Unknown,clean_8TTL,False
clean_7DTW.pdb,Experimental,PDB,Unknown,clean_7DTW,False
clean_5ZQU.pdb,Experimental,PDB,Unknown,clean_5ZQU,False
clean_8UH3.pdb,Experimental,PDB,Unknown,clean_8UH3,False
clean_6UWV.pdb,Experimental,PDB,Unknown,clean_6UWV,False
clean_4U43.pdb,Experimental,PDB,Unknown,clean_4U43,False
clean_9D66.pdb,Experimental,PDB,Unknown,clean_9D66,False
clean_1QYT.pdb,Experimental,PDB,Unknown,clean_1QYT,False
clean_2KR6.pdb,Experimental,PDB,Unknown,clean_2KR6,False
clean_5H17.pdb,Experimental,PDB,Unknown,clean_5H17,False
clean_8ADU.pdb,Experimental,PDB,Unknown,clean_8ADU,False
clean_9GDI.pdb,Experimental,PDB,Unknown,clean_9GDI,False
clean_4BSP.pdb,Experimental,PDB,Unknown,clean_4BSP,False
clean_7QJY.pdb,Experimental,PDB,Unknown,clean_7QJY,False
clean_6UFR.pdb,Experimental,PDB,Unknown,clean_6UFR,False
clean_5HE5.pdb,Experimental,PDB,Unknown,clean_5HE5,False
clean_7WF7.pdb,Experimental,PDB,Unknown,clean_7WF7,False
clean_7RAN.pdb,Experimental,PDB,Unknown,clean_7RAN,False
clean_7EVY.pdb,Experimental,PDB,Unknown,clean_7EVY,False
clean_7F1G.pdb,Experimental,PDB,Unknown,clean_7F1G,False
clean_5HE0.pdb,Experimental,PDB,Unknown,clean_5HE0,False
clean_2Y3J.pdb,Experimental,PDB,Unknown,clean_2Y3J,False
clean_5SH5.pdb,Experimental,PDB,Unknown,clean_5SH5,False
clean_8IRT.pdb,Experimental,PDB,Unknown,clean_8IRT,False
clean_2DI9.pdb,Experimental,PDB,Unknown,clean_2DI9,False
clean_8S5J.pdb,Experimental,PDB,Unknown,clean_8S5J,False
clean_7WUI.pdb,Experimental,PDB,Unknown,clean_7WUI,False
clean_9B8K.pdb,Experimental,PDB,Unknown,clean_9B8K,False
clean_1Q8L.pdb,Experimental,PDB,Unknown,clean_1Q8L,False
clean_7U0G.pdb,Experimental,PDB,Unknown,clean_7U0G,False
clean_5SFW.pdb,Experimental,PDB,Unknown,clean_5SFW,False
clean_8WGB.pdb,Experimental,PDB,Unknown,clean_8WGB,False
clean_4QAL.pdb,Experimental,PDB,Unknown,clean_4QAL,False
clean_5PYT.pdb,Experimental,PDB,Unknown,clean_5PYT,False
clean_6HET.pdb,Experimental,PDB,Unknown,clean_6HET,False
clean_4ZWB.pdb,Experimental,PDB,Unknown,clean_4ZWB,False
clean_3FGQ.pdb,Experimental,PDB,Unknown,clean_3FGQ,False
clean_5UK8.pdb,Experimental,PDB,Unknown,clean_5UK8,False
clean_3NMW.pdb,Experimental,PDB,Unknown,clean_3NMW,False
clean_7NAQ.pdb,Experimental,PDB,Unknown,clean_7NAQ,False
clean_5KXA.pdb,Experimental,PDB,Unknown,clean_5KXA,False
clean_6ZQS.pdb,Experimental,PDB,Unknown,clean_6ZQS,False
clean_8IUL.pdb,Experimental,PDB,Unknown,clean_8IUL,False
clean_5QCW.pdb,Experimental,PDB,Unknown,clean_5QCW,False
clean_8UTD.pdb,Experimental,PDB,Unknown,clean_8UTD,False
clean_8J23.pdb,Experimental,PDB,Unknown,clean_8J23,False
clean_6BD5.pdb,Experimental,PDB,Unknown,clean_6BD5,False
clean_4NDF.pdb,Experimental,PDB,Unknown,clean_4NDF,False
clean_3QZV.pdb,Experimental,PDB,Unknown,clean_3QZV,False
clean_3PE4.pdb,Experimental,PDB,Unknown,clean_3PE4,False
clean_9CDA.pdb,Experimental,PDB,Unknown,clean_9CDA,False
clean_3E94.pdb,Experimental,PDB,Unknown,clean_3E94,False
clean_3PG7.pdb,Experimental,PDB,Unknown,clean_3PG7,False
clean_3UA6.pdb,Experimental,PDB,Unknown,clean_3UA6,False
clean_5J1F.pdb,Experimental,PDB,Unknown,clean_5J1F,False
clean_1X04.pdb,Experimental,PDB,Unknown,clean_1X04,False
clean_3HHR.pdb,Experimental,PDB,Unknown,clean_3HHR,False
clean_8XXV.pdb,Experimental,PDB,Unknown,clean_8XXV,False
clean_6P69.pdb,Experimental,PDB,Unknown,clean_6P69,False
clean_4MS4.pdb,Experimental,PDB,Unknown,clean_4MS4,False
clean_7USE.pdb,Experimental,PDB,Unknown,clean_7USE,False
clean_7P6E.pdb,Experimental,PDB,Unknown,clean_7P6E,False
clean_1KVI.pdb,Experimental,PDB,Unknown,clean_1KVI,False
clean_4H7C.pdb,Experimental,PDB,Unknown,clean_4H7C,False
clean_8DPI.pdb,Experimental,PDB,Unknown,clean_8DPI,False
clean_8JCW.pdb,Experimental,PDB,Unknown,clean_8JCW,False
clean_6X18.pdb,Experimental,PDB,Unknown,clean_6X18,False
clean_8PP9.pdb,Experimental,PDB,Unknown,clean_8PP9,False
clean_7ZEU.pdb,Experimental,PDB,Unknown,clean_7ZEU,False
clean_3IOU.pdb,Experimental,PDB,Unknown,clean_3IOU,False
clean_3DTX.pdb,Experimental,PDB,Unknown,clean_3DTX,False
clean_3ZXZ.pdb,Experimental,PDB,Unknown,clean_3ZXZ,False
clean_7E7Z.pdb,Experimental,PDB,Unknown,clean_7E7Z,False
clean_8XWQ.pdb,Experimental,PDB,Unknown,clean_8XWQ,False
clean_3A7H.pdb,Experimental,PDB,Unknown,clean_3A7H,False
clean_1R0D.pdb,Experimental,PDB,Unknown,clean_1R0D,False
clean_7ZHQ.pdb,Experimental,PDB,Unknown,clean_7ZHQ,False
clean_5SHI.pdb,Experimental,PDB,Unknown,clean_5SHI,False
clean_2MZ3.pdb,Experimental,PDB,Unknown,clean_2MZ3,False
clean_8DD3.pdb,Experimental,PDB,Unknown,clean_8DD3,False
clean_7Q7C.pdb,Experimental,PDB,Unknown,clean_7Q7C,False
clean_8VMC.pdb,Experimental,PDB,Unknown,clean_8VMC,False
clean_4WJL.pdb,Experimental,PDB,Unknown,clean_4WJL,False
clean_3U3F.pdb,Experimental,PDB,Unknown,clean_3U3F,False
clean_7QKY.pdb,Experimental,PDB,Unknown,clean_7QKY,False
clean_4ZP5.pdb,Experimental,PDB,Unknown,clean_4ZP5,False
clean_8VMD.pdb,Experimental,PDB,Unknown,clean_8VMD,False
clean_6U39.pdb,Experimental,PDB,Unknown,clean_6U39,False
clean_8AVE.pdb,Experimental,PDB,Unknown,clean_8AVE,False
clean_2C0M.pdb,Experimental,PDB,Unknown,clean_2C0M,False
clean_8ID6.pdb,Experimental,PDB,Unknown,clean_8ID6,False
clean_6DJP.pdb,Experimental,PDB,Unknown,clean_6DJP,False
clean_7PLL.pdb,Experimental,PDB,Unknown,clean_7PLL,False
clean_7KL5.pdb,Experimental,PDB,Unknown,clean_7KL5,False
clean_2XH5.pdb,Experimental,PDB,Unknown,clean_2XH5,False
clean_5TZY.pdb,Experimental,PDB,Unknown,clean_5TZY,False
clean_5NVB.pdb,Experimental,PDB,Unknown,clean_5NVB,False
clean_6W4R.pdb,Experimental,PDB,Unknown,clean_6W4R,False
clean_1ZQ5.pdb,Experimental,PDB,Unknown,clean_1ZQ5,False
clean_7UFZ.pdb,Experimental,PDB,Unknown,clean_7UFZ,False
clean_6VFF.pdb,Experimental,PDB,Unknown,clean_6VFF,False
clean_1LX5.pdb,Experimental,PDB,Unknown,clean_1LX5,False
clean_7U9U.pdb,Experimental,PDB,Unknown,clean_7U9U,False
clean_3KUF.pdb,Experimental,PDB,Unknown,clean_3KUF,False
clean_8AX8.pdb,Experimental,PDB,Unknown,clean_8AX8,False
clean_3JSI.pdb,Experimental,PDB,Unknown,clean_3JSI,False
clean_8JHI.pdb,Experimental,PDB,Unknown,clean_8JHI,False
clean_9D5C.pdb,Experimental,PDB,Unknown,clean_9D5C,False
clean_5QGM.pdb,Experimental,PDB,Unknown,clean_5QGM,False
clean_5MS3.pdb,Experimental,PDB,Unknown,clean_5MS3,False
clean_6HR2.pdb,Experimental,PDB,Unknown,clean_6HR2,False
clean_1LS6.pdb,Experimental,PDB,Unknown,clean_1LS6,False
clean_8OTH.pdb,Experimental,PDB,Unknown,clean_8OTH,False
clean_6LRQ.pdb,Experimental,PDB,Unknown,clean_6LRQ,False
clean_2VNM.pdb,Experimental,PDB,Unknown,clean_2VNM,False
clean_7E2Y.pdb,Experimental,PDB,Unknown,clean_7E2Y,False
clean_1SYQ.pdb,Experimental,PDB,Unknown,clean_1SYQ,False
clean_2A1T.pdb,Experimental,PDB,Unknown,clean_2A1T,False
clean_5QCQ.pdb,Experimental,PDB,Unknown,clean_5QCQ,False
clean_4E3B.pdb,Experimental,PDB,Unknown,clean_4E3B,False
clean_8PPD.pdb,Experimental,PDB,Unknown,clean_8PPD,False
clean_2BJN.pdb,Experimental,PDB,Unknown,clean_2BJN,False
clean_8BAV.pdb,Experimental,PDB,Unknown,clean_8BAV,False
clean_8XIR.pdb,Experimental,PDB,Unknown,clean_8XIR,False
clean_4LM3.pdb,Experimental,PDB,Unknown,clean_4LM3,False
clean_3CXL.pdb,Experimental,PDB,Unknown,clean_3CXL,False
clean_2XY2.pdb,Experimental,PDB,Unknown,clean_2XY2,False
clean_1R0N.pdb,Experimental,PDB,Unknown,clean_1R0N,False
clean_5SEP.pdb,Experimental,PDB,Unknown,clean_5SEP,False
clean_4PTB.pdb,Experimental,PDB,Unknown,clean_4PTB,False
clean_7MSD.pdb,Experimental,PDB,Unknown,clean_7MSD,False
clean_8SS6.pdb,Experimental,PDB,Unknown,clean_8SS6,False
clean_7CR1.pdb,Experimental,PDB,Unknown,clean_7CR1,False
clean_5O9V.pdb,Experimental,PDB,Unknown,clean_5O9V,False
clean_7MFD.pdb,Experimental,PDB,Unknown,clean_7MFD,False
clean_3OJM.pdb,Experimental,PDB,Unknown,clean_3OJM,False
clean_6OC9.pdb,Experimental,PDB,Unknown,clean_6OC9,False
clean_4W9D.pdb,Experimental,PDB,Unknown,clean_4W9D,False
clean_2DIA.pdb,Experimental,PDB,Unknown,clean_2DIA,False
clean_2G54.pdb,Experimental,PDB,Unknown,clean_2G54,False
clean_1QU6.pdb,Experimental,PDB,Unknown,clean_1QU6,False
clean_2N3A.pdb,Experimental,PDB,Unknown,clean_2N3A,False
clean_6ZV0.pdb,Experimental,PDB,Unknown,clean_6ZV0,False
clean_8IEK.pdb,Experimental,PDB,Unknown,clean_8IEK,False
clean_2MDG.pdb,Experimental,PDB,Unknown,clean_2MDG,False
clean_4NM5.pdb,Experimental,PDB,Unknown,clean_4NM5,False
clean_7A2R.pdb,Experimental,PDB,Unknown,clean_7A2R,False
clean_9B62.pdb,Experimental,PDB,Unknown,clean_9B62,False
clean_6RPV.pdb,Experimental,PDB,Unknown,clean_6RPV,False
clean_5M7M.pdb,Experimental,PDB,Unknown,clean_5M7M,False
clean_5DY5.pdb,Experimental,PDB,Unknown,clean_5DY5,False
clean_1WGO.pdb,Experimental,PDB,Unknown,clean_1WGO,False
clean_4QMT.pdb,Experimental,PDB,Unknown,clean_4QMT,False
clean_8GGA.pdb,Experimental,PDB,Unknown,clean_8GGA,False
clean_3F82.pdb,Experimental,PDB,Unknown,clean_3F82,False
clean_8WZN.pdb,Experimental,PDB,Unknown,clean_8WZN,False
clean_4ASZ.pdb,Experimental,PDB,Unknown,clean_4ASZ,False
clean_3BAV.pdb,Experimental,PDB,Unknown,clean_3BAV,False
clean_6A72.pdb,Experimental,PDB,Unknown,clean_6A72,False
clean_8JEY.pdb,Experimental,PDB,Unknown,clean_8JEY,False
clean_1NI2.pdb,Experimental,PDB,Unknown,clean_1NI2,False
clean_8VLE.pdb,Experimental,PDB,Unknown,clean_8VLE,False
clean_6Y18.pdb,Experimental,PDB,Unknown,clean_6Y18,False
clean_7Z1F.pdb,Experimental,PDB,Unknown,clean_7Z1F,False
clean_5LLI.pdb,Experimental,PDB,Unknown,clean_5LLI,False
clean_6CET.pdb,Experimental,PDB,Unknown,clean_6CET,False
clean_3ZH8.pdb,Experimental,PDB,Unknown,clean_3ZH8,False
clean_5K20.pdb,Experimental,PDB,Unknown,clean_5K20,False
clean_8XQE.pdb,Experimental,PDB,Unknown,clean_8XQE,False
clean_4ZVQ.pdb,Experimental,PDB,Unknown,clean_4ZVQ,False
clean_8GG0.pdb,Experimental,PDB,Unknown,clean_8GG0,False
clean_2WFH.pdb,Experimental,PDB,Unknown,clean_2WFH,False
clean_9IRY.pdb,Experimental,PDB,Unknown,clean_9IRY,False
clean_6DS0.pdb,Experimental,PDB,Unknown,clean_6DS0,False
clean_3Q5D.pdb,Experimental,PDB,Unknown,clean_3Q5D,False
clean_2N4R.pdb,Experimental,PDB,Unknown,clean_2N4R,False
clean_8GUQ.pdb,Experimental,PDB,Unknown,clean_8GUQ,False
clean_9GZH.pdb,Experimental,PDB,Unknown,clean_9GZH,False
clean_6N0O.pdb,Experimental,PDB,Unknown,clean_6N0O,False
clean_6E5B.pdb,Experimental,PDB,Unknown,clean_6E5B,False
clean_3TV6.pdb,Experimental,PDB,Unknown,clean_3TV6,False
clean_7OXN.pdb,Experimental,PDB,Unknown,clean_7OXN,False
clean_6I7Q.pdb,Experimental,PDB,Unknown,clean_6I7Q,False
clean_2IRZ.pdb,Experimental,PDB,Unknown,clean_2IRZ,False
clean_4U17.pdb,Experimental,PDB,Unknown,clean_4U17,False
clean_8ADW.pdb,Experimental,PDB,Unknown,clean_8ADW,False
clean_2ANN.pdb,Experimental,PDB,Unknown,clean_2ANN,False
clean_8Q7P.pdb,Experimental,PDB,Unknown,clean_8Q7P,False
clean_4QML.pdb,Experimental,PDB,Unknown,clean_4QML,False
clean_6QCN.pdb,Experimental,PDB,Unknown,clean_6QCN,False
clean_7L1V.pdb,Experimental,PDB,Unknown,clean_7L1V,False
clean_8OVK.pdb,Experimental,PDB,Unknown,clean_8OVK,False
clean_8HS2.pdb,Experimental,PDB,Unknown,clean_8HS2,False
clean_3UIK.pdb,Experimental,PDB,Unknown,clean_3UIK,False
clean_6TL7.pdb,Experimental,PDB,Unknown,clean_6TL7,False
clean_2V5E.pdb,Experimental,PDB,Unknown,clean_2V5E,False
clean_6FZT.pdb,Experimental,PDB,Unknown,clean_6FZT,False
clean_2COG.pdb,Experimental,PDB,Unknown,clean_2COG,False
clean_2KMV.pdb,Experimental,PDB,Unknown,clean_2KMV,False
clean_5J7B.pdb,Experimental,PDB,Unknown,clean_5J7B,False
clean_8J19.pdb,Experimental,PDB,Unknown,clean_8J19,False
clean_5HOB.pdb,Experimental,PDB,Unknown,clean_5HOB,False
clean_3IOW.pdb,Experimental,PDB,Unknown,clean_3IOW,False
clean_7WC7.pdb,Experimental,PDB,Unknown,clean_7WC7,False
clean_6UP7.pdb,Experimental,PDB,Unknown,clean_6UP7,False
clean_7ADO.pdb,Experimental,PDB,Unknown,clean_7ADO,False
clean_9B4M.pdb,Experimental,PDB,Unknown,clean_9B4M,False
clean_8UC8.pdb,Experimental,PDB,Unknown,clean_8UC8,False
clean_6AK4.pdb,Experimental,PDB,Unknown,clean_6AK4,False
clean_3CC6.pdb,Experimental,PDB,Unknown,clean_3CC6,False
clean_7UVJ.pdb,Experimental,PDB,Unknown,clean_7UVJ,False
clean_5PX8.pdb,Experimental,PDB,Unknown,clean_5PX8,False
clean_8BLA.pdb,Experimental,PDB,Unknown,clean_8BLA,False
clean_7B1P.pdb,Experimental,PDB,Unknown,clean_7B1P,False
clean_4R7P.pdb,Experimental,PDB,Unknown,clean_4R7P,False
clean_6NGB.pdb,Experimental,PDB,Unknown,clean_6NGB,False
clean_7KSJ.pdb,Experimental,PDB,Unknown,clean_7KSJ,False
clean_8Q8V.pdb,Experimental,PDB,Unknown,clean_8Q8V,False
clean_5KZQ.pdb,Experimental,PDB,Unknown,clean_5KZQ,False
clean_8DKI.pdb,Experimental,PDB,Unknown,clean_8DKI,False
clean_7RWP.pdb,Experimental,PDB,Unknown,clean_7RWP,False
clean_8Q9H.pdb,Experimental,PDB,Unknown,clean_8Q9H,False
clean_1RWX.pdb,Experimental,PDB,Unknown,clean_1RWX,False
clean_7XM8.pdb,Experimental,PDB,Unknown,clean_7XM8,False
clean_6OT0.pdb,Experimental,PDB,Unknown,clean_6OT0,False
clean_5SFJ.pdb,Experimental,PDB,Unknown,clean_5SFJ,False
clean_2MJW.pdb,Experimental,PDB,Unknown,clean_2MJW,False
clean_8DKW.pdb,Experimental,PDB,Unknown,clean_8DKW,False
clean_2XEG.pdb,Experimental,PDB,Unknown,clean_2XEG,False
clean_6XYQ.pdb,Experimental,PDB,Unknown,clean_6XYQ,False
clean_6OM1.pdb,Experimental,PDB,Unknown,clean_6OM1,False
clean_8YHF.pdb,Experimental,PDB,Unknown,clean_8YHF,False
clean_8JCY.pdb,Experimental,PDB,Unknown,clean_8JCY,False
clean_5SKP.pdb,Experimental,PDB,Unknown,clean_5SKP,False
clean_3U6H.pdb,Experimental,PDB,Unknown,clean_3U6H,False
clean_8CYV.pdb,Experimental,PDB,Unknown,clean_8CYV,False
clean_8Q9L.pdb,Experimental,PDB,Unknown,clean_8Q9L,False
clean_6RU8.pdb,Experimental,PDB,Unknown,clean_6RU8,False
clean_2WGX.pdb,Experimental,PDB,Unknown,clean_2WGX,False
clean_9EO7.pdb,Experimental,PDB,Unknown,clean_9EO7,False
clean_7VQG.pdb,Experimental,PDB,Unknown,clean_7VQG,False
clean_8PPJ.pdb,Experimental,PDB,Unknown,clean_8PPJ,False
clean_8PKN.pdb,Experimental,PDB,Unknown,clean_8PKN,False
clean_1D0G.pdb,Experimental,PDB,Unknown,clean_1D0G,False
clean_1DC2.pdb,Experimental,PDB,Unknown,clean_1DC2,False
clean_1AZG.pdb,Experimental,PDB,Unknown,clean_1AZG,False
clean_4EHG.pdb,Experimental,PDB,Unknown,clean_4EHG,False
clean_5LF4.pdb,Experimental,PDB,Unknown,clean_5LF4,False
clean_7FSR.pdb,Experimental,PDB,Unknown,clean_7FSR,False
clean_7Q12.pdb,Experimental,PDB,Unknown,clean_7Q12,False
clean_7AEA.pdb,Experimental,PDB,Unknown,clean_7AEA,False
clean_4WOT.pdb,Experimental,PDB,Unknown,clean_4WOT,False
clean_3O10.pdb,Experimental,PDB,Unknown,clean_3O10,False
clean_3TAX.pdb,Experimental,PDB,Unknown,clean_3TAX,False
clean_6B98.pdb,Experimental,PDB,Unknown,clean_6B98,False
clean_7EPA.pdb,Experimental,PDB,Unknown,clean_7EPA,False
clean_7P00.pdb,Experimental,PDB,Unknown,clean_7P00,False
clean_6A5Y.pdb,Experimental,PDB,Unknown,clean_6A5Y,False
clean_4C8B.pdb,Experimental,PDB,Unknown,clean_4C8B,False
clean_7W9K.pdb,Experimental,PDB,Unknown,clean_7W9K,False
clean_5QH2.pdb,Experimental,PDB,Unknown,clean_5QH2,False
clean_6S9Q.pdb,Experimental,PDB,Unknown,clean_6S9Q,False
clean_7CR0.pdb,Experimental,PDB,Unknown,clean_7CR0,False
clean_6HEV.pdb,Experimental,PDB,Unknown,clean_6HEV,False
clean_2WQI.pdb,Experimental,PDB,Unknown,clean_2WQI,False
clean_8PJO.pdb,Experimental,PDB,Unknown,clean_8PJO,False
clean_9BKJ.pdb,Experimental,PDB,Unknown,clean_9BKJ,False
clean_5JHO.pdb,Experimental,PDB,Unknown,clean_5JHO,False
clean_7TS4.pdb,Experimental,PDB,Unknown,clean_7TS4,False
clean_4GL7.pdb,Experimental,PDB,Unknown,clean_4GL7,False
clean_8H9U.pdb,Experimental,PDB,Unknown,clean_8H9U,False
clean_5FB1.pdb,Experimental,PDB,Unknown,clean_5FB1,False
clean_6SKJ.pdb,Experimental,PDB,Unknown,clean_6SKJ,False
clean_6C2I.pdb,Experimental,PDB,Unknown,clean_6C2I,False
clean_3FJB.pdb,Experimental,PDB,Unknown,clean_3FJB,False
clean_3EHU.pdb,Experimental,PDB,Unknown,clean_3EHU,False
clean_1G1U.pdb,Experimental,PDB,Unknown,clean_1G1U,False
clean_5SKF.pdb,Experimental,PDB,Unknown,clean_5SKF,False
clean_5TIO.pdb,Experimental,PDB,Unknown,clean_5TIO,False
clean_5SJ0.pdb,Experimental,PDB,Unknown,clean_5SJ0,False
clean_3BI0.pdb,Experimental,PDB,Unknown,clean_3BI0,False
clean_5QHA.pdb,Experimental,PDB,Unknown,clean_5QHA,False
clean_7F0T.pdb,Experimental,PDB,Unknown,clean_7F0T,False
clean_4IDZ.pdb,Experimental,PDB,Unknown,clean_4IDZ,False
clean_4M8E.pdb,Experimental,PDB,Unknown,clean_4M8E,False
clean_4GPI.pdb,Experimental,PDB,Unknown,clean_4GPI,False
clean_8SAI.pdb,Experimental,PDB,Unknown,clean_8SAI,False
clean_3CQA.pdb,Experimental,PDB,Unknown,clean_3CQA,False
clean_8PC6.pdb,Experimental,PDB,Unknown,clean_8PC6,False
clean_2OS9.pdb,Experimental,PDB,Unknown,clean_2OS9,False
clean_3N00.pdb,Experimental,PDB,Unknown,clean_3N00,False
clean_1JT7.pdb,Experimental,PDB,Unknown,clean_1JT7,False
clean_4HCZ.pdb,Experimental,PDB,Unknown,clean_4HCZ,False
clean_8P3K.pdb,Experimental,PDB,Unknown,clean_8P3K,False
clean_7NYA.pdb,Experimental,PDB,Unknown,clean_7NYA,False
clean_8ID4.pdb,Experimental,PDB,Unknown,clean_8ID4,False
clean_3W4I.pdb,Experimental,PDB,Unknown,clean_3W4I,False
clean_4RZE.pdb,Experimental,PDB,Unknown,clean_4RZE,False
clean_7U17.pdb,Experimental,PDB,Unknown,clean_7U17,False
clean_8WC4.pdb,Experimental,PDB,Unknown,clean_8WC4,False
clean_5FYQ.pdb,Experimental,PDB,Unknown,clean_5FYQ,False
clean_2BIM.pdb,Experimental,PDB,Unknown,clean_2BIM,False
clean_1M5I.pdb,Experimental,PDB,Unknown,clean_1M5I,False
clean_6CPR.pdb,Experimental,PDB,Unknown,clean_6CPR,False
clean_8HVT.pdb,Experimental,PDB,Unknown,clean_8HVT,False
clean_4QMQ.pdb,Experimental,PDB,Unknown,clean_4QMQ,False
clean_5SJ5.pdb,Experimental,PDB,Unknown,clean_5SJ5,False
clean_5NXC.pdb,Experimental,PDB,Unknown,clean_5NXC,False
clean_6YHO.pdb,Experimental,PDB,Unknown,clean_6YHO,False
clean_6PNG.pdb,Experimental,PDB,Unknown,clean_6PNG,False
clean_7QVM.pdb,Experimental,PDB,Unknown,clean_7QVM,False
clean_1O48.pdb,Experimental,PDB,Unknown,clean_1O48,False
clean_8HDO.pdb,Experimental,PDB,Unknown,clean_8HDO,False
clean_8ID9.pdb,Experimental,PDB,Unknown,clean_8ID9,False
clean_3FJE.pdb,Experimental,PDB,Unknown,clean_3FJE,False
clean_5TZC.pdb,Experimental,PDB,Unknown,clean_5TZC,False
clean_8BGV.pdb,Experimental,PDB,Unknown,clean_8BGV,False
clean_6FMI.pdb,Experimental,PDB,Unknown,clean_6FMI,False
clean_8KCP.pdb,Experimental,PDB,Unknown,clean_8KCP,False
clean_4L0Y.pdb,Experimental,PDB,Unknown,clean_4L0Y,False
clean_7X2D.pdb,Experimental,PDB,Unknown,clean_7X2D,False
clean_4GUO.pdb,Experimental,PDB,Unknown,clean_4GUO,False
clean_5TO5.pdb,Experimental,PDB,Unknown,clean_5TO5,False
clean_8DCX.pdb,Experimental,PDB,Unknown,clean_8DCX,False
clean_2K7C.pdb,Experimental,PDB,Unknown,clean_2K7C,False
clean_7YM8.pdb,Experimental,PDB,Unknown,clean_7YM8,False
clean_1K5V.pdb,Experimental,PDB,Unknown,clean_1K5V,False
clean_7F3G.pdb,Experimental,PDB,Unknown,clean_7F3G,False
clean_7K6B.pdb,Experimental,PDB,Unknown,clean_7K6B,False
clean_8P3H.pdb,Experimental,PDB,Unknown,clean_8P3H,False
clean_2ADY.pdb,Experimental,PDB,Unknown,clean_2ADY,False
clean_8QW7.pdb,Experimental,PDB,Unknown,clean_8QW7,False
clean_8X8X.pdb,Experimental,PDB,Unknown,clean_8X8X,False
clean_2ZXF.pdb,Experimental,PDB,Unknown,clean_2ZXF,False
clean_4LQG.pdb,Experimental,PDB,Unknown,clean_4LQG,False
clean_5NW9.pdb,Experimental,PDB,Unknown,clean_5NW9,False
clean_3S79.pdb,Experimental,PDB,Unknown,clean_3S79,False
clean_7A6C.pdb,Experimental,PDB,Unknown,clean_7A6C,False
clean_7FSL.pdb,Experimental,PDB,Unknown,clean_7FSL,False
clean_4TJU.pdb,Experimental,PDB,Unknown,clean_4TJU,False
clean_5KNM.pdb,Experimental,PDB,Unknown,clean_5KNM,False
clean_5FD2.pdb,Experimental,PDB,Unknown,clean_5FD2,False
clean_8FX5.pdb,Experimental,PDB,Unknown,clean_8FX5,False
clean_6RWI.pdb,Experimental,PDB,Unknown,clean_6RWI,False
clean_5QDC.pdb,Experimental,PDB,Unknown,clean_5QDC,False
clean_8HNM.pdb,Experimental,PDB,Unknown,clean_8HNM,False
clean_2EAO.pdb,Experimental,PDB,Unknown,clean_2EAO,False
clean_6F2U.pdb,Experimental,PDB,Unknown,clean_6F2U,False
clean_1UGK.pdb,Experimental,PDB,Unknown,clean_1UGK,False
clean_4D85.pdb,Experimental,PDB,Unknown,clean_4D85,False
clean_8K6N.pdb,Experimental,PDB,Unknown,clean_8K6N,False
clean_5TOB.pdb,Experimental,PDB,Unknown,clean_5TOB,False
clean_5LYQ.pdb,Experimental,PDB,Unknown,clean_5LYQ,False
clean_5QGY.pdb,Experimental,PDB,Unknown,clean_5QGY,False
clean_6FNZ.pdb,Experimental,PDB,Unknown,clean_6FNZ,False
clean_8HNK.pdb,Experimental,PDB,Unknown,clean_8HNK,False
clean_7E84.pdb,Experimental,PDB,Unknown,clean_7E84,False
clean_6PXU.pdb,Experimental,PDB,Unknown,clean_6PXU,False
clean_5IC4.pdb,Experimental,PDB,Unknown,clean_5IC4,False
clean_1OEG.pdb,Experimental,PDB,Unknown,clean_1OEG,False
clean_6O85.pdb,Experimental,PDB,Unknown,clean_6O85,False
clean_6NZN.pdb,Experimental,PDB,Unknown,clean_6NZN,False
clean_8F7R.pdb,Experimental,PDB,Unknown,clean_8F7R,False
clean_4R3Z.pdb,Experimental,PDB,Unknown,clean_4R3Z,False
clean_2FB8.pdb,Experimental,PDB,Unknown,clean_2FB8,False
clean_4EKU.pdb,Experimental,PDB,Unknown,clean_4EKU,False
clean_4FYQ.pdb,Experimental,PDB,Unknown,clean_4FYQ,False
clean_2LQC.pdb,Experimental,PDB,Unknown,clean_2LQC,False
clean_4NZW.pdb,Experimental,PDB,Unknown,clean_4NZW,False
clean_6OD5.pdb,Experimental,PDB,Unknown,clean_6OD5,False
clean_2LKS.pdb,Experimental,PDB,Unknown,clean_2LKS,False
clean_3L7U.pdb,Experimental,PDB,Unknown,clean_3L7U,False
clean_2LEH.pdb,Experimental,PDB,Unknown,clean_2LEH,False
clean_3VP3.pdb,Experimental,PDB,Unknown,clean_3VP3,False
clean_5E8S.pdb,Experimental,PDB,Unknown,clean_5E8S,False
clean_1N83.pdb,Experimental,PDB,Unknown,clean_1N83,False
clean_8C2Y.pdb,Experimental,PDB,Unknown,clean_8C2Y,False
clean_4BSO.pdb,Experimental,PDB,Unknown,clean_4BSO,False
clean_4QO9.pdb,Experimental,PDB,Unknown,clean_4QO9,False
clean_1FQ9.pdb,Experimental,PDB,Unknown,clean_1FQ9,False
clean_1S2A.pdb,Experimental,PDB,Unknown,clean_1S2A,False
clean_8SGT.pdb,Experimental,PDB,Unknown,clean_8SGT,False
clean_6PCL.pdb,Experimental,PDB,Unknown,clean_6PCL,False
clean_5SXJ.pdb,Experimental,PDB,Unknown,clean_5SXJ,False
clean_8E9X.pdb,Experimental,PDB,Unknown,clean_8E9X,False
clean_4Y3B.pdb,Experimental,PDB,Unknown,clean_4Y3B,False
clean_2LLS.pdb,Experimental,PDB,Unknown,clean_2LLS,False
clean_2DBA.pdb,Experimental,PDB,Unknown,clean_2DBA,False
clean_8B4Q.pdb,Experimental,PDB,Unknown,clean_8B4Q,False
clean_7FT5.pdb,Experimental,PDB,Unknown,clean_7FT5,False
clean_1AOA.pdb,Experimental,PDB,Unknown,clean_1AOA,False
clean_8FGH.pdb,Experimental,PDB,Unknown,clean_8FGH,False
clean_6UHI.pdb,Experimental,PDB,Unknown,clean_6UHI,False
clean_4OS3.pdb,Experimental,PDB,Unknown,clean_4OS3,False
clean_5VVX.pdb,Experimental,PDB,Unknown,clean_5VVX,False
clean_8GE6.pdb,Experimental,PDB,Unknown,clean_8GE6,False
clean_8CYS.pdb,Experimental,PDB,Unknown,clean_8CYS,False
clean_7XI7.pdb,Experimental,PDB,Unknown,clean_7XI7,False
clean_4AGQ.pdb,Experimental,PDB,Unknown,clean_4AGQ,False
clean_7KJC.pdb,Experimental,PDB,Unknown,clean_7KJC,False
clean_6RCG.pdb,Experimental,PDB,Unknown,clean_6RCG,False
clean_1HZF.pdb,Experimental,PDB,Unknown,clean_1HZF,False
clean_8WCP.pdb,Experimental,PDB,Unknown,clean_8WCP,False
clean_1AXI.pdb,Experimental,PDB,Unknown,clean_1AXI,False
clean_7KFN.pdb,Experimental,PDB,Unknown,clean_7KFN,False
clean_3LFV.pdb,Experimental,PDB,Unknown,clean_3LFV,False
clean_6OS9.pdb,Experimental,PDB,Unknown,clean_6OS9,False
clean_2XYH.pdb,Experimental,PDB,Unknown,clean_2XYH,False
clean_8WKF.pdb,Experimental,PDB,Unknown,clean_8WKF,False
clean_6JTG.pdb,Experimental,PDB,Unknown,clean_6JTG,False
clean_5TBP.pdb,Experimental,PDB,Unknown,clean_5TBP,False
clean_9IYA.pdb,Experimental,PDB,Unknown,clean_9IYA,False
clean_1OEF.pdb,Experimental,PDB,Unknown,clean_1OEF,False
clean_6IIR.pdb,Experimental,PDB,Unknown,clean_6IIR,False
clean_4QUA.pdb,Experimental,PDB,Unknown,clean_4QUA,False
clean_7W3N.pdb,Experimental,PDB,Unknown,clean_7W3N,False
clean_7EVZ.pdb,Experimental,PDB,Unknown,clean_7EVZ,False
clean_9FHD.pdb,Experimental,PDB,Unknown,clean_9FHD,False
clean_1U71.pdb,Experimental,PDB,Unknown,clean_1U71,False
clean_6J1Z.pdb,Experimental,PDB,Unknown,clean_6J1Z,False
clean_7XXH.pdb,Experimental,PDB,Unknown,clean_7XXH,False
clean_6DXK.pdb,Experimental,PDB,Unknown,clean_6DXK,False
clean_3T7U.pdb,Experimental,PDB,Unknown,clean_3T7U,False
clean_8CAQ.pdb,Experimental,PDB,Unknown,clean_8CAQ,False
clean_5SE6.pdb,Experimental,PDB,Unknown,clean_5SE6,False
clean_7SX4.pdb,Experimental,PDB,Unknown,clean_7SX4,False
clean_6WLY.pdb,Experimental,PDB,Unknown,clean_6WLY,False
clean_1E31.pdb,Experimental,PDB,Unknown,clean_1E31,False
clean_7F4H.pdb,Experimental,PDB,Unknown,clean_7F4H,False
clean_8F2U.pdb,Experimental,PDB,Unknown,clean_8F2U,False
clean_5UHL.pdb,Experimental,PDB,Unknown,clean_5UHL,False
clean_3P0N.pdb,Experimental,PDB,Unknown,clean_3P0N,False
clean_4YBI.pdb,Experimental,PDB,Unknown,clean_4YBI,False
clean_4EKK.pdb,Experimental,PDB,Unknown,clean_4EKK,False
clean_5SIR.pdb,Experimental,PDB,Unknown,clean_5SIR,False
clean_8H4L.pdb,Experimental,PDB,Unknown,clean_8H4L,False
clean_7NY2.pdb,Experimental,PDB,Unknown,clean_7NY2,False
clean_3ZMP.pdb,Experimental,PDB,Unknown,clean_3ZMP,False
clean_3LPJ.pdb,Experimental,PDB,Unknown,clean_3LPJ,False
clean_6U3B.pdb,Experimental,PDB,Unknown,clean_6U3B,False
clean_5NKE.pdb,Experimental,PDB,Unknown,clean_5NKE,False
clean_8EWM.pdb,Experimental,PDB,Unknown,clean_8EWM,False
clean_6FGS.pdb,Experimental,PDB,Unknown,clean_6FGS,False
clean_5QIM.pdb,Experimental,PDB,Unknown,clean_5QIM,False
clean_8BB3.pdb,Experimental,PDB,Unknown,clean_8BB3,False
clean_5QH9.pdb,Experimental,PDB,Unknown,clean_5QH9,False
clean_6Y8D.pdb,Experimental,PDB,Unknown,clean_6Y8D,False
clean_1NMS.pdb,Experimental,PDB,Unknown,clean_1NMS,False
clean_2P1V.pdb,Experimental,PDB,Unknown,clean_2P1V,False
clean_5QCR.pdb,Experimental,PDB,Unknown,clean_5QCR,False
clean_2DU8.pdb,Experimental,PDB,Unknown,clean_2DU8,False
clean_6VBI.pdb,Experimental,PDB,Unknown,clean_6VBI,False
clean_6F78.pdb,Experimental,PDB,Unknown,clean_6F78,False
clean_4JIB.pdb,Experimental,PDB,Unknown,clean_4JIB,False
clean_3WTW.pdb,Experimental,PDB,Unknown,clean_3WTW,False
clean_4RIX.pdb,Experimental,PDB,Unknown,clean_4RIX,False
clean_8E5B.pdb,Experimental,PDB,Unknown,clean_8E5B,False
clean_9IIO.pdb,Experimental,PDB,Unknown,clean_9IIO,False
clean_2YPU.pdb,Experimental,PDB,Unknown,clean_2YPU,False
clean_5R4Q.pdb,Experimental,PDB,Unknown,clean_5R4Q,False
clean_4ZUL.pdb,Experimental,PDB,Unknown,clean_4ZUL,False
clean_2H5I.pdb,Experimental,PDB,Unknown,clean_2H5I,False
clean_7D7M.pdb,Experimental,PDB,Unknown,clean_7D7M,False
clean_8Q7M.pdb,Experimental,PDB,Unknown,clean_8Q7M,False
clean_8KF3.pdb,Experimental,PDB,Unknown,clean_8KF3,False
clean_8SPB.pdb,Experimental,PDB,Unknown,clean_8SPB,False
clean_6KMZ.pdb,Experimental,PDB,Unknown,clean_6KMZ,False
clean_2RAW.pdb,Experimental,PDB,Unknown,clean_2RAW,False
clean_6RMH.pdb,Experimental,PDB,Unknown,clean_6RMH,False
clean_8CBQ.pdb,Experimental,PDB,Unknown,clean_8CBQ,False
clean_6PM9.pdb,Experimental,PDB,Unknown,clean_6PM9,False
clean_7E1T.pdb,Experimental,PDB,Unknown,clean_7E1T,False
clean_6MGP.pdb,Experimental,PDB,Unknown,clean_6MGP,False
clean_3U8H.pdb,Experimental,PDB,Unknown,clean_3U8H,False
clean_5VDH.pdb,Experimental,PDB,Unknown,clean_5VDH,False
clean_5VP0.pdb,Experimental,PDB,Unknown,clean_5VP0,False
clean_4EE5.pdb,Experimental,PDB,Unknown,clean_4EE5,False
clean_4I0J.pdb,Experimental,PDB,Unknown,clean_4I0J,False
clean_8FYE.pdb,Experimental,PDB,Unknown,clean_8FYE,False
clean_4A4G.pdb,Experimental,PDB,Unknown,clean_4A4G,False
clean_2BDJ.pdb,Experimental,PDB,Unknown,clean_2BDJ,False
clean_3D7H.pdb,Experimental,PDB,Unknown,clean_3D7H,False
clean_7WV3.pdb,Experimental,PDB,Unknown,clean_7WV3,False
clean_8UQ7.pdb,Experimental,PDB,Unknown,clean_8UQ7,False
clean_5SI2.pdb,Experimental,PDB,Unknown,clean_5SI2,False
clean_6LN7.pdb,Experimental,PDB,Unknown,clean_6LN7,False
clean_1O4C.pdb,Experimental,PDB,Unknown,clean_1O4C,False
clean_3SWR.pdb,Experimental,PDB,Unknown,clean_3SWR,False
clean_4PNN.pdb,Experimental,PDB,Unknown,clean_4PNN,False
clean_8XIP.pdb,Experimental,PDB,Unknown,clean_8XIP,False
clean_2ACJ.pdb,Experimental,PDB,Unknown,clean_2ACJ,False
clean_4Y86.pdb,Experimental,PDB,Unknown,clean_4Y86,False
clean_1A09.pdb,Experimental,PDB,Unknown,clean_1A09,False
clean_6JL7.pdb,Experimental,PDB,Unknown,clean_6JL7,False
clean_5O1G.pdb,Experimental,PDB,Unknown,clean_5O1G,False
clean_8XMQ.pdb,Experimental,PDB,Unknown,clean_8XMQ,False
clean_4UX4.pdb,Experimental,PDB,Unknown,clean_4UX4,False
clean_1MVS.pdb,Experimental,PDB,Unknown,clean_1MVS,False
clean_3WB4.pdb,Experimental,PDB,Unknown,clean_3WB4,False
clean_2OUR.pdb,Experimental,PDB,Unknown,clean_2OUR,False
clean_7OPQ.pdb,Experimental,PDB,Unknown,clean_7OPQ,False
clean_2H9R.pdb,Experimental,PDB,Unknown,clean_2H9R,False
clean_4MXY.pdb,Experimental,PDB,Unknown,clean_4MXY,False
clean_6XWH.pdb,Experimental,PDB,Unknown,clean_6XWH,False
clean_2MWA.pdb,Experimental,PDB,Unknown,clean_2MWA,False
clean_4FCD.pdb,Experimental,PDB,Unknown,clean_4FCD,False
clean_3U3M.pdb,Experimental,PDB,Unknown,clean_3U3M,False
clean_7L1U.pdb,Experimental,PDB,Unknown,clean_7L1U,False
clean_5I9B.pdb,Experimental,PDB,Unknown,clean_5I9B,False
clean_1NHZ.pdb,Experimental,PDB,Unknown,clean_1NHZ,False
clean_1YYH.pdb,Experimental,PDB,Unknown,clean_1YYH,False
clean_8YH5.pdb,Experimental,PDB,Unknown,clean_8YH5,False
clean_9B1J.pdb,Experimental,PDB,Unknown,clean_9B1J,False
clean_7RYQ.pdb,Experimental,PDB,Unknown,clean_7RYQ,False
clean_3B3L.pdb,Experimental,PDB,Unknown,clean_3B3L,False
clean_7VH0.pdb,Experimental,PDB,Unknown,clean_7VH0,False
clean_6NWQ.pdb,Experimental,PDB,Unknown,clean_6NWQ,False
clean_3NXU.pdb,Experimental,PDB,Unknown,clean_3NXU,False
clean_6YIH.pdb,Experimental,PDB,Unknown,clean_6YIH,False
clean_6PUU.pdb,Experimental,PDB,Unknown,clean_6PUU,False
clean_5DFL.pdb,Experimental,PDB,Unknown,clean_5DFL,False
clean_8EFQ.pdb,Experimental,PDB,Unknown,clean_8EFQ,False
clean_6L4G.pdb,Experimental,PDB,Unknown,clean_6L4G,False
clean_2KMX.pdb,Experimental,PDB,Unknown,clean_2KMX,False
clean_2XEI.pdb,Experimental,PDB,Unknown,clean_2XEI,False
clean_5IB4.pdb,Experimental,PDB,Unknown,clean_5IB4,False
clean_3U3Q.pdb,Experimental,PDB,Unknown,clean_3U3Q,False
clean_8FN9.pdb,Experimental,PDB,Unknown,clean_8FN9,False
clean_3FEC.pdb,Experimental,PDB,Unknown,clean_3FEC,False
clean_8CVQ.pdb,Experimental,PDB,Unknown,clean_8CVQ,False
clean_1RHJ.pdb,Experimental,PDB,Unknown,clean_1RHJ,False
clean_6JT0.pdb,Experimental,PDB,Unknown,clean_6JT0,False
clean_2C6P.pdb,Experimental,PDB,Unknown,clean_2C6P,False
clean_5IAB.pdb,Experimental,PDB,Unknown,clean_5IAB,False
clean_5GNI.pdb,Experimental,PDB,Unknown,clean_5GNI,False
clean_8QHR.pdb,Experimental,PDB,Unknown,clean_8QHR,False
clean_6LOX.pdb,Experimental,PDB,Unknown,clean_6LOX,False
clean_2O2T.pdb,Experimental,PDB,Unknown,clean_2O2T,False
clean_4BU7.pdb,Experimental,PDB,Unknown,clean_4BU7,False
clean_5E8W.pdb,Experimental,PDB,Unknown,clean_5E8W,False
clean_2KKR.pdb,Experimental,PDB,Unknown,clean_2KKR,False
clean_7Y5Z.pdb,Experimental,PDB,Unknown,clean_7Y5Z,False
clean_8V0D.pdb,Experimental,PDB,Unknown,clean_8V0D,False
clean_1ZE7.pdb,Experimental,PDB,Unknown,clean_1ZE7,False
clean_8RKR.pdb,Experimental,PDB,Unknown,clean_8RKR,False
clean_9DA6.pdb,Experimental,PDB,Unknown,clean_9DA6,False
clean_7QQL.pdb,Experimental,PDB,Unknown,clean_7QQL,False
clean_6NZ0.pdb,Experimental,PDB,Unknown,clean_6NZ0,False
clean_9C1R.pdb,Experimental,PDB,Unknown,clean_9C1R,False
clean_5AB9.pdb,Experimental,PDB,Unknown,clean_5AB9,False
clean_7NTR.pdb,Experimental,PDB,Unknown,clean_7NTR,False
clean_4P5E.pdb,Experimental,PDB,Unknown,clean_4P5E,False
clean_5BO9.pdb,Experimental,PDB,Unknown,clean_5BO9,False
clean_3IGB.pdb,Experimental,PDB,Unknown,clean_3IGB,False
clean_7A69.pdb,Experimental,PDB,Unknown,clean_7A69,False
clean_1DLR.pdb,Experimental,PDB,Unknown,clean_1DLR,False
clean_5SEQ.pdb,Experimental,PDB,Unknown,clean_5SEQ,False
clean_2AEC.pdb,Experimental,PDB,Unknown,clean_2AEC,False
clean_6QVE.pdb,Experimental,PDB,Unknown,clean_6QVE,False
clean_5SGQ.pdb,Experimental,PDB,Unknown,clean_5SGQ,False
clean_1BJB.pdb,Experimental,PDB,Unknown,clean_1BJB,False
clean_4L52.pdb,Experimental,PDB,Unknown,clean_4L52,False
clean_8IZN.pdb,Experimental,PDB,Unknown,clean_8IZN,False
clean_4WY4.pdb,Experimental,PDB,Unknown,clean_4WY4,False
clean_6BF6.pdb,Experimental,PDB,Unknown,clean_6BF6,False
clean_8PPG.pdb,Experimental,PDB,Unknown,clean_8PPG,False
clean_5O1A.pdb,Experimental,PDB,Unknown,clean_5O1A,False
clean_7LF8.pdb,Experimental,PDB,Unknown,clean_7LF8,False
clean_2R5T.pdb,Experimental,PDB,Unknown,clean_2R5T,False
clean_7W3Y.pdb,Experimental,PDB,Unknown,clean_7W3Y,False
clean_6FWT.pdb,Experimental,PDB,Unknown,clean_6FWT,False
clean_6NCT.pdb,Experimental,PDB,Unknown,clean_6NCT,False
clean_6RF8.pdb,Experimental,PDB,Unknown,clean_6RF8,False
clean_1O4A.pdb,Experimental,PDB,Unknown,clean_1O4A,False
clean_7B3V.pdb,Experimental,PDB,Unknown,clean_7B3V,False
clean_8IYS.pdb,Experimental,PDB,Unknown,clean_8IYS,False
clean_7QPQ.pdb,Experimental,PDB,Unknown,clean_7QPQ,False
clean_3HDM.pdb,Experimental,PDB,Unknown,clean_3HDM,False
clean_4QQI.pdb,Experimental,PDB,Unknown,clean_4QQI,False
clean_4H3G.pdb,Experimental,PDB,Unknown,clean_4H3G,False
clean_8R1F.pdb,Experimental,PDB,Unknown,clean_8R1F,False
clean_8EI8.pdb,Experimental,PDB,Unknown,clean_8EI8,False
clean_6J8G.pdb,Experimental,PDB,Unknown,clean_6J8G,False
clean_8TM2.pdb,Experimental,PDB,Unknown,clean_8TM2,False
clean_2C2O.pdb,Experimental,PDB,Unknown,clean_2C2O,False
clean_1TSR.pdb,Experimental,PDB,Unknown,clean_1TSR,False
clean_3D10.pdb,Experimental,PDB,Unknown,clean_3D10,False
clean_8CR1.pdb,Experimental,PDB,Unknown,clean_8CR1,False
clean_7WVE.pdb,Experimental,PDB,Unknown,clean_7WVE,False
clean_8QZ1.pdb,Experimental,PDB,Unknown,clean_8QZ1,False
clean_7SRS.pdb,Experimental,PDB,Unknown,clean_7SRS,False
clean_6H3C.pdb,Experimental,PDB,Unknown,clean_6H3C,False
clean_3QZ2.pdb,Experimental,PDB,Unknown,clean_3QZ2,False
clean_3LM0.pdb,Experimental,PDB,Unknown,clean_3LM0,False
clean_4HI9.pdb,Experimental,PDB,Unknown,clean_4HI9,False
clean_3DUY.pdb,Experimental,PDB,Unknown,clean_3DUY,False
clean_6A7B.pdb,Experimental,PDB,Unknown,clean_6A7B,False
clean_7MBY.pdb,Experimental,PDB,Unknown,clean_7MBY,False
clean_9BFI.pdb,Experimental,PDB,Unknown,clean_9BFI,False
clean_4FQG.pdb,Experimental,PDB,Unknown,clean_4FQG,False
clean_4HQU.pdb,Experimental,PDB,Unknown,clean_4HQU,False
clean_5VV1.pdb,Experimental,PDB,Unknown,clean_5VV1,False
clean_2ZBS.pdb,Experimental,PDB,Unknown,clean_2ZBS,False
clean_1SAK.pdb,Experimental,PDB,Unknown,clean_1SAK,False
clean_2JO1.pdb,Experimental,PDB,Unknown,clean_2JO1,False
clean_4U3Z.pdb,Experimental,PDB,Unknown,clean_4U3Z,False
clean_4P0N.pdb,Experimental,PDB,Unknown,clean_4P0N,False
clean_7K7Z.pdb,Experimental,PDB,Unknown,clean_7K7Z,False
clean_4W8E.pdb,Experimental,PDB,Unknown,clean_4W8E,False
clean_2XYP.pdb,Experimental,PDB,Unknown,clean_2XYP,False
clean_2KOE.pdb,Experimental,PDB,Unknown,clean_2KOE,False
clean_5V2P.pdb,Experimental,PDB,Unknown,clean_5V2P,False
clean_8PPH.pdb,Experimental,PDB,Unknown,clean_8PPH,False
clean_6JNO.pdb,Experimental,PDB,Unknown,clean_6JNO,False
clean_4L2F.pdb,Experimental,PDB,Unknown,clean_4L2F,False
clean_5PYD.pdb,Experimental,PDB,Unknown,clean_5PYD,False
clean_2WKM.pdb,Experimental,PDB,Unknown,clean_2WKM,False
clean_1FIT.pdb,Experimental,PDB,Unknown,clean_1FIT,False
clean_1FYN.pdb,Experimental,PDB,Unknown,clean_1FYN,False
clean_1GQ5.pdb,Experimental,PDB,Unknown,clean_1GQ5,False
clean_7CKX.pdb,Experimental,PDB,Unknown,clean_7CKX,False
clean_3ZKN.pdb,Experimental,PDB,Unknown,clean_3ZKN,False
clean_7EJ1.pdb,Experimental,PDB,Unknown,clean_7EJ1,False
clean_8XQK.pdb,Experimental,PDB,Unknown,clean_8XQK,False
clean_1CY5.pdb,Experimental,PDB,Unknown,clean_1CY5,False
clean_8KCT.pdb,Experimental,PDB,Unknown,clean_8KCT,False
clean_8U8B.pdb,Experimental,PDB,Unknown,clean_8U8B,False
clean_8IYW.pdb,Experimental,PDB,Unknown,clean_8IYW,False
clean_2KC3.pdb,Experimental,PDB,Unknown,clean_2KC3,False
clean_5Y41.pdb,Experimental,PDB,Unknown,clean_5Y41,False
clean_5HIE.pdb,Experimental,PDB,Unknown,clean_5HIE,False
clean_7WQP.pdb,Experimental,PDB,Unknown,clean_7WQP,False
clean_8UNN.pdb,Experimental,PDB,Unknown,clean_8UNN,False
clean_8PII.pdb,Experimental,PDB,Unknown,clean_8PII,False
clean_7EW0.pdb,Experimental,PDB,Unknown,clean_7EW0,False
clean_2O3U.pdb,Experimental,PDB,Unknown,clean_2O3U,False
clean_5HZJ.pdb,Experimental,PDB,Unknown,clean_5HZJ,False
clean_5M8I.pdb,Experimental,PDB,Unknown,clean_5M8I,False
clean_2LCM.pdb,Experimental,PDB,Unknown,clean_2LCM,False
clean_8BPY.pdb,Experimental,PDB,Unknown,clean_8BPY,False
clean_6NGI.pdb,Experimental,PDB,Unknown,clean_6NGI,False
clean_7D5A.pdb,Experimental,PDB,Unknown,clean_7D5A,False
clean_7MKF.pdb,Experimental,PDB,Unknown,clean_7MKF,False
clean_8ANJ.pdb,Experimental,PDB,Unknown,clean_8ANJ,False
clean_8QYJ.pdb,Experimental,PDB,Unknown,clean_8QYJ,False
clean_8VY7.pdb,Experimental,PDB,Unknown,clean_8VY7,False
clean_7LM2.pdb,Experimental,PDB,Unknown,clean_7LM2,False
clean_3HCV.pdb,Experimental,PDB,Unknown,clean_3HCV,False
clean_3CKR.pdb,Experimental,PDB,Unknown,clean_3CKR,False
clean_5U5T.pdb,Experimental,PDB,Unknown,clean_5U5T,False
clean_8CT2.pdb,Experimental,PDB,Unknown,clean_8CT2,False
clean_6BDK.pdb,Experimental,PDB,Unknown,clean_6BDK,False
clean_5QQH.pdb,Experimental,PDB,Unknown,clean_5QQH,False
clean_2J20.pdb,Experimental,PDB,Unknown,clean_2J20,False
clean_5TJ7.pdb,Experimental,PDB,Unknown,clean_5TJ7,False
clean_3NSQ.pdb,Experimental,PDB,Unknown,clean_3NSQ,False
clean_6CU0.pdb,Experimental,PDB,Unknown,clean_6CU0,False
clean_7P0E.pdb,Experimental,PDB,Unknown,clean_7P0E,False
clean_8PPB.pdb,Experimental,PDB,Unknown,clean_8PPB,False
clean_7KSR.pdb,Experimental,PDB,Unknown,clean_7KSR,False
clean_5PYL.pdb,Experimental,PDB,Unknown,clean_5PYL,False
clean_7D2T.pdb,Experimental,PDB,Unknown,clean_7D2T,False
clean_8IVL.pdb,Experimental,PDB,Unknown,clean_8IVL,False
clean_4ZYO.pdb,Experimental,PDB,Unknown,clean_4ZYO,False
clean_5XR8.pdb,Experimental,PDB,Unknown,clean_5XR8,False
clean_5QCY.pdb,Experimental,PDB,Unknown,clean_5QCY,False
clean_2H4H.pdb,Experimental,PDB,Unknown,clean_2H4H,False
clean_3F6K.pdb,Experimental,PDB,Unknown,clean_3F6K,False
clean_4D1N.pdb,Experimental,PDB,Unknown,clean_4D1N,False
clean_5SJ1.pdb,Experimental,PDB,Unknown,clean_5SJ1,False
clean_8P0L.pdb,Experimental,PDB,Unknown,clean_8P0L,False
clean_7RYP.pdb,Experimental,PDB,Unknown,clean_7RYP,False
clean_7PNR.pdb,Experimental,PDB,Unknown,clean_7PNR,False
clean_1EG3.pdb,Experimental,PDB,Unknown,clean_1EG3,False
clean_9DQH.pdb,Experimental,PDB,Unknown,clean_9DQH,False
clean_4QU8.pdb,Experimental,PDB,Unknown,clean_4QU8,False
clean_5QGP.pdb,Experimental,PDB,Unknown,clean_5QGP,False
clean_5MOC.pdb,Experimental,PDB,Unknown,clean_5MOC,False
clean_8OJR.pdb,Experimental,PDB,Unknown,clean_8OJR,False
clean_5CJO.pdb,Experimental,PDB,Unknown,clean_5CJO,False
clean_3DYS.pdb,Experimental,PDB,Unknown,clean_3DYS,False
clean_6CYB.pdb,Experimental,PDB,Unknown,clean_6CYB,False
clean_1IUR.pdb,Experimental,PDB,Unknown,clean_1IUR,False
clean_1QBJ.pdb,Experimental,PDB,Unknown,clean_1QBJ,False
clean_3W4K.pdb,Experimental,PDB,Unknown,clean_3W4K,False
clean_8JXV.pdb,Experimental,PDB,Unknown,clean_8JXV,False
clean_4HTX.pdb,Experimental,PDB,Unknown,clean_4HTX,False
clean_6AUY.pdb,Experimental,PDB,Unknown,clean_6AUY,False
clean_3DBZ.pdb,Experimental,PDB,Unknown,clean_3DBZ,False
clean_8IT4.pdb,Experimental,PDB,Unknown,clean_8IT4,False
clean_2YY2.pdb,Experimental,PDB,Unknown,clean_2YY2,False
clean_2AFG.pdb,Experimental,PDB,Unknown,clean_2AFG,False
clean_4IBW.pdb,Experimental,PDB,Unknown,clean_4IBW,False
clean_5Y31.pdb,Experimental,PDB,Unknown,clean_5Y31,False
clean_5IB5.pdb,Experimental,PDB,Unknown,clean_5IB5,False
clean_3IKR.pdb,Experimental,PDB,Unknown,clean_3IKR,False
clean_1U72.pdb,Experimental,PDB,Unknown,clean_1U72,False
clean_5YHL.pdb,Experimental,PDB,Unknown,clean_5YHL,False
clean_5SKK.pdb,Experimental,PDB,Unknown,clean_5SKK,False
clean_2ACH.pdb,Experimental,PDB,Unknown,clean_2ACH,False
clean_5HOR.pdb,Experimental,PDB,Unknown,clean_5HOR,False
clean_7KVM.pdb,Experimental,PDB,Unknown,clean_7KVM,False
clean_8SV9.pdb,Experimental,PDB,Unknown,clean_8SV9,False
clean_6Y6C.pdb,Experimental,PDB,Unknown,clean_6Y6C,False
clean_1KWA.pdb,Experimental,PDB,Unknown,clean_1KWA,False
clean_4IQ6.pdb,Experimental,PDB,Unknown,clean_4IQ6,False
clean_5PXE.pdb,Experimental,PDB,Unknown,clean_5PXE,False
clean_5CSZ.pdb,Experimental,PDB,Unknown,clean_5CSZ,False
clean_4Y07.pdb,Experimental,PDB,Unknown,clean_4Y07,False
clean_5F1O.pdb,Experimental,PDB,Unknown,clean_5F1O,False
clean_6N8C.pdb,Experimental,PDB,Unknown,clean_6N8C,False
clean_5DQC.pdb,Experimental,PDB,Unknown,clean_5DQC,False
clean_5Y5N.pdb,Experimental,PDB,Unknown,clean_5Y5N,False
clean_8JLY.pdb,Experimental,PDB,Unknown,clean_8JLY,False
clean_8OQY.pdb,Experimental,PDB,Unknown,clean_8OQY,False
clean_5F95.pdb,Experimental,PDB,Unknown,clean_5F95,False
clean_8GFW.pdb,Experimental,PDB,Unknown,clean_8GFW,False
clean_7E6P.pdb,Experimental,PDB,Unknown,clean_7E6P,False
clean_4RWD.pdb,Experimental,PDB,Unknown,clean_4RWD,False
clean_4L0S.pdb,Experimental,PDB,Unknown,clean_4L0S,False
clean_6FGY.pdb,Experimental,PDB,Unknown,clean_6FGY,False
clean_4N3B.pdb,Experimental,PDB,Unknown,clean_4N3B,False
clean_6C4S.pdb,Experimental,PDB,Unknown,clean_6C4S,False
clean_1QTY.pdb,Experimental,PDB,Unknown,clean_1QTY,False
clean_1D4V.pdb,Experimental,PDB,Unknown,clean_1D4V,False
clean_7VFS.pdb,Experimental,PDB,Unknown,clean_7VFS,False
clean_3UVJ.pdb,Experimental,PDB,Unknown,clean_3UVJ,False
clean_7Z6H.pdb,Experimental,PDB,Unknown,clean_7Z6H,False
clean_1J8F.pdb,Experimental,PDB,Unknown,clean_1J8F,False
clean_8E94.pdb,Experimental,PDB,Unknown,clean_8E94,False
clean_7YNF.pdb,Experimental,PDB,Unknown,clean_7YNF,False
clean_4L6Q.pdb,Experimental,PDB,Unknown,clean_4L6Q,False
clean_3BUG.pdb,Experimental,PDB,Unknown,clean_3BUG,False
clean_8I9L.pdb,Experimental,PDB,Unknown,clean_8I9L,False
clean_6O4I.pdb,Experimental,PDB,Unknown,clean_6O4I,False
clean_1SHL.pdb,Experimental,PDB,Unknown,clean_1SHL,False
clean_3CLD.pdb,Experimental,PDB,Unknown,clean_3CLD,False
clean_4MXZ.pdb,Experimental,PDB,Unknown,clean_4MXZ,False
clean_5SJG.pdb,Experimental,PDB,Unknown,clean_5SJG,False
clean_2OX8.pdb,Experimental,PDB,Unknown,clean_2OX8,False
clean_8FFW.pdb,Experimental,PDB,Unknown,clean_8FFW,False
clean_9GG1.pdb,Experimental,PDB,Unknown,clean_9GG1,False
clean_6PJX.pdb,Experimental,PDB,Unknown,clean_6PJX,False
clean_8VMI.pdb,Experimental,PDB,Unknown,clean_8VMI,False
clean_4NI2.pdb,Experimental,PDB,Unknown,clean_4NI2,False
clean_9IV2.pdb,Experimental,PDB,Unknown,clean_9IV2,False
clean_1I3O.pdb,Experimental,PDB,Unknown,clean_1I3O,False
clean_1MWP.pdb,Experimental,PDB,Unknown,clean_1MWP,False
clean_6DLP.pdb,Experimental,PDB,Unknown,clean_6DLP,False
clean_4UVS.pdb,Experimental,PDB,Unknown,clean_4UVS,False
clean_5SF6.pdb,Experimental,PDB,Unknown,clean_5SF6,False
clean_7WUQ.pdb,Experimental,PDB,Unknown,clean_7WUQ,False
clean_3H0H.pdb,Experimental,PDB,Unknown,clean_3H0H,False
clean_4GML.pdb,Experimental,PDB,Unknown,clean_4GML,False
clean_2NWM.pdb,Experimental,PDB,Unknown,clean_2NWM,False
clean_4MS0.pdb,Experimental,PDB,Unknown,clean_4MS0,False
clean_4OC3.pdb,Experimental,PDB,Unknown,clean_4OC3,False
clean_2WJO.pdb,Experimental,PDB,Unknown,clean_2WJO,False
clean_5I9W.pdb,Experimental,PDB,Unknown,clean_5I9W,False
clean_6X3V.pdb,Experimental,PDB,Unknown,clean_6X3V,False
clean_8D0O.pdb,Experimental,PDB,Unknown,clean_8D0O,False
clean_2BP4.pdb,Experimental,PDB,Unknown,clean_2BP4,False
clean_2DOD.pdb,Experimental,PDB,Unknown,clean_2DOD,False
clean_6HGE.pdb,Experimental,PDB,Unknown,clean_6HGE,False
clean_4IDN.pdb,Experimental,PDB,Unknown,clean_4IDN,False
clean_3FJK.pdb,Experimental,PDB,Unknown,clean_3FJK,False
clean_3BA5.pdb,Experimental,PDB,Unknown,clean_3BA5,False
clean_2LFM.pdb,Experimental,PDB,Unknown,clean_2LFM,False
clean_2B2T.pdb,Experimental,PDB,Unknown,clean_2B2T,False
clean_6B3J.pdb,Experimental,PDB,Unknown,clean_6B3J,False
clean_3OXQ.pdb,Experimental,PDB,Unknown,clean_3OXQ,False
clean_4IMN.pdb,Experimental,PDB,Unknown,clean_4IMN,False
clean_7P3C.pdb,Experimental,PDB,Unknown,clean_7P3C,False
clean_8K4S.pdb,Experimental,PDB,Unknown,clean_8K4S,False
clean_7RZE.pdb,Experimental,PDB,Unknown,clean_7RZE,False
clean_8RHG.pdb,Experimental,PDB,Unknown,clean_8RHG,False
clean_6XZQ.pdb,Experimental,PDB,Unknown,clean_6XZQ,False
clean_3W6O.pdb,Experimental,PDB,Unknown,clean_3W6O,False
clean_4K9H.pdb,Experimental,PDB,Unknown,clean_4K9H,False
clean_3L5C.pdb,Experimental,PDB,Unknown,clean_3L5C,False
clean_4J5W.pdb,Experimental,PDB,Unknown,clean_4J5W,False
clean_6V2U.pdb,Experimental,PDB,Unknown,clean_6V2U,False
clean_6VSV.pdb,Experimental,PDB,Unknown,clean_6VSV,False
clean_7A2X.pdb,Experimental,PDB,Unknown,clean_7A2X,False
clean_6MNH.pdb,Experimental,PDB,Unknown,clean_6MNH,False
clean_5JBT.pdb,Experimental,PDB,Unknown,clean_5JBT,False
clean_1IAS.pdb,Experimental,PDB,Unknown,clean_1IAS,False
clean_1UWO.pdb,Experimental,PDB,Unknown,clean_1UWO,False
clean_8KFZ.pdb,Experimental,PDB,Unknown,clean_8KFZ,False
clean_4PNR.pdb,Experimental,PDB,Unknown,clean_4PNR,False
clean_2B0Y.pdb,Experimental,PDB,Unknown,clean_2B0Y,False
clean_6C7D.pdb,Experimental,PDB,Unknown,clean_6C7D,False
clean_2REX.pdb,Experimental,PDB,Unknown,clean_2REX,False
clean_6L4B.pdb,Experimental,PDB,Unknown,clean_6L4B,False
clean_3UDN.pdb,Experimental,PDB,Unknown,clean_3UDN,False
clean_5PWP.pdb,Experimental,PDB,Unknown,clean_5PWP,False
clean_4Z9G.pdb,Experimental,PDB,Unknown,clean_4Z9G,False
clean_6LQG.pdb,Experimental,PDB,Unknown,clean_6LQG,False
clean_3GGR.pdb,Experimental,PDB,Unknown,clean_3GGR,False
clean_1HCS.pdb,Experimental,PDB,Unknown,clean_1HCS,False
clean_3UUO.pdb,Experimental,PDB,Unknown,clean_3UUO,False
clean_2CFS.pdb,Experimental,PDB,Unknown,clean_2CFS,False
clean_7UAZ.pdb,Experimental,PDB,Unknown,clean_7UAZ,False
clean_6ULJ.pdb,Experimental,PDB,Unknown,clean_6ULJ,False
clean_7ZR0.pdb,Experimental,PDB,Unknown,clean_7ZR0,False
clean_4JR2.pdb,Experimental,PDB,Unknown,clean_4JR2,False
clean_9F32.pdb,Experimental,PDB,Unknown,clean_9F32,False
clean_9B4R.pdb,Experimental,PDB,Unknown,clean_9B4R,False
clean_2Q6C.pdb,Experimental,PDB,Unknown,clean_2Q6C,False
clean_3UZP.pdb,Experimental,PDB,Unknown,clean_3UZP,False
clean_2GPO.pdb,Experimental,PDB,Unknown,clean_2GPO,False
clean_2LP1.pdb,Experimental,PDB,Unknown,clean_2LP1,False
clean_5OWR.pdb,Experimental,PDB,Unknown,clean_5OWR,False
clean_2Y0B.pdb,Experimental,PDB,Unknown,clean_2Y0B,False
clean_6LFO.pdb,Experimental,PDB,Unknown,clean_6LFO,False
clean_7LI4.pdb,Experimental,PDB,Unknown,clean_7LI4,False
clean_1A08.pdb,Experimental,PDB,Unknown,clean_1A08,False
clean_7OAI.pdb,Experimental,PDB,Unknown,clean_7OAI,False
clean_5E6D.pdb,Experimental,PDB,Unknown,clean_5E6D,False
clean_7JJC.pdb,Experimental,PDB,Unknown,clean_7JJC,False
clean_8I7W.pdb,Experimental,PDB,Unknown,clean_8I7W,False
clean_4G6L.pdb,Experimental,PDB,Unknown,clean_4G6L,False
clean_9II3.pdb,Experimental,PDB,Unknown,clean_9II3,False
clean_3CCT.pdb,Experimental,PDB,Unknown,clean_3CCT,False
clean_7UP5.pdb,Experimental,PDB,Unknown,clean_7UP5,False
clean_3FEH.pdb,Experimental,PDB,Unknown,clean_3FEH,False
clean_2E9J.pdb,Experimental,PDB,Unknown,clean_2E9J,False
clean_3WYL.pdb,Experimental,PDB,Unknown,clean_3WYL,False
clean_2OHR.pdb,Experimental,PDB,Unknown,clean_2OHR,False
clean_5UKK.pdb,Experimental,PDB,Unknown,clean_5UKK,False
clean_3F59.pdb,Experimental,PDB,Unknown,clean_3F59,False
clean_8TSB.pdb,Experimental,PDB,Unknown,clean_8TSB,False
clean_8JEF.pdb,Experimental,PDB,Unknown,clean_8JEF,False
clean_2FVV.pdb,Experimental,PDB,Unknown,clean_2FVV,False
clean_7UI7.pdb,Experimental,PDB,Unknown,clean_7UI7,False
clean_6EL7.pdb,Experimental,PDB,Unknown,clean_6EL7,False
clean_3PD0.pdb,Experimental,PDB,Unknown,clean_3PD0,False
clean_5QGU.pdb,Experimental,PDB,Unknown,clean_5QGU,False
clean_5IAN.pdb,Experimental,PDB,Unknown,clean_5IAN,False
clean_7B35.pdb,Experimental,PDB,Unknown,clean_7B35,False
clean_2MZA.pdb,Experimental,PDB,Unknown,clean_2MZA,False
clean_7DHY.pdb,Experimental,PDB,Unknown,clean_7DHY,False
clean_6ZQZ.pdb,Experimental,PDB,Unknown,clean_6ZQZ,False
clean_9CD9.pdb,Experimental,PDB,Unknown,clean_9CD9,False
clean_8ZJE.pdb,Experimental,PDB,Unknown,clean_8ZJE,False
clean_2STT.pdb,Experimental,PDB,Unknown,clean_2STT,False
clean_4RLY.pdb,Experimental,PDB,Unknown,clean_4RLY,False
clean_8JHY.pdb,Experimental,PDB,Unknown,clean_8JHY,False
clean_4I4G.pdb,Experimental,PDB,Unknown,clean_4I4G,False
clean_7B2Q.pdb,Experimental,PDB,Unknown,clean_7B2Q,False
clean_8XMN.pdb,Experimental,PDB,Unknown,clean_8XMN,False
clean_7PGT.pdb,Experimental,PDB,Unknown,clean_7PGT,False
clean_4N78.pdb,Experimental,PDB,Unknown,clean_4N78,False
clean_4GID.pdb,Experimental,PDB,Unknown,clean_4GID,False
clean_8HBH.pdb,Experimental,PDB,Unknown,clean_8HBH,False
clean_1NFO.pdb,Experimental,PDB,Unknown,clean_1NFO,False
clean_5SKH.pdb,Experimental,PDB,Unknown,clean_5SKH,False
clean_3FIT.pdb,Experimental,PDB,Unknown,clean_3FIT,False
clean_9IRX.pdb,Experimental,PDB,Unknown,clean_9IRX,False
clean_1A1C.pdb,Experimental,PDB,Unknown,clean_1A1C,False
clean_8Q27.pdb,Experimental,PDB,Unknown,clean_8Q27,False
clean_2H64.pdb,Experimental,PDB,Unknown,clean_2H64,False
clean_3R5K.pdb,Experimental,PDB,Unknown,clean_3R5K,False
clean_5DH4.pdb,Experimental,PDB,Unknown,clean_5DH4,False
clean_1X53.pdb,Experimental,PDB,Unknown,clean_1X53,False
clean_3U3T.pdb,Experimental,PDB,Unknown,clean_3U3T,False
clean_6MS4.pdb,Experimental,PDB,Unknown,clean_6MS4,False
clean_1S5O.pdb,Experimental,PDB,Unknown,clean_1S5O,False
clean_4NVP.pdb,Experimental,PDB,Unknown,clean_4NVP,False
clean_2H9G.pdb,Experimental,PDB,Unknown,clean_2H9G,False
clean_6X3L.pdb,Experimental,PDB,Unknown,clean_6X3L,False
clean_7BHE.pdb,Experimental,PDB,Unknown,clean_7BHE,False
clean_6XFI.pdb,Experimental,PDB,Unknown,clean_6XFI,False
clean_8AAO.pdb,Experimental,PDB,Unknown,clean_8AAO,False
clean_6N0P.pdb,Experimental,PDB,Unknown,clean_6N0P,False
clean_7Y3J.pdb,Experimental,PDB,Unknown,clean_7Y3J,False
clean_5NW1.pdb,Experimental,PDB,Unknown,clean_5NW1,False
clean_7A00.pdb,Experimental,PDB,Unknown,clean_7A00,False
clean_3BGL.pdb,Experimental,PDB,Unknown,clean_3BGL,False
clean_6N0N.pdb,Experimental,PDB,Unknown,clean_6N0N,False
clean_8EBL.pdb,Experimental,PDB,Unknown,clean_8EBL,False
clean_8CEB.pdb,Experimental,PDB,Unknown,clean_8CEB,False
clean_7RAD.pdb,Experimental,PDB,Unknown,clean_7RAD,False
clean_3JUT.pdb,Experimental,PDB,Unknown,clean_3JUT,False
clean_9BR4.pdb,Experimental,PDB,Unknown,clean_9BR4,False
clean_5W59.pdb,Experimental,PDB,Unknown,clean_5W59,False
clean_7WVU.pdb,Experimental,PDB,Unknown,clean_7WVU,False
clean_7F67.pdb,Experimental,PDB,Unknown,clean_7F67,False
clean_8P83.pdb,Experimental,PDB,Unknown,clean_8P83,False
clean_8J7P.pdb,Experimental,PDB,Unknown,clean_8J7P,False
clean_4UI1.pdb,Experimental,PDB,Unknown,clean_4UI1,False
clean_7DVD.pdb,Experimental,PDB,Unknown,clean_7DVD,False
clean_7WVX.pdb,Experimental,PDB,Unknown,clean_7WVX,False
clean_5J7E.pdb,Experimental,PDB,Unknown,clean_5J7E,False
clean_2DM4.pdb,Experimental,PDB,Unknown,clean_2DM4,False
clean_7NRS.pdb,Experimental,PDB,Unknown,clean_7NRS,False
clean_4R5Y.pdb,Experimental,PDB,Unknown,clean_4R5Y,False
clean_9JDV.pdb,Experimental,PDB,Unknown,clean_9JDV,False
clean_4LSJ.pdb,Experimental,PDB,Unknown,clean_4LSJ,False
clean_4KXK.pdb,Experimental,PDB,Unknown,clean_4KXK,False
clean_5SD7.pdb,Experimental,PDB,Unknown,clean_5SD7,False
clean_3P7Z.pdb,Experimental,PDB,Unknown,clean_3P7Z,False
clean_4AHK.pdb,Experimental,PDB,Unknown,clean_4AHK,False
clean_3R7O.pdb,Experimental,PDB,Unknown,clean_3R7O,False
clean_2RID.pdb,Experimental,PDB,Unknown,clean_2RID,False
clean_5VV0.pdb,Experimental,PDB,Unknown,clean_5VV0,False
clean_3VD1.pdb,Experimental,PDB,Unknown,clean_3VD1,False
clean_9B65.pdb,Experimental,PDB,Unknown,clean_9B65,False
clean_3F8Z.pdb,Experimental,PDB,Unknown,clean_3F8Z,False
clean_5SJP.pdb,Experimental,PDB,Unknown,clean_5SJP,False
clean_1O4D.pdb,Experimental,PDB,Unknown,clean_1O4D,False
clean_4CT4.pdb,Experimental,PDB,Unknown,clean_4CT4,False
clean_7TYL.pdb,Experimental,PDB,Unknown,clean_7TYL,False
clean_3Q2S.pdb,Experimental,PDB,Unknown,clean_3Q2S,False
clean_7MYU.pdb,Experimental,PDB,Unknown,clean_7MYU,False
clean_7MP5.pdb,Experimental,PDB,Unknown,clean_7MP5,False
clean_6E2P.pdb,Experimental,PDB,Unknown,clean_6E2P,False
clean_6D3L.pdb,Experimental,PDB,Unknown,clean_6D3L,False
clean_2ZVW.pdb,Experimental,PDB,Unknown,clean_2ZVW,False
clean_2YSM.pdb,Experimental,PDB,Unknown,clean_2YSM,False
clean_4C8R.pdb,Experimental,PDB,Unknown,clean_4C8R,False
clean_3N7S.pdb,Experimental,PDB,Unknown,clean_3N7S,False
clean_8IED.pdb,Experimental,PDB,Unknown,clean_8IED,False
clean_4RFW.pdb,Experimental,PDB,Unknown,clean_4RFW,False
clean_5IAK.pdb,Experimental,PDB,Unknown,clean_5IAK,False
clean_7XW5.pdb,Experimental,PDB,Unknown,clean_7XW5,False
clean_7YP7.pdb,Experimental,PDB,Unknown,clean_7YP7,False
clean_6U7F.pdb,Experimental,PDB,Unknown,clean_6U7F,False
clean_8Y69.pdb,Experimental,PDB,Unknown,clean_8Y69,False
clean_5PYU.pdb,Experimental,PDB,Unknown,clean_5PYU,False
clean_8UNT.pdb,Experimental,PDB,Unknown,clean_8UNT,False
clean_5SHN.pdb,Experimental,PDB,Unknown,clean_5SHN,False
clean_8PQZ.pdb,Experimental,PDB,Unknown,clean_8PQZ,False
clean_6TQ0.pdb,Experimental,PDB,Unknown,clean_6TQ0,False
clean_1OLM.pdb,Experimental,PDB,Unknown,clean_1OLM,False
clean_3S67.pdb,Experimental,PDB,Unknown,clean_3S67,False
clean_4MSH.pdb,Experimental,PDB,Unknown,clean_4MSH,False
clean_7FT2.pdb,Experimental,PDB,Unknown,clean_7FT2,False
clean_3EE5.pdb,Experimental,PDB,Unknown,clean_3EE5,False
clean_4GPZ.pdb,Experimental,PDB,Unknown,clean_4GPZ,False
clean_7EL4.pdb,Experimental,PDB,Unknown,clean_7EL4,False
clean_3VBB.pdb,Experimental,PDB,Unknown,clean_3VBB,False
clean_6ZY6.pdb,Experimental,PDB,Unknown,clean_6ZY6,False
clean_8JSP.pdb,Experimental,PDB,Unknown,clean_8JSP,False
clean_8RFB.pdb,Experimental,PDB,Unknown,clean_8RFB,False
clean_5YQM.pdb,Experimental,PDB,Unknown,clean_5YQM,False
clean_4ZG7.pdb,Experimental,PDB,Unknown,clean_4ZG7,False
clean_4CAA.pdb,Experimental,PDB,Unknown,clean_4CAA,False
clean_8CZ6.pdb,Experimental,PDB,Unknown,clean_8CZ6,False
clean_8S1M.pdb,Experimental,PDB,Unknown,clean_8S1M,False
clean_6D1U.pdb,Experimental,PDB,Unknown,clean_6D1U,False
clean_7X5G.pdb,Experimental,PDB,Unknown,clean_7X5G,False
clean_1FM6.pdb,Experimental,PDB,Unknown,clean_1FM6,False
clean_4TKI.pdb,Experimental,PDB,Unknown,clean_4TKI,False
clean_2E45.pdb,Experimental,PDB,Unknown,clean_2E45,False
clean_1JDW.pdb,Experimental,PDB,Unknown,clean_1JDW,False
clean_5YBY.pdb,Experimental,PDB,Unknown,clean_5YBY,False
clean_1FCH.pdb,Experimental,PDB,Unknown,clean_1FCH,False
clean_7X2V.pdb,Experimental,PDB,Unknown,clean_7X2V,False
clean_4J0Z.pdb,Experimental,PDB,Unknown,clean_4J0Z,False
clean_4KNB.pdb,Experimental,PDB,Unknown,clean_4KNB,False
clean_8UG3.pdb,Experimental,PDB,Unknown,clean_8UG3,False
clean_9D18.pdb,Experimental,PDB,Unknown,clean_9D18,False
clean_4JIF.pdb,Experimental,PDB,Unknown,clean_4JIF,False
clean_6KWY.pdb,Experimental,PDB,Unknown,clean_6KWY,False
clean_6MZQ.pdb,Experimental,PDB,Unknown,clean_6MZQ,False
clean_2ACL.pdb,Experimental,PDB,Unknown,clean_2ACL,False
clean_2YRL.pdb,Experimental,PDB,Unknown,clean_2YRL,False
clean_3ZEH.pdb,Experimental,PDB,Unknown,clean_3ZEH,False
clean_5V2Q.pdb,Experimental,PDB,Unknown,clean_5V2Q,False
clean_3INF.pdb,Experimental,PDB,Unknown,clean_3INF,False
clean_2M16.pdb,Experimental,PDB,Unknown,clean_2M16,False
clean_4GLR.pdb,Experimental,PDB,Unknown,clean_4GLR,False
clean_8PY2.pdb,Experimental,PDB,Unknown,clean_8PY2,False
clean_7S8N.pdb,Experimental,PDB,Unknown,clean_7S8N,False
clean_5GJG.pdb,Experimental,PDB,Unknown,clean_5GJG,False
clean_1O49.pdb,Experimental,PDB,Unknown,clean_1O49,False
clean_9LSH.pdb,Experimental,PDB,Unknown,clean_9LSH,False
clean_5YD6.pdb,Experimental,PDB,Unknown,clean_5YD6,False
clean_4RP6.pdb,Experimental,PDB,Unknown,clean_4RP6,False
clean_6HAY.pdb,Experimental,PDB,Unknown,clean_6HAY,False
clean_2WEF.pdb,Experimental,PDB,Unknown,clean_2WEF,False
clean_7FI7.pdb,Experimental,PDB,Unknown,clean_7FI7,False
clean_5E6A.pdb,Experimental,PDB,Unknown,clean_5E6A,False
clean_8IEO.pdb,Experimental,PDB,Unknown,clean_8IEO,False
clean_4GSC.pdb,Experimental,PDB,Unknown,clean_4GSC,False
clean_7CQ5.pdb,Experimental,PDB,Unknown,clean_7CQ5,False
clean_8PFE.pdb,Experimental,PDB,Unknown,clean_8PFE,False
clean_3DYL.pdb,Experimental,PDB,Unknown,clean_3DYL,False
clean_6SST.pdb,Experimental,PDB,Unknown,clean_6SST,False
clean_8ET7.pdb,Experimental,PDB,Unknown,clean_8ET7,False
clean_8BDS.pdb,Experimental,PDB,Unknown,clean_8BDS,False
clean_5EQO.pdb,Experimental,PDB,Unknown,clean_5EQO,False
clean_8RH9.pdb,Experimental,PDB,Unknown,clean_8RH9,False
clean_1G5V.pdb,Experimental,PDB,Unknown,clean_1G5V,False
clean_5JT2.pdb,Experimental,PDB,Unknown,clean_5JT2,False
clean_2F1X.pdb,Experimental,PDB,Unknown,clean_2F1X,False
clean_4N5G.pdb,Experimental,PDB,Unknown,clean_4N5G,False
clean_8KFX.pdb,Experimental,PDB,Unknown,clean_8KFX,False
clean_1O44.pdb,Experimental,PDB,Unknown,clean_1O44,False
clean_8XMP.pdb,Experimental,PDB,Unknown,clean_8XMP,False
clean_2L54.pdb,Experimental,PDB,Unknown,clean_2L54,False
clean_3OE6.pdb,Experimental,PDB,Unknown,clean_3OE6,False
clean_5IB2.pdb,Experimental,PDB,Unknown,clean_5IB2,False
clean_8WC3.pdb,Experimental,PDB,Unknown,clean_8WC3,False
clean_4YVV.pdb,Experimental,PDB,Unknown,clean_4YVV,False
clean_7M0Z.pdb,Experimental,PDB,Unknown,clean_7M0Z,False
clean_2MY8.pdb,Experimental,PDB,Unknown,clean_2MY8,False
clean_6HES.pdb,Experimental,PDB,Unknown,clean_6HES,False
clean_3TWX.pdb,Experimental,PDB,Unknown,clean_3TWX,False
clean_4JJE.pdb,Experimental,PDB,Unknown,clean_4JJE,False
clean_9CE3.pdb,Experimental,PDB,Unknown,clean_9CE3,False
clean_8CZ2.pdb,Experimental,PDB,Unknown,clean_8CZ2,False
clean_6A32.pdb,Experimental,PDB,Unknown,clean_6A32,False
clean_6DAE.pdb,Experimental,PDB,Unknown,clean_6DAE,False
clean_6NGF.pdb,Experimental,PDB,Unknown,clean_6NGF,False
clean_3OX5.pdb,Experimental,PDB,Unknown,clean_3OX5,False
clean_4CAH.pdb,Experimental,PDB,Unknown,clean_4CAH,False
clean_7FSM.pdb,Experimental,PDB,Unknown,clean_7FSM,False
clean_4ACX.pdb,Experimental,PDB,Unknown,clean_4ACX,False
clean_8G0L.pdb,Experimental,PDB,Unknown,clean_8G0L,False
clean_1F0M.pdb,Experimental,PDB,Unknown,clean_1F0M,False
clean_3MI8.pdb,Experimental,PDB,Unknown,clean_3MI8,False
clean_2GGX.pdb,Experimental,PDB,Unknown,clean_2GGX,False
clean_2A14.pdb,Experimental,PDB,Unknown,clean_2A14,False
clean_7SHV.pdb,Experimental,PDB,Unknown,clean_7SHV,False
clean_6GFI.pdb,Experimental,PDB,Unknown,clean_6GFI,False
clean_6EG8.pdb,Experimental,PDB,Unknown,clean_6EG8,False
clean_5SG0.pdb,Experimental,PDB,Unknown,clean_5SG0,False
clean_2BIO.pdb,Experimental,PDB,Unknown,clean_2BIO,False
clean_6T78.pdb,Experimental,PDB,Unknown,clean_6T78,False
clean_8QPB.pdb,Experimental,PDB,Unknown,clean_8QPB,False
clean_2BEG.pdb,Experimental,PDB,Unknown,clean_2BEG,False
clean_4J1K.pdb,Experimental,PDB,Unknown,clean_4J1K,False
clean_2CNO.pdb,Experimental,PDB,Unknown,clean_2CNO,False
clean_7TW5.pdb,Experimental,PDB,Unknown,clean_7TW5,False
clean_5SFQ.pdb,Experimental,PDB,Unknown,clean_5SFQ,False
clean_3HFH.pdb,Experimental,PDB,Unknown,clean_3HFH,False
clean_4ATU.pdb,Experimental,PDB,Unknown,clean_4ATU,False
clean_1IB2.pdb,Experimental,PDB,Unknown,clean_1IB2,False
clean_2VJ6.pdb,Experimental,PDB,Unknown,clean_2VJ6,False
clean_5QQJ.pdb,Experimental,PDB,Unknown,clean_5QQJ,False
clean_3SAK.pdb,Experimental,PDB,Unknown,clean_3SAK,False
clean_7XT8.pdb,Experimental,PDB,Unknown,clean_7XT8,False
clean_4X3P.pdb,Experimental,PDB,Unknown,clean_4X3P,False
clean_7PEL.pdb,Experimental,PDB,Unknown,clean_7PEL,False
clean_2M3W.pdb,Experimental,PDB,Unknown,clean_2M3W,False
clean_6Q0J.pdb,Experimental,PDB,Unknown,clean_6Q0J,False
clean_9EPQ.pdb,Experimental,PDB,Unknown,clean_9EPQ,False
clean_8BOM.pdb,Experimental,PDB,Unknown,clean_8BOM,False
clean_8PQI.pdb,Experimental,PDB,Unknown,clean_8PQI,False
clean_7PRW.pdb,Experimental,PDB,Unknown,clean_7PRW,False
clean_5HVJ.pdb,Experimental,PDB,Unknown,clean_5HVJ,False
clean_5SE1.pdb,Experimental,PDB,Unknown,clean_5SE1,False
clean_4NDH.pdb,Experimental,PDB,Unknown,clean_4NDH,False
clean_8BZJ.pdb,Experimental,PDB,Unknown,clean_8BZJ,False
clean_8GDB.pdb,Experimental,PDB,Unknown,clean_8GDB,False
clean_5EDE.pdb,Experimental,PDB,Unknown,clean_5EDE,False
clean_2PNR.pdb,Experimental,PDB,Unknown,clean_2PNR,False
clean_2J21.pdb,Experimental,PDB,Unknown,clean_2J21,False
clean_5SF7.pdb,Experimental,PDB,Unknown,clean_5SF7,False
clean_6B3W.pdb,Experimental,PDB,Unknown,clean_6B3W,False
clean_7X8R.pdb,Experimental,PDB,Unknown,clean_7X8R,False
clean_6V2W.pdb,Experimental,PDB,Unknown,clean_6V2W,False
clean_4I3Q.pdb,Experimental,PDB,Unknown,clean_4I3Q,False
clean_5UB5.pdb,Experimental,PDB,Unknown,clean_5UB5,False
clean_8VVG.pdb,Experimental,PDB,Unknown,clean_8VVG,False
clean_5V54.pdb,Experimental,PDB,Unknown,clean_5V54,False
clean_8T32.pdb,Experimental,PDB,Unknown,clean_8T32,False
clean_1Y3K.pdb,Experimental,PDB,Unknown,clean_1Y3K,False
clean_4P5X.pdb,Experimental,PDB,Unknown,clean_4P5X,False
clean_4JJ8.pdb,Experimental,PDB,Unknown,clean_4JJ8,False
clean_4R8M.pdb,Experimental,PDB,Unknown,clean_4R8M,False
clean_7RKL.pdb,Experimental,PDB,Unknown,clean_7RKL,False
clean_9BVJ.pdb,Experimental,PDB,Unknown,clean_9BVJ,False
clean_6ANU.pdb,Experimental,PDB,Unknown,clean_6ANU,False
clean_3SVA.pdb,Experimental,PDB,Unknown,clean_3SVA,False
clean_6R6H.pdb,Experimental,PDB,Unknown,clean_6R6H,False
clean_4NC3.pdb,Experimental,PDB,Unknown,clean_4NC3,False
clean_6ZY7.pdb,Experimental,PDB,Unknown,clean_6ZY7,False
clean_3VF3.pdb,Experimental,PDB,Unknown,clean_3VF3,False
clean_8KEW.pdb,Experimental,PDB,Unknown,clean_8KEW,False
clean_1PUF.pdb,Experimental,PDB,Unknown,clean_1PUF,False
clean_9EQM.pdb,Experimental,PDB,Unknown,clean_9EQM,False
clean_6FJD.pdb,Experimental,PDB,Unknown,clean_6FJD,False
clean_4OC7.pdb,Experimental,PDB,Unknown,clean_4OC7,False
clean_2FFW.pdb,Experimental,PDB,Unknown,clean_2FFW,False
clean_8EI6.pdb,Experimental,PDB,Unknown,clean_8EI6,False
clean_1SSL.pdb,Experimental,PDB,Unknown,clean_1SSL,False
clean_5SG5.pdb,Experimental,PDB,Unknown,clean_5SG5,False
clean_6UMD.pdb,Experimental,PDB,Unknown,clean_6UMD,False
clean_6ULG.pdb,Experimental,PDB,Unknown,clean_6ULG,False
clean_1PD9.pdb,Experimental,PDB,Unknown,clean_1PD9,False
clean_7QWL.pdb,Experimental,PDB,Unknown,clean_7QWL,False
clean_5CSX.pdb,Experimental,PDB,Unknown,clean_5CSX,False
clean_8HDP.pdb,Experimental,PDB,Unknown,clean_8HDP,False
clean_9EPO.pdb,Experimental,PDB,Unknown,clean_9EPO,False
clean_3I5N.pdb,Experimental,PDB,Unknown,clean_3I5N,False
clean_7Z77.pdb,Experimental,PDB,Unknown,clean_7Z77,False
clean_7B3T.pdb,Experimental,PDB,Unknown,clean_7B3T,False
clean_5JL7.pdb,Experimental,PDB,Unknown,clean_5JL7,False
clean_8AX7.pdb,Experimental,PDB,Unknown,clean_8AX7,False
clean_7UM7.pdb,Experimental,PDB,Unknown,clean_7UM7,False
clean_7F6I.pdb,Experimental,PDB,Unknown,clean_7F6I,False
clean_9GG0.pdb,Experimental,PDB,Unknown,clean_9GG0,False
clean_7QKW.pdb,Experimental,PDB,Unknown,clean_7QKW,False
clean_7UWK.pdb,Experimental,PDB,Unknown,clean_7UWK,False
clean_2MWO.pdb,Experimental,PDB,Unknown,clean_2MWO,False
clean_6DRD.pdb,Experimental,PDB,Unknown,clean_6DRD,False
clean_2VIY.pdb,Experimental,PDB,Unknown,clean_2VIY,False
clean_6S1F.pdb,Experimental,PDB,Unknown,clean_6S1F,False
clean_7OUF.pdb,Experimental,PDB,Unknown,clean_7OUF,False
clean_7DMY.pdb,Experimental,PDB,Unknown,clean_7DMY,False
clean_2W3M.pdb,Experimental,PDB,Unknown,clean_2W3M,False
clean_3QI4.pdb,Experimental,PDB,Unknown,clean_3QI4,False
clean_4Z9L.pdb,Experimental,PDB,Unknown,clean_4Z9L,False
clean_4BST.pdb,Experimental,PDB,Unknown,clean_4BST,False
clean_5SGX.pdb,Experimental,PDB,Unknown,clean_5SGX,False
clean_8X80.pdb,Experimental,PDB,Unknown,clean_8X80,False
clean_8WHH.pdb,Experimental,PDB,Unknown,clean_8WHH,False
clean_5SJW.pdb,Experimental,PDB,Unknown,clean_5SJW,False
clean_2FSA.pdb,Experimental,PDB,Unknown,clean_2FSA,False
clean_3VZD.pdb,Experimental,PDB,Unknown,clean_3VZD,False
clean_2RUK.pdb,Experimental,PDB,Unknown,clean_2RUK,False
clean_8J7N.pdb,Experimental,PDB,Unknown,clean_8J7N,False
clean_2ZVV.pdb,Experimental,PDB,Unknown,clean_2ZVV,False
clean_8WUB.pdb,Experimental,PDB,Unknown,clean_8WUB,False
clean_2AES.pdb,Experimental,PDB,Unknown,clean_2AES,False
clean_4TKG.pdb,Experimental,PDB,Unknown,clean_4TKG,False
clean_7EJ2.pdb,Experimental,PDB,Unknown,clean_7EJ2,False
clean_4Z33.pdb,Experimental,PDB,Unknown,clean_4Z33,False
clean_3ZLQ.pdb,Experimental,PDB,Unknown,clean_3ZLQ,False
clean_4L32.pdb,Experimental,PDB,Unknown,clean_4L32,False
clean_3N0H.pdb,Experimental,PDB,Unknown,clean_3N0H,False
clean_7OBM.pdb,Experimental,PDB,Unknown,clean_7OBM,False
clean_8RH7.pdb,Experimental,PDB,Unknown,clean_8RH7,False
clean_2C2T.pdb,Experimental,PDB,Unknown,clean_2C2T,False
clean_3FUB.pdb,Experimental,PDB,Unknown,clean_3FUB,False
clean_5MAR.pdb,Experimental,PDB,Unknown,clean_5MAR,False
clean_5CXY.pdb,Experimental,PDB,Unknown,clean_5CXY,False
clean_7SK6.pdb,Experimental,PDB,Unknown,clean_7SK6,False
clean_6T7F.pdb,Experimental,PDB,Unknown,clean_6T7F,False
clean_2Z3R.pdb,Experimental,PDB,Unknown,clean_2Z3R,False
clean_7XB9.pdb,Experimental,PDB,Unknown,clean_7XB9,False
clean_4OVU.pdb,Experimental,PDB,Unknown,clean_4OVU,False
clean_8XMW.pdb,Experimental,PDB,Unknown,clean_8XMW,False
clean_7QBY.pdb,Experimental,PDB,Unknown,clean_7QBY,False
clean_6V7N.pdb,Experimental,PDB,Unknown,clean_6V7N,False
clean_8IF3.pdb,Experimental,PDB,Unknown,clean_8IF3,False
clean_2QP8.pdb,Experimental,PDB,Unknown,clean_2QP8,False
clean_6O4L.pdb,Experimental,PDB,Unknown,clean_6O4L,False
clean_8J75.pdb,Experimental,PDB,Unknown,clean_8J75,False
clean_5G5W.pdb,Experimental,PDB,Unknown,clean_5G5W,False
clean_2ID5.pdb,Experimental,PDB,Unknown,clean_2ID5,False
clean_4KFJ.pdb,Experimental,PDB,Unknown,clean_4KFJ,False
clean_7T2G.pdb,Experimental,PDB,Unknown,clean_7T2G,False
clean_3U3V.pdb,Experimental,PDB,Unknown,clean_3U3V,False
clean_7UW2.pdb,Experimental,PDB,Unknown,clean_7UW2,False
clean_5LEY.pdb,Experimental,PDB,Unknown,clean_5LEY,False
clean_6IJQ.pdb,Experimental,PDB,Unknown,clean_6IJQ,False
clean_5XAW.pdb,Experimental,PDB,Unknown,clean_5XAW,False
clean_6LB4.pdb,Experimental,PDB,Unknown,clean_6LB4,False
clean_7KI1.pdb,Experimental,PDB,Unknown,clean_7KI1,False
clean_3IO4.pdb,Experimental,PDB,Unknown,clean_3IO4,False
clean_4K8S.pdb,Experimental,PDB,Unknown,clean_4K8S,False
clean_8KF6.pdb,Experimental,PDB,Unknown,clean_8KF6,False
clean_5JGB.pdb,Experimental,PDB,Unknown,clean_5JGB,False
clean_3EQM.pdb,Experimental,PDB,Unknown,clean_3EQM,False
clean_7B3W.pdb,Experimental,PDB,Unknown,clean_7B3W,False
clean_6EL6.pdb,Experimental,PDB,Unknown,clean_6EL6,False
clean_4AT5.pdb,Experimental,PDB,Unknown,clean_4AT5,False
clean_3P8P.pdb,Experimental,PDB,Unknown,clean_3P8P,False
clean_5BNJ.pdb,Experimental,PDB,Unknown,clean_5BNJ,False
clean_4MQF.pdb,Experimental,PDB,Unknown,clean_4MQF,False
clean_5NKC.pdb,Experimental,PDB,Unknown,clean_5NKC,False
clean_6UME.pdb,Experimental,PDB,Unknown,clean_6UME,False
clean_5NJZ.pdb,Experimental,PDB,Unknown,clean_5NJZ,False
clean_2OS6.pdb,Experimental,PDB,Unknown,clean_2OS6,False
clean_4R93.pdb,Experimental,PDB,Unknown,clean_4R93,False
clean_8QCP.pdb,Experimental,PDB,Unknown,clean_8QCP,False
clean_4V05.pdb,Experimental,PDB,Unknown,clean_4V05,False
clean_2L64.pdb,Experimental,PDB,Unknown,clean_2L64,False
clean_1KMV.pdb,Experimental,PDB,Unknown,clean_1KMV,False
clean_8PIX.pdb,Experimental,PDB,Unknown,clean_8PIX,False
clean_2C9Y.pdb,Experimental,PDB,Unknown,clean_2C9Y,False
clean_8AXD.pdb,Experimental,PDB,Unknown,clean_8AXD,False
clean_2OVC.pdb,Experimental,PDB,Unknown,clean_2OVC,False
clean_8D3J.pdb,Experimental,PDB,Unknown,clean_8D3J,False
clean_5O5U.pdb,Experimental,PDB,Unknown,clean_5O5U,False
clean_1M8X.pdb,Experimental,PDB,Unknown,clean_1M8X,False
clean_3D06.pdb,Experimental,PDB,Unknown,clean_3D06,False
clean_2DLG.pdb,Experimental,PDB,Unknown,clean_2DLG,False
clean_4B1E.pdb,Experimental,PDB,Unknown,clean_4B1E,False
clean_5UWF.pdb,Experimental,PDB,Unknown,clean_5UWF,False
clean_4DCP.pdb,Experimental,PDB,Unknown,clean_4DCP,False
clean_7CR4.pdb,Experimental,PDB,Unknown,clean_7CR4,False
clean_3DA6.pdb,Experimental,PDB,Unknown,clean_3DA6,False
clean_6F7N.pdb,Experimental,PDB,Unknown,clean_6F7N,False
clean_6POB.pdb,Experimental,PDB,Unknown,clean_6POB,False
clean_5GWK.pdb,Experimental,PDB,Unknown,clean_5GWK,False
clean_5N5B.pdb,Experimental,PDB,Unknown,clean_5N5B,False
clean_1T3G.pdb,Experimental,PDB,Unknown,clean_1T3G,False
clean_8OWD.pdb,Experimental,PDB,Unknown,clean_8OWD,False
clean_5SFH.pdb,Experimental,PDB,Unknown,clean_5SFH,False
clean_8C0D.pdb,Experimental,PDB,Unknown,clean_8C0D,False
clean_3FI3.pdb,Experimental,PDB,Unknown,clean_3FI3,False
clean_7KDZ.pdb,Experimental,PDB,Unknown,clean_7KDZ,False
clean_8RNC.pdb,Experimental,PDB,Unknown,clean_8RNC,False
clean_9J8D.pdb,Experimental,PDB,Unknown,clean_9J8D,False
clean_3QOF.pdb,Experimental,PDB,Unknown,clean_3QOF,False
clean_3EIG.pdb,Experimental,PDB,Unknown,clean_3EIG,False
clean_8XWP.pdb,Experimental,PDB,Unknown,clean_8XWP,False
clean_1EH3.pdb,Experimental,PDB,Unknown,clean_1EH3,False
clean_8J03.pdb,Experimental,PDB,Unknown,clean_8J03,False
clean_3IJC.pdb,Experimental,PDB,Unknown,clean_3IJC,False
clean_5VR3.pdb,Experimental,PDB,Unknown,clean_5VR3,False
clean_6X4H.pdb,Experimental,PDB,Unknown,clean_6X4H,False
clean_4Q2O.pdb,Experimental,PDB,Unknown,clean_4Q2O,False
clean_2FGB.pdb,Experimental,PDB,Unknown,clean_2FGB,False
clean_1K59.pdb,Experimental,PDB,Unknown,clean_1K59,False
clean_3NXY.pdb,Experimental,PDB,Unknown,clean_3NXY,False
clean_3VZB.pdb,Experimental,PDB,Unknown,clean_3VZB,False
clean_3L59.pdb,Experimental,PDB,Unknown,clean_3L59,False
clean_2P27.pdb,Experimental,PDB,Unknown,clean_2P27,False
clean_4FM9.pdb,Experimental,PDB,Unknown,clean_4FM9,False
clean_3OQ5.pdb,Experimental,PDB,Unknown,clean_3OQ5,False
clean_5IJN.pdb,Experimental,PDB,Unknown,clean_5IJN,False
clean_6HVB.pdb,Experimental,PDB,Unknown,clean_6HVB,False
clean_3OJV.pdb,Experimental,PDB,Unknown,clean_3OJV,False
clean_5WJ6.pdb,Experimental,PDB,Unknown,clean_5WJ6,False
clean_9B4L.pdb,Experimental,PDB,Unknown,clean_9B4L,False
clean_2V0M.pdb,Experimental,PDB,Unknown,clean_2V0M,False
clean_7M5Y.pdb,Experimental,PDB,Unknown,clean_7M5Y,False
clean_4PYK.pdb,Experimental,PDB,Unknown,clean_4PYK,False
clean_6UX9.pdb,Experimental,PDB,Unknown,clean_6UX9,False
clean_3RL0.pdb,Experimental,PDB,Unknown,clean_3RL0,False
clean_7QKU.pdb,Experimental,PDB,Unknown,clean_7QKU,False
clean_8ZX5.pdb,Experimental,PDB,Unknown,clean_8ZX5,False
clean_2X19.pdb,Experimental,PDB,Unknown,clean_2X19,False
clean_8Y62.pdb,Experimental,PDB,Unknown,clean_8Y62,False
clean_7UKF.pdb,Experimental,PDB,Unknown,clean_7UKF,False
clean_6U7E.pdb,Experimental,PDB,Unknown,clean_6U7E,False
clean_6TNQ.pdb,Experimental,PDB,Unknown,clean_6TNQ,False
clean_5UR1.pdb,Experimental,PDB,Unknown,clean_5UR1,False
clean_7NWB.pdb,Experimental,PDB,Unknown,clean_7NWB,False
clean_7T9N.pdb,Experimental,PDB,Unknown,clean_7T9N,False
clean_3IOT.pdb,Experimental,PDB,Unknown,clean_3IOT,False
clean_9MJ9.pdb,Experimental,PDB,Unknown,clean_9MJ9,False
clean_4BGQ.pdb,Experimental,PDB,Unknown,clean_4BGQ,False
clean_4QQ6.pdb,Experimental,PDB,Unknown,clean_4QQ6,False
clean_9EOG.pdb,Experimental,PDB,Unknown,clean_9EOG,False
clean_2WC0.pdb,Experimental,PDB,Unknown,clean_2WC0,False
clean_1SQY.pdb,Experimental,PDB,Unknown,clean_1SQY,False
clean_5SJC.pdb,Experimental,PDB,Unknown,clean_5SJC,False
clean_2VIJ.pdb,Experimental,PDB,Unknown,clean_2VIJ,False
clean_8U1U.pdb,Experimental,PDB,Unknown,clean_8U1U,False
clean_5PYZ.pdb,Experimental,PDB,Unknown,clean_5PYZ,False
clean_2NZ8.pdb,Experimental,PDB,Unknown,clean_2NZ8,False
clean_8SU8.pdb,Experimental,PDB,Unknown,clean_8SU8,False
clean_4W5I.pdb,Experimental,PDB,Unknown,clean_4W5I,False
clean_7FT6.pdb,Experimental,PDB,Unknown,clean_7FT6,False
clean_8HMB.pdb,Experimental,PDB,Unknown,clean_8HMB,False
clean_7LLL.pdb,Experimental,PDB,Unknown,clean_7LLL,False
clean_4HJE.pdb,Experimental,PDB,Unknown,clean_4HJE,False
clean_5E0U.pdb,Experimental,PDB,Unknown,clean_5E0U,False
clean_6AV1.pdb,Experimental,PDB,Unknown,clean_6AV1,False
clean_7YMJ.pdb,Experimental,PDB,Unknown,clean_7YMJ,False
clean_4CSK.pdb,Experimental,PDB,Unknown,clean_4CSK,False
clean_1FHI.pdb,Experimental,PDB,Unknown,clean_1FHI,False
clean_8TZO.pdb,Experimental,PDB,Unknown,clean_8TZO,False
clean_3CIC.pdb,Experimental,PDB,Unknown,clean_3CIC,False
clean_2MRK.pdb,Experimental,PDB,Unknown,clean_2MRK,False
clean_9EUU.pdb,Experimental,PDB,Unknown,clean_9EUU,False
clean_4XV9.pdb,Experimental,PDB,Unknown,clean_4XV9,False
clean_8JSR.pdb,Experimental,PDB,Unknown,clean_8JSR,False
clean_2AW0.pdb,Experimental,PDB,Unknown,clean_2AW0,False
clean_3Q29.pdb,Experimental,PDB,Unknown,clean_3Q29,False
clean_6V2O.pdb,Experimental,PDB,Unknown,clean_6V2O,False
clean_3RSX.pdb,Experimental,PDB,Unknown,clean_3RSX,False
clean_6F7M.pdb,Experimental,PDB,Unknown,clean_6F7M,False
clean_1JWO.pdb,Experimental,PDB,Unknown,clean_1JWO,False
clean_5PWF.pdb,Experimental,PDB,Unknown,clean_5PWF,False
clean_7SPD.pdb,Experimental,PDB,Unknown,clean_7SPD,False
clean_7MBX.pdb,Experimental,PDB,Unknown,clean_7MBX,False
clean_9HGR.pdb,Experimental,PDB,Unknown,clean_9HGR,False
clean_7F5E.pdb,Experimental,PDB,Unknown,clean_7F5E,False
clean_7OTE.pdb,Experimental,PDB,Unknown,clean_7OTE,False
clean_2W3A.pdb,Experimental,PDB,Unknown,clean_2W3A,False
clean_8XQI.pdb,Experimental,PDB,Unknown,clean_8XQI,False
clean_7UI6.pdb,Experimental,PDB,Unknown,clean_7UI6,False
clean_1ES7.pdb,Experimental,PDB,Unknown,clean_1ES7,False
clean_7E89.pdb,Experimental,PDB,Unknown,clean_7E89,False
clean_7R04.pdb,Experimental,PDB,Unknown,clean_7R04,False
clean_5TVB.pdb,Experimental,PDB,Unknown,clean_5TVB,False
clean_3K5D.pdb,Experimental,PDB,Unknown,clean_3K5D,False
clean_8OMK.pdb,Experimental,PDB,Unknown,clean_8OMK,False
clean_1DQ9.pdb,Experimental,PDB,Unknown,clean_1DQ9,False
clean_5U7R.pdb,Experimental,PDB,Unknown,clean_5U7R,False
clean_5HQZ.pdb,Experimental,PDB,Unknown,clean_5HQZ,False
clean_5QGQ.pdb,Experimental,PDB,Unknown,clean_5QGQ,False
clean_5SI9.pdb,Experimental,PDB,Unknown,clean_5SI9,False
clean_4OC0.pdb,Experimental,PDB,Unknown,clean_4OC0,False
clean_8WWJ.pdb,Experimental,PDB,Unknown,clean_8WWJ,False
clean_3D05.pdb,Experimental,PDB,Unknown,clean_3D05,False
clean_8OH2.pdb,Experimental,PDB,Unknown,clean_8OH2,False
clean_5ZV2.pdb,Experimental,PDB,Unknown,clean_5ZV2,False
clean_4QMO.pdb,Experimental,PDB,Unknown,clean_4QMO,False
clean_6SIQ.pdb,Experimental,PDB,Unknown,clean_6SIQ,False
clean_3LQ8.pdb,Experimental,PDB,Unknown,clean_3LQ8,False
clean_7TYI.pdb,Experimental,PDB,Unknown,clean_7TYI,False
clean_7YOO.pdb,Experimental,PDB,Unknown,clean_7YOO,False
clean_8I5G.pdb,Experimental,PDB,Unknown,clean_8I5G,False
clean_4L0D.pdb,Experimental,PDB,Unknown,clean_4L0D,False
clean_7ZNK.pdb,Experimental,PDB,Unknown,clean_7ZNK,False
clean_7V0S.pdb,Experimental,PDB,Unknown,clean_7V0S,False
clean_5KVI.pdb,Experimental,PDB,Unknown,clean_5KVI,False
clean_4D7D.pdb,Experimental,PDB,Unknown,clean_4D7D,False
clean_8U4O.pdb,Experimental,PDB,Unknown,clean_8U4O,False
clean_7W0O.pdb,Experimental,PDB,Unknown,clean_7W0O,False
clean_5I9X.pdb,Experimental,PDB,Unknown,clean_5I9X,False
clean_7MTR.pdb,Experimental,PDB,Unknown,clean_7MTR,False
clean_6DIE.pdb,Experimental,PDB,Unknown,clean_6DIE,False
clean_8OS9.pdb,Experimental,PDB,Unknown,clean_8OS9,False
clean_4I0F.pdb,Experimental,PDB,Unknown,clean_4I0F,False
clean_8UNP.pdb,Experimental,PDB,Unknown,clean_8UNP,False
clean_7WV9.pdb,Experimental,PDB,Unknown,clean_7WV9,False
clean_5FI2.pdb,Experimental,PDB,Unknown,clean_5FI2,False
clean_8DPF.pdb,Experimental,PDB,Unknown,clean_8DPF,False
clean_8OL3.pdb,Experimental,PDB,Unknown,clean_8OL3,False
clean_6KNR.pdb,Experimental,PDB,Unknown,clean_6KNR,False
clean_4FIT.pdb,Experimental,PDB,Unknown,clean_4FIT,False
clean_2EHF.pdb,Experimental,PDB,Unknown,clean_2EHF,False
clean_9C76.pdb,Experimental,PDB,Unknown,clean_9C76,False
clean_7FI9.pdb,Experimental,PDB,Unknown,clean_7FI9,False
clean_2MFQ.pdb,Experimental,PDB,Unknown,clean_2MFQ,False
clean_7KRB.pdb,Experimental,PDB,Unknown,clean_7KRB,False
clean_3K27.pdb,Experimental,PDB,Unknown,clean_3K27,False
clean_7SAQ.pdb,Experimental,PDB,Unknown,clean_7SAQ,False
clean_5PY9.pdb,Experimental,PDB,Unknown,clean_5PY9,False
clean_9IJP.pdb,Experimental,PDB,Unknown,clean_9IJP,False
clean_1UVQ.pdb,Experimental,PDB,Unknown,clean_1UVQ,False
clean_7W0M.pdb,Experimental,PDB,Unknown,clean_7W0M,False
clean_6SLV.pdb,Experimental,PDB,Unknown,clean_6SLV,False
clean_3D09.pdb,Experimental,PDB,Unknown,clean_3D09,False
clean_7KJB.pdb,Experimental,PDB,Unknown,clean_7KJB,False
clean_8D3G.pdb,Experimental,PDB,Unknown,clean_8D3G,False
clean_6V1C.pdb,Experimental,PDB,Unknown,clean_6V1C,False
clean_6WJN.pdb,Experimental,PDB,Unknown,clean_6WJN,False
clean_8QDV.pdb,Experimental,PDB,Unknown,clean_8QDV,False
clean_9IPW.pdb,Experimental,PDB,Unknown,clean_9IPW,False
clean_1ZBJ.pdb,Experimental,PDB,Unknown,clean_1ZBJ,False
clean_8GE7.pdb,Experimental,PDB,Unknown,clean_8GE7,False
clean_4Q58.pdb,Experimental,PDB,Unknown,clean_4Q58,False
clean_5LM4.pdb,Experimental,PDB,Unknown,clean_5LM4,False
clean_2NBB.pdb,Experimental,PDB,Unknown,clean_2NBB,False
clean_7VD4.pdb,Experimental,PDB,Unknown,clean_7VD4,False
clean_4GLI.pdb,Experimental,PDB,Unknown,clean_4GLI,False
clean_6AW1.pdb,Experimental,PDB,Unknown,clean_6AW1,False
clean_7FCS.pdb,Experimental,PDB,Unknown,clean_7FCS,False
clean_5U00.pdb,Experimental,PDB,Unknown,clean_5U00,False
clean_5DY4.pdb,Experimental,PDB,Unknown,clean_5DY4,False
clean_2K4A.pdb,Experimental,PDB,Unknown,clean_2K4A,False
clean_1K88.pdb,Experimental,PDB,Unknown,clean_1K88,False
clean_8TIL.pdb,Experimental,PDB,Unknown,clean_8TIL,False
clean_7VDH.pdb,Experimental,PDB,Unknown,clean_7VDH,False
clean_7QNC.pdb,Experimental,PDB,Unknown,clean_7QNC,False
clean_8U02.pdb,Experimental,PDB,Unknown,clean_8U02,False
clean_8XWV.pdb,Experimental,PDB,Unknown,clean_8XWV,False
clean_5H13.pdb,Experimental,PDB,Unknown,clean_5H13,False
clean_3IXK.pdb,Experimental,PDB,Unknown,clean_3IXK,False
clean_5T8F.pdb,Experimental,PDB,Unknown,clean_5T8F,False
clean_7RYC.pdb,Experimental,PDB,Unknown,clean_7RYC,False
clean_5OM0.pdb,Experimental,PDB,Unknown,clean_5OM0,False
clean_8OT4.pdb,Experimental,PDB,Unknown,clean_8OT4,False
clean_5R4J.pdb,Experimental,PDB,Unknown,clean_5R4J,False
clean_7XO0.pdb,Experimental,PDB,Unknown,clean_7XO0,False
clean_3Q3J.pdb,Experimental,PDB,Unknown,clean_3Q3J,False
clean_9FHB.pdb,Experimental,PDB,Unknown,clean_9FHB,False
clean_5TE8.pdb,Experimental,PDB,Unknown,clean_5TE8,False
clean_4IBS.pdb,Experimental,PDB,Unknown,clean_4IBS,False
clean_3MFK.pdb,Experimental,PDB,Unknown,clean_3MFK,False
clean_5U8A.pdb,Experimental,PDB,Unknown,clean_5U8A,False
clean_2HRN.pdb,Experimental,PDB,Unknown,clean_2HRN,False
clean_4BHI.pdb,Experimental,PDB,Unknown,clean_4BHI,False
clean_8OWJ.pdb,Experimental,PDB,Unknown,clean_8OWJ,False
clean_7V68.pdb,Experimental,PDB,Unknown,clean_7V68,False
clean_4D75.pdb,Experimental,PDB,Unknown,clean_4D75,False
clean_3NYL.pdb,Experimental,PDB,Unknown,clean_3NYL,False
clean_1BBC.pdb,Experimental,PDB,Unknown,clean_1BBC,False
clean_3QNU.pdb,Experimental,PDB,Unknown,clean_3QNU,False
clean_5EDI.pdb,Experimental,PDB,Unknown,clean_5EDI,False
clean_6UHB.pdb,Experimental,PDB,Unknown,clean_6UHB,False
clean_3LPK.pdb,Experimental,PDB,Unknown,clean_3LPK,False
clean_3ZDQ.pdb,Experimental,PDB,Unknown,clean_3ZDQ,False
clean_1DEB.pdb,Experimental,PDB,Unknown,clean_1DEB,False
clean_2K9U.pdb,Experimental,PDB,Unknown,clean_2K9U,False
clean_8I95.pdb,Experimental,PDB,Unknown,clean_8I95,False
clean_7F1Q.pdb,Experimental,PDB,Unknown,clean_7F1Q,False
clean_5HBT.pdb,Experimental,PDB,Unknown,clean_5HBT,False
clean_5PWR.pdb,Experimental,PDB,Unknown,clean_5PWR,False
clean_3CD5.pdb,Experimental,PDB,Unknown,clean_3CD5,False
clean_4UXL.pdb,Experimental,PDB,Unknown,clean_4UXL,False
clean_6JM5.pdb,Experimental,PDB,Unknown,clean_6JM5,False
clean_4AZY.pdb,Experimental,PDB,Unknown,clean_4AZY,False
clean_6PB1.pdb,Experimental,PDB,Unknown,clean_6PB1,False
clean_7QJX.pdb,Experimental,PDB,Unknown,clean_7QJX,False
clean_2KBG.pdb,Experimental,PDB,Unknown,clean_2KBG,False
clean_6CVT.pdb,Experimental,PDB,Unknown,clean_6CVT,False
clean_2I66.pdb,Experimental,PDB,Unknown,clean_2I66,False
clean_1O0L.pdb,Experimental,PDB,Unknown,clean_1O0L,False
clean_4FYT.pdb,Experimental,PDB,Unknown,clean_4FYT,False
clean_6D66.pdb,Experimental,PDB,Unknown,clean_6D66,False
clean_6T3J.pdb,Experimental,PDB,Unknown,clean_6T3J,False
clean_8GCP.pdb,Experimental,PDB,Unknown,clean_8GCP,False
clean_8FE6.pdb,Experimental,PDB,Unknown,clean_8FE6,False
clean_4LG9.pdb,Experimental,PDB,Unknown,clean_4LG9,False
clean_2BZ2.pdb,Experimental,PDB,Unknown,clean_2BZ2,False
clean_3MSK.pdb,Experimental,PDB,Unknown,clean_3MSK,False
clean_6NVL.pdb,Experimental,PDB,Unknown,clean_6NVL,False
clean_4FGX.pdb,Experimental,PDB,Unknown,clean_4FGX,False
clean_7E32.pdb,Experimental,PDB,Unknown,clean_7E32,False
clean_3TVX.pdb,Experimental,PDB,Unknown,clean_3TVX,False
clean_8RUP.pdb,Experimental,PDB,Unknown,clean_8RUP,False
clean_5PXK.pdb,Experimental,PDB,Unknown,clean_5PXK,False
clean_8ZR5.pdb,Experimental,PDB,Unknown,clean_8ZR5,False
clean_1AMB.pdb,Experimental,PDB,Unknown,clean_1AMB,False
clean_2J30.pdb,Experimental,PDB,Unknown,clean_2J30,False
clean_7QL4.pdb,Experimental,PDB,Unknown,clean_7QL4,False
clean_2LMQ.pdb,Experimental,PDB,Unknown,clean_2LMQ,False
clean_8F7O.pdb,Experimental,PDB,Unknown,clean_8F7O,False
clean_7WIC.pdb,Experimental,PDB,Unknown,clean_7WIC,False
clean_4Z97.pdb,Experimental,PDB,Unknown,clean_4Z97,False
clean_7TYH.pdb,Experimental,PDB,Unknown,clean_7TYH,False
clean_6TJO.pdb,Experimental,PDB,Unknown,clean_6TJO,False
clean_8X8Z.pdb,Experimental,PDB,Unknown,clean_8X8Z,False
clean_9MR8.pdb,Experimental,PDB,Unknown,clean_9MR8,False
clean_7O2W.pdb,Experimental,PDB,Unknown,clean_7O2W,False
clean_7WC9.pdb,Experimental,PDB,Unknown,clean_7WC9,False
clean_5AOJ.pdb,Experimental,PDB,Unknown,clean_5AOJ,False
clean_8K78.pdb,Experimental,PDB,Unknown,clean_8K78,False
clean_3QNZ.pdb,Experimental,PDB,Unknown,clean_3QNZ,False
clean_6M1I.pdb,Experimental,PDB,Unknown,clean_6M1I,False
clean_7EU5.pdb,Experimental,PDB,Unknown,clean_7EU5,False
clean_8GG3.pdb,Experimental,PDB,Unknown,clean_8GG3,False
clean_8IVF.pdb,Experimental,PDB,Unknown,clean_8IVF,False
clean_8Y53.pdb,Experimental,PDB,Unknown,clean_8Y53,False
clean_5UHK.pdb,Experimental,PDB,Unknown,clean_5UHK,False
clean_3GTU.pdb,Experimental,PDB,Unknown,clean_3GTU,False
clean_6QAS.pdb,Experimental,PDB,Unknown,clean_6QAS,False
clean_2Q9P.pdb,Experimental,PDB,Unknown,clean_2Q9P,False
clean_4BFD.pdb,Experimental,PDB,Unknown,clean_4BFD,False
clean_7WCN.pdb,Experimental,PDB,Unknown,clean_7WCN,False
clean_4RLV.pdb,Experimental,PDB,Unknown,clean_4RLV,False
clean_8HBE.pdb,Experimental,PDB,Unknown,clean_8HBE,False
clean_5ITA.pdb,Experimental,PDB,Unknown,clean_5ITA,False
clean_4ZSR.pdb,Experimental,PDB,Unknown,clean_4ZSR,False
clean_8V0C.pdb,Experimental,PDB,Unknown,clean_8V0C,False
clean_8W4S.pdb,Experimental,PDB,Unknown,clean_8W4S,False
clean_7CR7.pdb,Experimental,PDB,Unknown,clean_7CR7,False
clean_5T44.pdb,Experimental,PDB,Unknown,clean_5T44,False
clean_7ZVJ.pdb,Experimental,PDB,Unknown,clean_7ZVJ,False
clean_6GPL.pdb,Experimental,PDB,Unknown,clean_6GPL,False
clean_7EJA.pdb,Experimental,PDB,Unknown,clean_7EJA,False
clean_8J24.pdb,Experimental,PDB,Unknown,clean_8J24,False
clean_8X7R.pdb,Experimental,PDB,Unknown,clean_8X7R,False
clean_3I5R.pdb,Experimental,PDB,Unknown,clean_3I5R,False
clean_1AAP.pdb,Experimental,PDB,Unknown,clean_1AAP,False
clean_1M6B.pdb,Experimental,PDB,Unknown,clean_1M6B,False
clean_1RGT.pdb,Experimental,PDB,Unknown,clean_1RGT,False
clean_3PCU.pdb,Experimental,PDB,Unknown,clean_3PCU,False
clean_1PYX.pdb,Experimental,PDB,Unknown,clean_1PYX,False
clean_4IIM.pdb,Experimental,PDB,Unknown,clean_4IIM,False
clean_4XMO.pdb,Experimental,PDB,Unknown,clean_4XMO,False
clean_4WAF.pdb,Experimental,PDB,Unknown,clean_4WAF,False
clean_3UYS.pdb,Experimental,PDB,Unknown,clean_3UYS,False
clean_5QGG.pdb,Experimental,PDB,Unknown,clean_5QGG,False
clean_5HNT.pdb,Experimental,PDB,Unknown,clean_5HNT,False
clean_1AGW.pdb,Experimental,PDB,Unknown,clean_1AGW,False
clean_5YDR.pdb,Experimental,PDB,Unknown,clean_5YDR,False
clean_4A0I.pdb,Experimental,PDB,Unknown,clean_4A0I,False
clean_5OYM.pdb,Experimental,PDB,Unknown,clean_5OYM,False
clean_6OQ4.pdb,Experimental,PDB,Unknown,clean_6OQ4,False
clean_9JA8.pdb,Experimental,PDB,Unknown,clean_9JA8,False
clean_6Q2R.pdb,Experimental,PDB,Unknown,clean_6Q2R,False
clean_5NKD.pdb,Experimental,PDB,Unknown,clean_5NKD,False
clean_2IWQ.pdb,Experimental,PDB,Unknown,clean_2IWQ,False
clean_7W0P.pdb,Experimental,PDB,Unknown,clean_7W0P,False
clean_5TJ8.pdb,Experimental,PDB,Unknown,clean_5TJ8,False
clean_8TTN.pdb,Experimental,PDB,Unknown,clean_8TTN,False
clean_3Q25.pdb,Experimental,PDB,Unknown,clean_3Q25,False
clean_5PX0.pdb,Experimental,PDB,Unknown,clean_5PX0,False
clean_8B7H.pdb,Experimental,PDB,Unknown,clean_8B7H,False
clean_3G81.pdb,Experimental,PDB,Unknown,clean_3G81,False
clean_7NIX.pdb,Experimental,PDB,Unknown,clean_7NIX,False
clean_4QFC.pdb,Experimental,PDB,Unknown,clean_4QFC,False
clean_1KZY.pdb,Experimental,PDB,Unknown,clean_1KZY,False
clean_1UW4.pdb,Experimental,PDB,Unknown,clean_1UW4,False
clean_4AOT.pdb,Experimental,PDB,Unknown,clean_4AOT,False
clean_5QGK.pdb,Experimental,PDB,Unknown,clean_5QGK,False
clean_1WJO.pdb,Experimental,PDB,Unknown,clean_1WJO,False
clean_7O9W.pdb,Experimental,PDB,Unknown,clean_7O9W,False
clean_2PET.pdb,Experimental,PDB,Unknown,clean_2PET,False
clean_5QGT.pdb,Experimental,PDB,Unknown,clean_5QGT,False
clean_8DWC.pdb,Experimental,PDB,Unknown,clean_8DWC,False
clean_3G9N.pdb,Experimental,PDB,Unknown,clean_3G9N,False
clean_6IBO.pdb,Experimental,PDB,Unknown,clean_6IBO,False
clean_5D2M.pdb,Experimental,PDB,Unknown,clean_5D2M,False
clean_8UUJ.pdb,Experimental,PDB,Unknown,clean_8UUJ,False
clean_8J8N.pdb,Experimental,PDB,Unknown,clean_8J8N,False
clean_7FTB.pdb,Experimental,PDB,Unknown,clean_7FTB,False
clean_8FYL.pdb,Experimental,PDB,Unknown,clean_8FYL,False
clean_7RGP.pdb,Experimental,PDB,Unknown,clean_7RGP,False
clean_1PYO.pdb,Experimental,PDB,Unknown,clean_1PYO,False
clean_8Q7F.pdb,Experimental,PDB,Unknown,clean_8Q7F,False
clean_5FGK.pdb,Experimental,PDB,Unknown,clean_5FGK,False
clean_3IJ1.pdb,Experimental,PDB,Unknown,clean_3IJ1,False
clean_2FNE.pdb,Experimental,PDB,Unknown,clean_2FNE,False
clean_3SFJ.pdb,Experimental,PDB,Unknown,clean_3SFJ,False
clean_3GJ9.pdb,Experimental,PDB,Unknown,clean_3GJ9,False
clean_6CIV.pdb,Experimental,PDB,Unknown,clean_6CIV,False
clean_5BRM.pdb,Experimental,PDB,Unknown,clean_5BRM,False
clean_8HJ0.pdb,Experimental,PDB,Unknown,clean_8HJ0,False
clean_1ZXN.pdb,Experimental,PDB,Unknown,clean_1ZXN,False
clean_6Y9S.pdb,Experimental,PDB,Unknown,clean_6Y9S,False
clean_6L9O.pdb,Experimental,PDB,Unknown,clean_6L9O,False
clean_5WY8.pdb,Experimental,PDB,Unknown,clean_5WY8,False
clean_3TWV.pdb,Experimental,PDB,Unknown,clean_3TWV,False
clean_2XAC.pdb,Experimental,PDB,Unknown,clean_2XAC,False
clean_5HVY.pdb,Experimental,PDB,Unknown,clean_5HVY,False
clean_1UWJ.pdb,Experimental,PDB,Unknown,clean_1UWJ,False
clean_7T1U.pdb,Experimental,PDB,Unknown,clean_7T1U,False
clean_5SFT.pdb,Experimental,PDB,Unknown,clean_5SFT,False
clean_4H3F.pdb,Experimental,PDB,Unknown,clean_4H3F,False
clean_5PXU.pdb,Experimental,PDB,Unknown,clean_5PXU,False
clean_5IA1.pdb,Experimental,PDB,Unknown,clean_5IA1,False
clean_3UMK.pdb,Experimental,PDB,Unknown,clean_3UMK,False
clean_4BJ9.pdb,Experimental,PDB,Unknown,clean_4BJ9,False
clean_4G95.pdb,Experimental,PDB,Unknown,clean_4G95,False
clean_3DKF.pdb,Experimental,PDB,Unknown,clean_3DKF,False
clean_2B2W.pdb,Experimental,PDB,Unknown,clean_2B2W,False
clean_2VA5.pdb,Experimental,PDB,Unknown,clean_2VA5,False
clean_8FN0.pdb,Experimental,PDB,Unknown,clean_8FN0,False
clean_5QD3.pdb,Experimental,PDB,Unknown,clean_5QD3,False
clean_9FSP.pdb,Experimental,PDB,Unknown,clean_9FSP,False
clean_6NK2.pdb,Experimental,PDB,Unknown,clean_6NK2,False
clean_4MCP.pdb,Experimental,PDB,Unknown,clean_4MCP,False
clean_5DG5.pdb,Experimental,PDB,Unknown,clean_5DG5,False
clean_8HZS.pdb,Experimental,PDB,Unknown,clean_8HZS,False
clean_7JXY.pdb,Experimental,PDB,Unknown,clean_7JXY,False
clean_5IHB.pdb,Experimental,PDB,Unknown,clean_5IHB,False
clean_4RIK.pdb,Experimental,PDB,Unknown,clean_4RIK,False
clean_6XY5.pdb,Experimental,PDB,Unknown,clean_6XY5,False
clean_2M5Q.pdb,Experimental,PDB,Unknown,clean_2M5Q,False
clean_7AE1.pdb,Experimental,PDB,Unknown,clean_7AE1,False
clean_8EOI.pdb,Experimental,PDB,Unknown,clean_8EOI,False
clean_3FL7.pdb,Experimental,PDB,Unknown,clean_3FL7,False
clean_3N56.pdb,Experimental,PDB,Unknown,clean_3N56,False
clean_5SG1.pdb,Experimental,PDB,Unknown,clean_5SG1,False
clean_4IBV.pdb,Experimental,PDB,Unknown,clean_4IBV,False
clean_2FJ5.pdb,Experimental,PDB,Unknown,clean_2FJ5,False
clean_1UZC.pdb,Experimental,PDB,Unknown,clean_1UZC,False
clean_5SHA.pdb,Experimental,PDB,Unknown,clean_5SHA,False
clean_4ZVP.pdb,Experimental,PDB,Unknown,clean_4ZVP,False
clean_3DGC.pdb,Experimental,PDB,Unknown,clean_3DGC,False
clean_1NOP.pdb,Experimental,PDB,Unknown,clean_1NOP,False
clean_8SGO.pdb,Experimental,PDB,Unknown,clean_8SGO,False
clean_2XSN.pdb,Experimental,PDB,Unknown,clean_2XSN,False
clean_8AX9.pdb,Experimental,PDB,Unknown,clean_8AX9,False
clean_8V5T.pdb,Experimental,PDB,Unknown,clean_8V5T,False
clean_2MY7.pdb,Experimental,PDB,Unknown,clean_2MY7,False
clean_4IFH.pdb,Experimental,PDB,Unknown,clean_4IFH,False
clean_1QZQ.pdb,Experimental,PDB,Unknown,clean_1QZQ,False
clean_7X2F.pdb,Experimental,PDB,Unknown,clean_7X2F,False
clean_8WFS.pdb,Experimental,PDB,Unknown,clean_8WFS,False
clean_7B1Q.pdb,Experimental,PDB,Unknown,clean_7B1Q,False
clean_3FZS.pdb,Experimental,PDB,Unknown,clean_3FZS,False
clean_2HRF.pdb,Experimental,PDB,Unknown,clean_2HRF,False
clean_2EEJ.pdb,Experimental,PDB,Unknown,clean_2EEJ,False
clean_8P5J.pdb,Experimental,PDB,Unknown,clean_8P5J,False
clean_6WMQ.pdb,Experimental,PDB,Unknown,clean_6WMQ,False
clean_3B3I.pdb,Experimental,PDB,Unknown,clean_3B3I,False
clean_7CFN.pdb,Experimental,PDB,Unknown,clean_7CFN,False
clean_5IBC.pdb,Experimental,PDB,Unknown,clean_5IBC,False
clean_4FM7.pdb,Experimental,PDB,Unknown,clean_4FM7,False
clean_3NY5.pdb,Experimental,PDB,Unknown,clean_3NY5,False
clean_4ZGA.pdb,Experimental,PDB,Unknown,clean_4ZGA,False
clean_8Y45.pdb,Experimental,PDB,Unknown,clean_8Y45,False
clean_8EOP.pdb,Experimental,PDB,Unknown,clean_8EOP,False
clean_4W9L.pdb,Experimental,PDB,Unknown,clean_4W9L,False
clean_4RIW.pdb,Experimental,PDB,Unknown,clean_4RIW,False
clean_8G55.pdb,Experimental,PDB,Unknown,clean_8G55,False
clean_1KEX.pdb,Experimental,PDB,Unknown,clean_1KEX,False
clean_4RWL.pdb,Experimental,PDB,Unknown,clean_4RWL,False
clean_6EIM.pdb,Experimental,PDB,Unknown,clean_6EIM,False
clean_2XEF.pdb,Experimental,PDB,Unknown,clean_2XEF,False
clean_2NZ0.pdb,Experimental,PDB,Unknown,clean_2NZ0,False
clean_4DBW.pdb,Experimental,PDB,Unknown,clean_4DBW,False
clean_2N99.pdb,Experimental,PDB,Unknown,clean_2N99,False
clean_8OHI.pdb,Experimental,PDB,Unknown,clean_8OHI,False
clean_3U6I.pdb,Experimental,PDB,Unknown,clean_3U6I,False
clean_5O3T.pdb,Experimental,PDB,Unknown,clean_5O3T,False
clean_3UQW.pdb,Experimental,PDB,Unknown,clean_3UQW,False
clean_5EZZ.pdb,Experimental,PDB,Unknown,clean_5EZZ,False
clean_7DFL.pdb,Experimental,PDB,Unknown,clean_7DFL,False
clean_5FAH.pdb,Experimental,PDB,Unknown,clean_5FAH,False
clean_6NG8.pdb,Experimental,PDB,Unknown,clean_6NG8,False
clean_7JOV.pdb,Experimental,PDB,Unknown,clean_7JOV,False
clean_5NK7.pdb,Experimental,PDB,Unknown,clean_5NK7,False
clean_7FSU.pdb,Experimental,PDB,Unknown,clean_7FSU,False
clean_3MSL.pdb,Experimental,PDB,Unknown,clean_3MSL,False
clean_7D2V.pdb,Experimental,PDB,Unknown,clean_7D2V,False
clean_3I08.pdb,Experimental,PDB,Unknown,clean_3I08,False
clean_5V0N.pdb,Experimental,PDB,Unknown,clean_5V0N,False
clean_3GJQ.pdb,Experimental,PDB,Unknown,clean_3GJQ,False
clean_6Z0I.pdb,Experimental,PDB,Unknown,clean_6Z0I,False
clean_6L4S.pdb,Experimental,PDB,Unknown,clean_6L4S,False
clean_4CVH.pdb,Experimental,PDB,Unknown,clean_4CVH,False
clean_7NBQ.pdb,Experimental,PDB,Unknown,clean_7NBQ,False
clean_6RKM.pdb,Experimental,PDB,Unknown,clean_6RKM,False
clean_3BAH.pdb,Experimental,PDB,Unknown,clean_3BAH,False
clean_4BEJ.pdb,Experimental,PDB,Unknown,clean_4BEJ,False
clean_3KUZ.pdb,Experimental,PDB,Unknown,clean_3KUZ,False
clean_5SHX.pdb,Experimental,PDB,Unknown,clean_5SHX,False
clean_1W9C.pdb,Experimental,PDB,Unknown,clean_1W9C,False
clean_8VQY.pdb,Experimental,PDB,Unknown,clean_8VQY,False
clean_2ZT7.pdb,Experimental,PDB,Unknown,clean_2ZT7,False
clean_8R22.pdb,Experimental,PDB,Unknown,clean_8R22,False
clean_6WW7.pdb,Experimental,PDB,Unknown,clean_6WW7,False
clean_8UNR.pdb,Experimental,PDB,Unknown,clean_8UNR,False
clean_4LXA.pdb,Experimental,PDB,Unknown,clean_4LXA,False
clean_2MDR.pdb,Experimental,PDB,Unknown,clean_2MDR,False
clean_4P44.pdb,Experimental,PDB,Unknown,clean_4P44,False
clean_1G5Y.pdb,Experimental,PDB,Unknown,clean_1G5Y,False
clean_2V9T.pdb,Experimental,PDB,Unknown,clean_2V9T,False
clean_5UN9.pdb,Experimental,PDB,Unknown,clean_5UN9,False
clean_5SFN.pdb,Experimental,PDB,Unknown,clean_5SFN,False
clean_8U4S.pdb,Experimental,PDB,Unknown,clean_8U4S,False
clean_5UKL.pdb,Experimental,PDB,Unknown,clean_5UKL,False
clean_7UP4.pdb,Experimental,PDB,Unknown,clean_7UP4,False
clean_5SHU.pdb,Experimental,PDB,Unknown,clean_5SHU,False
clean_8USC.pdb,Experimental,PDB,Unknown,clean_8USC,False
clean_7S5A.pdb,Experimental,PDB,Unknown,clean_7S5A,False
clean_6CID.pdb,Experimental,PDB,Unknown,clean_6CID,False
clean_5SGD.pdb,Experimental,PDB,Unknown,clean_5SGD,False
clean_8XZ7.pdb,Experimental,PDB,Unknown,clean_8XZ7,False
clean_9AXF.pdb,Experimental,PDB,Unknown,clean_9AXF,False
clean_3D7G.pdb,Experimental,PDB,Unknown,clean_3D7G,False
clean_4AHM.pdb,Experimental,PDB,Unknown,clean_4AHM,False
clean_1I4O.pdb,Experimental,PDB,Unknown,clean_1I4O,False
clean_6PNX.pdb,Experimental,PDB,Unknown,clean_6PNX,False
clean_8ZMG.pdb,Experimental,PDB,Unknown,clean_8ZMG,False
clean_2G15.pdb,Experimental,PDB,Unknown,clean_2G15,False
clean_3QZT.pdb,Experimental,PDB,Unknown,clean_3QZT,False
clean_5N5A.pdb,Experimental,PDB,Unknown,clean_5N5A,False
clean_8K86.pdb,Experimental,PDB,Unknown,clean_8K86,False
clean_7KTR.pdb,Experimental,PDB,Unknown,clean_7KTR,False
clean_1V1T.pdb,Experimental,PDB,Unknown,clean_1V1T,False
clean_7W41.pdb,Experimental,PDB,Unknown,clean_7W41,False
clean_8EYK.pdb,Experimental,PDB,Unknown,clean_8EYK,False
clean_3ZNN.pdb,Experimental,PDB,Unknown,clean_3ZNN,False
clean_6IYC.pdb,Experimental,PDB,Unknown,clean_6IYC,False
clean_5UKJ.pdb,Experimental,PDB,Unknown,clean_5UKJ,False
clean_4C5W.pdb,Experimental,PDB,Unknown,clean_4C5W,False
clean_3UI7.pdb,Experimental,PDB,Unknown,clean_3UI7,False
clean_2XZT.pdb,Experimental,PDB,Unknown,clean_2XZT,False
clean_3UA9.pdb,Experimental,PDB,Unknown,clean_3UA9,False
clean_5JTW.pdb,Experimental,PDB,Unknown,clean_5JTW,False
clean_4L2G.pdb,Experimental,PDB,Unknown,clean_4L2G,False
clean_3UKM.pdb,Experimental,PDB,Unknown,clean_3UKM,False
clean_3G2U.pdb,Experimental,PDB,Unknown,clean_3G2U,False
clean_1PKT.pdb,Experimental,PDB,Unknown,clean_1PKT,False
clean_8G94.pdb,Experimental,PDB,Unknown,clean_8G94,False
clean_3L6B.pdb,Experimental,PDB,Unknown,clean_3L6B,False
clean_1DZD.pdb,Experimental,PDB,Unknown,clean_1DZD,False
clean_9BRJ.pdb,Experimental,PDB,Unknown,clean_9BRJ,False
clean_9IV1.pdb,Experimental,PDB,Unknown,clean_9IV1,False
clean_6PP9.pdb,Experimental,PDB,Unknown,clean_6PP9,False
clean_5EYC.pdb,Experimental,PDB,Unknown,clean_5EYC,False
clean_2ON9.pdb,Experimental,PDB,Unknown,clean_2ON9,False
clean_5SIH.pdb,Experimental,PDB,Unknown,clean_5SIH,False
clean_8JN9.pdb,Experimental,PDB,Unknown,clean_8JN9,False
clean_7VV4.pdb,Experimental,PDB,Unknown,clean_7VV4,False
clean_8XJN.pdb,Experimental,PDB,Unknown,clean_8XJN,False
clean_9B1N.pdb,Experimental,PDB,Unknown,clean_9B1N,False
clean_5T0H.pdb,Experimental,PDB,Unknown,clean_5T0H,False
clean_8FGL.pdb,Experimental,PDB,Unknown,clean_8FGL,False
clean_8IKH.pdb,Experimental,PDB,Unknown,clean_8IKH,False
clean_7XO2.pdb,Experimental,PDB,Unknown,clean_7XO2,False
clean_3UB4.pdb,Experimental,PDB,Unknown,clean_3UB4,False
clean_4CXX.pdb,Experimental,PDB,Unknown,clean_4CXX,False
clean_3EHT.pdb,Experimental,PDB,Unknown,clean_3EHT,False
clean_4WQO.pdb,Experimental,PDB,Unknown,clean_4WQO,False
clean_8Q8M.pdb,Experimental,PDB,Unknown,clean_8Q8M,False
clean_5LF6.pdb,Experimental,PDB,Unknown,clean_5LF6,False
clean_5B6G.pdb,Experimental,PDB,Unknown,clean_5B6G,False
clean_5VGR.pdb,Experimental,PDB,Unknown,clean_5VGR,False
clean_3TWU.pdb,Experimental,PDB,Unknown,clean_3TWU,False
clean_3OL2.pdb,Experimental,PDB,Unknown,clean_3OL2,False
clean_1XR0.pdb,Experimental,PDB,Unknown,clean_1XR0,False
clean_4ZS3.pdb,Experimental,PDB,Unknown,clean_4ZS3,False
clean_5ENM.pdb,Experimental,PDB,Unknown,clean_5ENM,False
clean_7MYF.pdb,Experimental,PDB,Unknown,clean_7MYF,False
clean_5PY5.pdb,Experimental,PDB,Unknown,clean_5PY5,False
clean_8QVU.pdb,Experimental,PDB,Unknown,clean_8QVU,False
clean_6BDI.pdb,Experimental,PDB,Unknown,clean_6BDI,False
clean_7S8L.pdb,Experimental,PDB,Unknown,clean_7S8L,False
clean_7WZS.pdb,Experimental,PDB,Unknown,clean_7WZS,False
clean_3VRO.pdb,Experimental,PDB,Unknown,clean_3VRO,False
clean_4B95.pdb,Experimental,PDB,Unknown,clean_4B95,False
clean_1RG8.pdb,Experimental,PDB,Unknown,clean_1RG8,False
clean_4KGG.pdb,Experimental,PDB,Unknown,clean_4KGG,False
clean_6NE4.pdb,Experimental,PDB,Unknown,clean_6NE4,False
clean_7XB8.pdb,Experimental,PDB,Unknown,clean_7XB8,False
clean_4PP7.pdb,Experimental,PDB,Unknown,clean_4PP7,False
clean_5HDV.pdb,Experimental,PDB,Unknown,clean_5HDV,False
clean_8IIZ.pdb,Experimental,PDB,Unknown,clean_8IIZ,False
clean_8OL2.pdb,Experimental,PDB,Unknown,clean_8OL2,False
clean_1H53.pdb,Experimental,PDB,Unknown,clean_1H53,False
clean_3KWY.pdb,Experimental,PDB,Unknown,clean_3KWY,False
clean_7VNR.pdb,Experimental,PDB,Unknown,clean_7VNR,False
clean_1Y32.pdb,Experimental,PDB,Unknown,clean_1Y32,False
clean_8J6K.pdb,Experimental,PDB,Unknown,clean_8J6K,False
clean_5LEZ.pdb,Experimental,PDB,Unknown,clean_5LEZ,False
clean_5VCD.pdb,Experimental,PDB,Unknown,clean_5VCD,False
clean_7Q4M.pdb,Experimental,PDB,Unknown,clean_7Q4M,False
clean_4NFN.pdb,Experimental,PDB,Unknown,clean_4NFN,False
clean_8G8B.pdb,Experimental,PDB,Unknown,clean_8G8B,False
clean_5PXR.pdb,Experimental,PDB,Unknown,clean_5PXR,False
clean_3H0B.pdb,Experimental,PDB,Unknown,clean_3H0B,False
clean_8V8H.pdb,Experimental,PDB,Unknown,clean_8V8H,False
clean_8QWN.pdb,Experimental,PDB,Unknown,clean_8QWN,False
clean_3I00.pdb,Experimental,PDB,Unknown,clean_3I00,False
clean_4W2R.pdb,Experimental,PDB,Unknown,clean_4W2R,False
clean_5PX1.pdb,Experimental,PDB,Unknown,clean_5PX1,False
clean_7P0I.pdb,Experimental,PDB,Unknown,clean_7P0I,False
clean_4OME.pdb,Experimental,PDB,Unknown,clean_4OME,False
clean_3F21.pdb,Experimental,PDB,Unknown,clean_3F21,False
clean_5WVO.pdb,Experimental,PDB,Unknown,clean_5WVO,False
clean_8JR9.pdb,Experimental,PDB,Unknown,clean_8JR9,False
clean_8T3S.pdb,Experimental,PDB,Unknown,clean_8T3S,False
clean_2LOU.pdb,Experimental,PDB,Unknown,clean_2LOU,False
clean_6RU6.pdb,Experimental,PDB,Unknown,clean_6RU6,False
clean_2DL5.pdb,Experimental,PDB,Unknown,clean_2DL5,False
clean_8DYC.pdb,Experimental,PDB,Unknown,clean_8DYC,False
clean_4Y6O.pdb,Experimental,PDB,Unknown,clean_4Y6O,False
clean_3NX0.pdb,Experimental,PDB,Unknown,clean_3NX0,False
clean_8JEX.pdb,Experimental,PDB,Unknown,clean_8JEX,False
clean_5UL1.pdb,Experimental,PDB,Unknown,clean_5UL1,False
clean_6L6Q.pdb,Experimental,PDB,Unknown,clean_6L6Q,False
clean_1HY9.pdb,Experimental,PDB,Unknown,clean_1HY9,False
clean_8UZV.pdb,Experimental,PDB,Unknown,clean_8UZV,False
clean_8DYV.pdb,Experimental,PDB,Unknown,clean_8DYV,False
clean_8P3G.pdb,Experimental,PDB,Unknown,clean_8P3G,False
clean_9CRV.pdb,Experimental,PDB,Unknown,clean_9CRV,False
clean_8J6R.pdb,Experimental,PDB,Unknown,clean_8J6R,False
clean_5YK5.pdb,Experimental,PDB,Unknown,clean_5YK5,False
clean_7XTB.pdb,Experimental,PDB,Unknown,clean_7XTB,False
clean_4KD7.pdb,Experimental,PDB,Unknown,clean_4KD7,False
clean_6GBU.pdb,Experimental,PDB,Unknown,clean_6GBU,False
clean_4E0O.pdb,Experimental,PDB,Unknown,clean_4E0O,False
clean_8HCK.pdb,Experimental,PDB,Unknown,clean_8HCK,False
clean_5SIM.pdb,Experimental,PDB,Unknown,clean_5SIM,False
clean_5SJJ.pdb,Experimental,PDB,Unknown,clean_5SJJ,False
clean_7K6S.pdb,Experimental,PDB,Unknown,clean_7K6S,False
clean_7QR9.pdb,Experimental,PDB,Unknown,clean_7QR9,False
clean_4IBU.pdb,Experimental,PDB,Unknown,clean_4IBU,False
clean_7DU2.pdb,Experimental,PDB,Unknown,clean_7DU2,False
clean_4F7L.pdb,Experimental,PDB,Unknown,clean_4F7L,False
clean_1S3U.pdb,Experimental,PDB,Unknown,clean_1S3U,False
clean_2GT5.pdb,Experimental,PDB,Unknown,clean_2GT5,False
clean_8P9D.pdb,Experimental,PDB,Unknown,clean_8P9D,False
clean_7XUN.pdb,Experimental,PDB,Unknown,clean_7XUN,False
clean_8HQN.pdb,Experimental,PDB,Unknown,clean_8HQN,False
clean_2KZG.pdb,Experimental,PDB,Unknown,clean_2KZG,False
clean_6NW3.pdb,Experimental,PDB,Unknown,clean_6NW3,False
clean_5SEI.pdb,Experimental,PDB,Unknown,clean_5SEI,False
clean_9BI6.pdb,Experimental,PDB,Unknown,clean_9BI6,False
clean_4A0J.pdb,Experimental,PDB,Unknown,clean_4A0J,False
clean_7VED.pdb,Experimental,PDB,Unknown,clean_7VED,False
clean_4I10.pdb,Experimental,PDB,Unknown,clean_4I10,False
clean_9J8B.pdb,Experimental,PDB,Unknown,clean_9J8B,False
clean_7KDW.pdb,Experimental,PDB,Unknown,clean_7KDW,False
clean_4FSE.pdb,Experimental,PDB,Unknown,clean_4FSE,False
clean_8XOH.pdb,Experimental,PDB,Unknown,clean_8XOH,False
clean_7SFE.pdb,Experimental,PDB,Unknown,clean_7SFE,False
clean_3SKG.pdb,Experimental,PDB,Unknown,clean_3SKG,False
clean_7YDM.pdb,Experimental,PDB,Unknown,clean_7YDM,False
clean_7RAM.pdb,Experimental,PDB,Unknown,clean_7RAM,False
clean_6WJ3.pdb,Experimental,PDB,Unknown,clean_6WJ3,False
clean_9BCQ.pdb,Experimental,PDB,Unknown,clean_9BCQ,False
clean_7YG5.pdb,Experimental,PDB,Unknown,clean_7YG5,False
clean_5SKR.pdb,Experimental,PDB,Unknown,clean_5SKR,False
clean_2BIP.pdb,Experimental,PDB,Unknown,clean_2BIP,False
clean_2J7T.pdb,Experimental,PDB,Unknown,clean_2J7T,False
clean_4QC4.pdb,Experimental,PDB,Unknown,clean_4QC4,False
clean_4PHW.pdb,Experimental,PDB,Unknown,clean_4PHW,False
clean_9FNO.pdb,Experimental,PDB,Unknown,clean_9FNO,False
clean_7YNR.pdb,Experimental,PDB,Unknown,clean_7YNR,False
clean_4FCB.pdb,Experimental,PDB,Unknown,clean_4FCB,False
clean_5CUS.pdb,Experimental,PDB,Unknown,clean_5CUS,False
clean_7ZIR.pdb,Experimental,PDB,Unknown,clean_7ZIR,False
clean_3S2O.pdb,Experimental,PDB,Unknown,clean_3S2O,False
clean_7O1N.pdb,Experimental,PDB,Unknown,clean_7O1N,False
clean_3QKK.pdb,Experimental,PDB,Unknown,clean_3QKK,False
clean_3G2S.pdb,Experimental,PDB,Unknown,clean_3G2S,False
clean_1AM9.pdb,Experimental,PDB,Unknown,clean_1AM9,False
clean_2JMO.pdb,Experimental,PDB,Unknown,clean_2JMO,False
clean_8Y22.pdb,Experimental,PDB,Unknown,clean_8Y22,False
clean_1PW9.pdb,Experimental,PDB,Unknown,clean_1PW9,False
clean_5SFY.pdb,Experimental,PDB,Unknown,clean_5SFY,False
clean_5K9L.pdb,Experimental,PDB,Unknown,clean_5K9L,False
clean_2QLF.pdb,Experimental,PDB,Unknown,clean_2QLF,False
clean_8JTV.pdb,Experimental,PDB,Unknown,clean_8JTV,False
clean_6POA.pdb,Experimental,PDB,Unknown,clean_6POA,False
clean_5ZRM.pdb,Experimental,PDB,Unknown,clean_5ZRM,False
clean_7PQC.pdb,Experimental,PDB,Unknown,clean_7PQC,False
clean_8BZP.pdb,Experimental,PDB,Unknown,clean_8BZP,False
clean_4W9K.pdb,Experimental,PDB,Unknown,clean_4W9K,False
clean_5SF2.pdb,Experimental,PDB,Unknown,clean_5SF2,False
clean_7EUO.pdb,Experimental,PDB,Unknown,clean_7EUO,False
clean_6L66.pdb,Experimental,PDB,Unknown,clean_6L66,False
clean_4K6I.pdb,Experimental,PDB,Unknown,clean_4K6I,False
clean_8QYS.pdb,Experimental,PDB,Unknown,clean_8QYS,False
clean_6NHW.pdb,Experimental,PDB,Unknown,clean_6NHW,False
clean_5SD8.pdb,Experimental,PDB,Unknown,clean_5SD8,False
clean_2MWE.pdb,Experimental,PDB,Unknown,clean_2MWE,False
clean_6PNE.pdb,Experimental,PDB,Unknown,clean_6PNE,False
clean_9CGX.pdb,Experimental,PDB,Unknown,clean_9CGX,False
clean_1NYG.pdb,Experimental,PDB,Unknown,clean_1NYG,False
clean_5ZZ2.pdb,Experimental,PDB,Unknown,clean_5ZZ2,False
clean_5UO7.pdb,Experimental,PDB,Unknown,clean_5UO7,False
clean_3CE3.pdb,Experimental,PDB,Unknown,clean_3CE3,False
clean_4A24.pdb,Experimental,PDB,Unknown,clean_4A24,False
clean_8FO8.pdb,Experimental,PDB,Unknown,clean_8FO8,False
clean_7N7O.pdb,Experimental,PDB,Unknown,clean_7N7O,False
clean_8FHD.pdb,Experimental,PDB,Unknown,clean_8FHD,False
clean_7KPL.pdb,Experimental,PDB,Unknown,clean_7KPL,False
