Protein_ID,Vina_Score,FlexX_Score,HYDE_Lower_nM,HYDE_Upper_nM,FlexX_Poses
clean_2VZC,-11.7,NA,NA,NA,0
clean_7KTB,-11.1,-9.96,16003208.392576,1590013372.25867,10
clean_7KT4,-10.6,-8.00,1392032.989267,138306707.83411,10
clean_7KT7,-10.5,-9.39,1766363.904488,175498697.480799,10
clean_7KTE,-10.5,-5.52,142006092.095155,14109144856.117546,10
clean_6VF4,-10.4,-10.43,15960.254691,1585745.668014,10
clean_3UGR,-10.2,-6.48,36527.292419,3629202.468253,10
clean_5J48,-10.1,-11.17,20765.173201,2063142.730903,10
clean_6VF0,-10.1,-10.06,19615568.004683,1948922657.681848,10
clean_9BU0,-10.1,NA,NA,NA,0
clean_4LRH,-10.0,-15.39,43993.08148,4370972.752742,10
clean_6D5K,-10.0,NA,NA,NA,0
clean_7COA,-10.0,-6.61,5523439.845121,548786405.773629,10
clean_2IDX,-9.9,NA,NA,NA,0
clean_6GX2,-9.9,-4.91,22092.323399,2195002.949887,10
clean_6I3D,-9.9,-13.97,5170.899301,513759.418353,10
clean_7SVL,-9.9,-1.93,2695.903411,267853.943334,10
clean_4WJX,-9.8,-11.77,122885.035148,12209354.795742,10
clean_5HTC,-9.8,-3.43,15576.146267,1547582.225132,7
clean_6D5X,-9.8,NA,NA,NA,0
clean_4C9X,-9.7,-12.06,75.798849,7531.063798,10
clean_4WKF,-9.7,-14.53,706121448.743746,70157340853.104263,10
clean_7CO9,-9.7,-7.96,1077140.612811,107020288.442113,10
clean_7RUT,-9.7,-7.05,1.581883,157.169416,4
clean_4WKH,-9.6,-14.22,150155.726786,14918859.247058,10
clean_6BCZ,-9.6,-4.55,443974.359862,44111477.636458,10
clean_5WS7,-9.4,3.97,5149.796703,511662.750407,10
clean_5Y5N,-9.4,-5.13,1215.503192,120767.428707,5
clean_6IMI,-9.4,-9.46,33529734.534438,3331377369.476224,10
clean_8COT,-9.4,-6.66,63375.108105,6296691.693526,10
clean_4WK9,-9.3,-8.66,411600.190968,40894912.545604,10
clean_5ANU,-9.3,-6.91,347.835599,34559.523323,10
clean_5U6Q,-9.3,-11.78,146.657027,14571.24276,10
clean_5ZKQ,-9.3,-10.37,2395.925717,238049.385768,10
clean_6US2,-9.3,-13.31,56.725406,5636.004498,10
clean_8CO7,-9.3,-2.97,723.429983,71877.046019,10
clean_9CGS,-9.3,-8.46,27682132691.336693,2750383552605.784668,10
clean_3HDZ,-9.2,-5.77,364.467748,36212.025649,10
clean_4N1T,-9.2,-5.74,107756.007751,10706196.473961,10
clean_4ZG9,-9.2,-9.93,1092973.105416,108593340.191537,10
clean_5H08,-9.2,-10.08,239.192501,23765.18921,10
clean_5M7B,-9.2,-1.36,8115.045028,806277.703433,8
clean_5MAT,-9.2,-6.24,67.590499,6715.515732,10
clean_6T4Y,-9.2,-8.51,0.536297,53.284276,10
clean_7OVD,-9.2,-4.00,195.263805,19400.613491,10
clean_8DSD,-9.2,-5.03,5168525136.935845,513523531093.640503,10
clean_2H4H,-9.1,-6.48,1689763847.737661,167888028947.278107,2
clean_5M79,-9.1,-1.46,148358.225308,14740266.847587,7
clean_5M7D,-9.1,-7.18,287867.814302,28601369.360129,3
clean_5U72,-9.1,-11.22,34739.184448,3451543.369231,10
clean_6CXV,-9.1,-4.58,288.12663,28627.084186,10
clean_6F1X,-9.1,-9.40,7362.683267,731526.114249,9
clean_6PEB,-9.1,-1.25,5696.604555,565991.34355,9
clean_6PUD,-9.1,-15.03,1131.136102,112385.059524,6
clean_6UE6,-9.1,0.86,472.912871,46986.68986,7
clean_6US4,-9.1,-9.86,1103.031935,109592.744366,10
clean_6W9V,-9.1,-11.89,43446.467133,4316663.38547,10
clean_6X3X,-9.1,-7.38,60.664158,6027.342806,10
clean_8A0S,-9.1,-3.23,300827.205205,29888961.46833,10
clean_8BLB,-9.1,-11.85,4.847145,481.592504,10
clean_8DSC,-9.1,-5.16,393201911127.909302,39066934664243.226563,10
clean_8DSI,-9.1,-1.64,192754028.631281,19151252396.528446,10
clean_8GUS,-9.1,-11.35,2261.209123,224664.49567,10
clean_8UW9,-9.1,-9.95,281130.888367,27932015.936665,10
clean_1Z4K,-9.0,-2.65,1968546.940911,195586777.550166,10
clean_4ORX,-9.0,-7.92,671.71045,66738.404626,10
clean_5M7C,-9.0,-4.57,697038.209261,69254867.306084,10
clean_5U2M,-9.0,-6.94,19215396189.567818,1909163221847.095215,10
clean_5U2N,-9.0,0.65,968798063.589368,96255815605.075333,10
clean_5WI1,-9.0,-2.96,50184334158.274948,4986110311890.390625,10
clean_5YF1,-9.0,-8.53,333967.099128,33181605.868136,10
clean_6E68,-9.0,-3.81,8139506313477.332031,808708076813934.375,10
clean_6EQ2,-9.0,-5.42,1794122.657956,178256693.760581,10
clean_6PUH,-9.0,-10.71,5782.78239,574553.620916,2
clean_6PUM,-9.0,-2.67,392.138456,38961.274089,1
clean_6US3,-9.0,-10.72,7683.791313,763430.097109,10
clean_7COD,-9.0,-9.88,53520095563.226364,5317537930054.612305,10
clean_8HBF,-9.0,-5.95,60429.628532,6004040.882873,10
P21589,-9.0,-6.42,109.314951,10861.086669,10
clean_1Y2B,-8.9,-7.64,7645298.289287,759605587.621552,10
clean_1Z4J,-8.9,-4.55,305177.27879,30321166.998616,10
clean_2E5D,-8.9,-5.61,99929645948.836365,9928601155842.775391,10
clean_3FC6,-8.9,-9.40,0.010039,0.997393,10
clean_3IPQ,-8.9,-1.25,0.455248,45.231545,10
clean_3L2P,-8.9,-5.88,56364.278227,5600124.29379,10
clean_3V0Q,-8.9,-0.03,310926.054401,30892341.845029,3
clean_4GRA,-8.9,-8.02,35.131158,3490.488265,10
clean_4N9E,-8.9,-2.39,13014877843.39407,1293105063788.928223,10
clean_4O1B,-8.9,-4.23,983354885.887281,97702121967.117828,10
clean_4O1D,-8.9,-5.64,182528.631598,18135298.743972,10
clean_5ANV,-8.9,-12.02,8088.337294,803624.132145,10
clean_5UPE,-8.9,-5.69,1761408878.622011,175006386364.585022,10
clean_5UPF,-8.9,-1.34,340393462365.081726,33820103051397.128906,10
clean_6EQ4,-8.9,-5.77,28531.594583,2834782.613981,10
clean_6H5T,-8.9,0.49,22856625.020064,2270940834.805569,4
clean_6JVJ,-8.9,-5.52,116915.055325,11616202.00304,10
clean_6N3L,-8.9,NA,NA,NA,0
clean_6PUE,-8.9,-14.04,1547.732125,153776.337571,5
clean_6PUI,-8.9,-4.82,3004.928657,298557.428623,10
clean_6PVD,-8.9,NA,NA,NA,1
clean_6UXY,-8.9,-14.38,6.185524,614.568412,10
clean_7EVY,-8.9,-11.22,0.026357,2.61875,10
clean_7N03,-8.9,-14.18,1886.648408,187449.674076,10
clean_7N13,-8.9,-12.76,17555.546484,1744247.3398,10
clean_7ZT8,-8.9,-10.29,123748.056185,12295101.038422,8
clean_8A3A,-8.9,-10.20,7414.369136,736661.410835,10
clean_1G3M,-8.8,-4.83,405665785.031933,40305294228.862694,10
clean_1HY3,-8.8,-3.35,411779.423523,40912720.359633,5
clean_1LS6,-8.8,-3.82,18997187113.972931,1887482860032.585938,10
clean_1Q91,-8.8,-12.16,2449.738573,243396.011226,10
clean_1XVP,-8.8,0.38,12.497699,1241.72027,10
clean_1Z28,-8.8,-11.27,717362471.977151,71274202973.532272,10
clean_2GVJ,-8.8,-7.44,10072812350367.875,1000793462188932.0,10
clean_2H44,-8.8,-7.93,4078.210056,405194.281321,10
clean_3CKL,-8.8,-5.65,349578287649159.3125,34732669748355100.0,10
clean_3SX3,-8.8,1.53,103943.839738,10327435.042585,5
clean_3UG8,-8.8,-9.39,1852554.08496,184062201.507362,10
clean_4LV9,-8.8,-9.08,78609.433925,7810312.036215,10
clean_4N1U,-8.8,-6.45,1.072993,106.608149,10
clean_4ORU,-8.8,-10.64,534.045114,53060.539636,10
clean_5WMV,-8.8,-1.75,3458.854102,343657.605405,9
clean_6B75,-8.8,-7.33,115073546415427.765625,11433237205024326.0,10
clean_6G2M,-8.8,-14.64,131.162058,13031.725943,10
clean_6PUJ,-8.8,-3.03,143.754525,14282.862026,3
clean_6XQP,-8.8,-15.64,59344.842753,5896261.001971,10
clean_7AH4,-8.8,-4.11,2768.296477,275046.622447,10
clean_7E0A,-8.8,-11.18,1688.045502,167717.301151,10
clean_7KTM,-8.8,-11.46,15501350.750435,1540150848.294697,10
clean_7PPE,-8.8,-5.11,57580953.860321,5721008211.565419,10
clean_7PPF,-8.8,-4.85,92273945667.209854,9167962068780.882813,10
clean_7VIH,-8.8,-5.00,1.146241,113.885821,4
clean_8ALX,-8.8,NA,NA,NA,0
clean_8D8I,-8.8,-1.37,13.306918,1322.120959,10
clean_8T69,-8.8,-5.87,222639.794029,22120579.887449,10
clean_8TM7,-8.8,-1.94,144009248251.26004,14308170263823.085938,10
clean_1B98,-8.7,-11.75,2905.050624,288633.955491,10
clean_1L8J,-8.7,NA,NA,NA,0
clean_1UMO,-8.7,-8.12,697.002615,69251.330817,7
clean_2GWH,-8.7,2.51,23210726439779.640625,2306122904467577.5,8
clean_2OFX,-8.7,-4.66,8629656.294432,857407375.417859,10
clean_2Z5F,-8.7,NA,NA,NA,1
clean_3CQU,-8.7,-6.77,764.058894,75913.768548,10
clean_3DKJ,-8.7,-7.55,3850073369101.560059,382527552655522.3125,10
clean_3DKL,-8.7,-8.54,31677567954870.226563,3147353668920668.0,10
clean_3R94,-8.7,-13.89,5625.139054,558890.823442,10
clean_3U3J,-8.7,-7.16,8741691.733159,868538758.661272,10
clean_3U3K,-8.7,0.56,9326513458.816561,926644254845.05249,7
clean_3ZMS,-8.7,-7.97,31899741.21458,3169427895.865132,8
clean_4KFP,-8.7,-3.11,8246111.492127,819299931.612428,10
clean_4L4T,-8.7,NA,NA,NA,0
clean_4LVD,-8.7,-2.63,1598382555.573009,158808757281.761658,10
clean_4LVF,-8.7,-4.81,124472919.283417,12367120472.949596,10
clean_4M6Q,-8.7,-11.28,949540.832956,94342495.883894,10
clean_4NQE,-8.7,-9.76,13018.901883,1293504.875901,1
clean_4O15,-8.7,-7.97,3454333783.063416,343208484985.026611,10
clean_4O1A,-8.7,2.34,608965.933131,60504365.948121,10
clean_4ORY,-8.7,-10.56,449592.561011,44669679.13799,10
clean_4PJI,-8.7,-9.01,1084799.560949,107781250.222867,10
clean_4WDX,-8.7,-3.43,2406988366.17772,239148525421.254395,10
clean_4Y6L,-8.7,-4.10,120585.133446,11980845.963579,10
clean_4YHT,-8.7,-6.68,1449703.612266,144036625.204713,10
clean_5ANT,-8.7,-5.31,249.912269,24830.261525,10
clean_5LX3,-8.7,-2.52,5762512244.69116,572539662178.850464,10
clean_5NGT,-8.7,-5.47,146550.616346,14560670.20982,10
clean_5VV4,-8.7,-10.65,46.770626,4646.938233,10
clean_5WBS,-8.7,-6.96,0.354208,35.192646,10
clean_5WI0,-8.7,-7.33,192276764.093199,19103833342.858681,10
clean_6AA4,-8.7,-7.66,55933.34972,5557308.99884,10
clean_6AA5,-8.7,-3.91,3015.941574,299651.627036,10
clean_6DWM,-8.7,-4.99,7.460188,741.21381,10
clean_6FNI,-8.7,-4.79,24.005722,2385.110438,10
clean_6FZF,-8.7,4.24,250.459423,24884.624497,3
clean_6GLV,-8.7,-7.16,1788296.457444,177677826.292483,10
clean_6JVI,-8.7,-9.52,2413.759709,239821.298382,10
clean_6JVM,-8.7,-6.93,11722.050985,1164655.071657,10
clean_6JVO,-8.7,-6.82,313506.914698,31148765.574852,10
clean_6KS0,-8.7,-3.23,0.020488,2.035632,10
clean_6KS1,-8.7,-11.18,19394.230435,1926931.461458,10
clean_6NHB,-8.7,-11.82,33.331685,3311.699936,10
clean_6PUK,-8.7,-13.82,4076.192587,404993.833874,10
clean_6TA2,-8.7,-3.45,121920402935.953934,12113512882158.140625,10
clean_7LKY,-8.7,11.59,541.053416,53756.85588,1
clean_7TD3,-8.7,1.20,0.023546,2.339428,1
clean_8CAA,-8.7,-5.85,26.269427,2610.022861,10
clean_8DSM,-8.7,-6.78,665242110.688781,66095736919.568649,10
clean_8G59,-8.7,NA,NA,NA,0
clean_8OWZ,-8.7,-8.91,0.10248,10.182,10
clean_8QT4,-8.7,-6.46,654089.426828,64987651.838158,10
clean_8QZ3,-8.7,-3.69,555.929795,55234.912064,10
clean_1NSI,-8.6,-8.98,708.449926,70388.688816,10
clean_1Q1Z,-8.6,-3.98,20288.124157,2015745.087865,10
clean_1XU9,-8.6,-5.67,51.892698,5155.846333,10
clean_2A3R,-8.6,-8.05,16902680472.153677,1679381241464.516602,10
clean_2D06,-8.6,-5.39,540539817.732526,53705826816.058105,10
clean_2GVG,-8.6,-2.30,345689833378.639648,34346328826217.808594,10
clean_2IIP,-8.6,-4.28,511536.364517,50824162.257121,10
clean_2REO,-8.6,-8.32,3844525.523131,381976341.356907,10
clean_2RJ1,-8.6,-7.53,4231626.013076,420437063.752157,10
clean_2RJ7,-8.6,4.01,658011.791622,65377361.97129,4
clean_2W3B,-8.6,-1.24,126758.104667,12594167.151912,10
clean_3G4G,-8.6,-3.32,0.38997,38.745867,10
clean_3MHJ,-8.6,-3.18,985748552.518377,97939946899.394485,3
clean_3QVU,-8.6,-9.04,247329339.261234,24573632182.387581,6
clean_3RM9,-8.6,-10.56,23687.042079,2353447.679384,10
clean_3SXA,-8.6,-1.13,662718.928243,65845043.825387,7
clean_3SXE,-8.6,0.90,3526.618451,350390.394174,6
clean_3U3M,-8.6,-7.17,6963782558.780121,691892970355.782837,10
clean_3U3O,-8.6,-6.87,6688362757408.964844,664528384678819.75,10
clean_3W5E,-8.6,-9.09,162235.74504,16119080.483361,10
clean_3WHW,-8.6,-14.73,5567202.545408,553134488.792687,10
clean_4DLI,-8.6,-4.88,175.938244,17480.504768,10
clean_4JR5,-8.6,-4.83,2904726869.810324,288601788620.08905,10
clean_4JVL,-8.6,-3.99,16624054.821708,1651698135.727566,7
clean_4JVM,-8.6,-3.00,27423598594.032013,2724696661464.007324,8
clean_4K85,-8.6,-1.19,50.41534,5009.06208,10
clean_4L4M,-8.6,-10.17,312090.2593,31008012.48509,10
clean_4N9B,-8.6,-3.56,1709502798.307431,169849210392.296875,10
clean_4O19,-8.6,1.38,468854310.66816,46583447850.952461,10
clean_4UZQ,-8.6,NA,NA,NA,0
clean_5ADG,-8.6,NA,NA,NA,0
clean_5ANW,-8.6,-9.82,4067.664443,404146.512329,10
clean_5AVL,-8.6,-6.91,6.679711,663.668829,10
clean_5BPB,-8.6,-9.37,316.782404,31474.20482,10
clean_5DY5,-8.6,-9.16,69.074303,6862.940385,10
clean_5MKJ,-8.6,-6.07,21.17809,2104.168431,10
clean_5NHY,-8.6,-7.84,119340.456049,11857179.905126,10
clean_5YF0,-8.6,-9.86,44783.157565,4449471.483087,10
clean_5YQL,-8.6,-6.33,3873.776918,384882.640401,10
clean_6ATB,-8.6,-5.58,103897706.503712,10322851433.000406,10
clean_6B76,-8.6,-5.24,18738072792262.625,1861738320165555.0,10
clean_6BD8,-8.6,-12.24,698771.41558,69427071.601451,10
clean_6BDK,-8.6,-5.12,10167.143905,1010165.859826,10
clean_6E35,-8.6,4.37,1839.987449,182813.631887,2
clean_6EQ7,-8.6,-11.28,1642.970381,163238.821345,10
clean_6G3A,-8.6,-1.65,19673208.219294,1954649553.799376,9
clean_6JVP,-8.6,-5.61,47102.592807,4679921.087935,10
clean_6PNO,-8.6,-0.98,5568.843423,553297.519678,10
clean_6PO5,-8.6,-11.36,318.533594,31648.195851,10
clean_6PUL,-8.6,NA,NA,NA,4
clean_6S7O,-8.6,-4.24,89.129623,8855.555068,10
clean_6S9W,-8.6,-10.88,58.005506,5763.189937,10
clean_6T4G,-8.6,-9.81,2.984739,296.551506,10
clean_6UDL,-8.6,-9.43,1.808599,179.694965,10
clean_7KTJ,-8.6,-10.94,828699.320153,82336177.115299,10
clean_7LMT,-8.6,2.97,2828.462214,281024.444157,10
clean_7MDN,-8.6,4.35,79.678092,7916.489542,1
clean_7MFY,-8.6,-16.95,1.196109,118.840467,10
clean_7TS8,-8.6,-11.65,25.316208,2515.31495,10
clean_7YV4,-8.6,3.49,90365.058651,8978302.85751,2
clean_7Z2L,-8.6,-10.58,58754.836866,5837640.42869,10
clean_8B75,-8.6,-5.36,98423.180628,9778924.919302,10
clean_8BP6,-8.6,1.84,148903.998417,14794492.632806,2
clean_8F7L,-8.6,-5.60,1745527304.965913,173428458122.557037,10
clean_8FGG,-8.6,-11.37,30.076593,2988.287355,10
clean_1DSN,-8.5,-1.91,55331.545187,5497516.160361,9
clean_2FGB,-8.5,-4.32,179570914.433839,17841432056.27277,10
clean_2IWG,-8.5,NA,NA,NA,0
clean_2RJ4,-8.5,-6.23,59381.084704,5899861.85414,8
clean_2VZD,-8.5,-7.47,451.112089,44820.653233,10
clean_2WKP,-8.5,-2.93,409865.42385,40722553.175675,10
clean_2WKQ,-8.5,-2.67,374457.351652,37204551.853666,10
clean_3CAQ,-8.5,-4.41,8413.828245,835963.582618,10
clean_3D4Q,-8.5,-7.89,52.386401,5204.898633,10
clean_3D6D,-8.5,-5.85,15117904.732831,1502053219.333544,10
clean_3FO5,-8.5,-6.27,748.593171,74377.157598,10
clean_3MFS,-8.5,-3.44,99868.452216,9922521.196665,10
clean_3P1Q,-8.5,-3.21,19929.794554,1980142.92326,10
clean_3SXG,-8.5,-11.05,790867.634961,78577375.512944,10
clean_3U3R,-8.5,NA,NA,NA,0
clean_3UFY,-8.5,-12.92,12.107634,1202.964994,10
clean_4KFN,-8.5,-5.90,43921739881.410065,4363884543096.116211,10
clean_4L4V,-8.5,-18.00,2854.206958,283582.336662,10
clean_4LCW,-8.5,-17.94,2088.02756,207457.88349,10
clean_4N9D,-8.5,1.86,27120536.372007,2694585637.860137,10
clean_4NOS,-8.5,-8.11,5241.102205,520734.49188,10
clean_4P4E,-8.5,-11.06,236982813.702832,23545643694.659916,10
clean_4P6X,-8.5,-16.01,12.189993,1211.147919,10
clean_4UVW,-8.5,-11.21,1635.510561,162497.644118,10
clean_4V24,-8.5,-8.23,0.869449,86.384924,10
clean_4WDW,-8.5,-8.92,162860478.52011,16181151448.327518,10
clean_4YIK,-8.5,-12.92,84.949761,8440.261062,10
clean_4ZGA,-8.5,-2.55,5391.561963,535683.55842,8
clean_5BXC,-8.5,-5.71,43396.810782,4311729.733474,5
clean_5FSN,-8.5,-1.29,110409.2199,10969808.78805,5
clean_5FYQ,-8.5,4.22,28666.450511,2848181.347732,10
clean_5HZH,-8.5,-3.52,4784575.627359,475375877.228025,10
clean_5JRQ,-8.5,-0.24,2.933649,291.475326,7
clean_5KIT,-8.5,0.96,133196076510.776321,13233817718875.017578,10
clean_5N68,-8.5,-6.77,3748901.054897,372475485.061258,10
clean_5O8U,-8.5,-3.61,307.777695,30579.533685,10
clean_5Q0I,-8.5,-5.21,72.298421,7183.275542,10
clean_5U16,-8.5,-8.19,13729.339051,1364091.008974,7
clean_5UO1,-8.5,-10.16,14231.968084,1414030.175213,10
clean_5VMV,-8.5,-13.93,13.719146,1363.078281,10
clean_5WJJ,-8.5,-3.48,15471.821188,1537216.911678,10
clean_6EQ5,-8.5,-9.16,455461.619554,45252804.804951,7
clean_6G2L,-8.5,-13.79,1383.733858,137482.140042,10
clean_6GLF,-8.5,-7.93,146680.960304,14573620.652707,10
clean_6HHI,-8.5,-9.34,14264.753545,1417287.604602,10
clean_6HWV,-8.5,-7.01,12036.485466,1195895.996353,10
clean_6JVG,-8.5,-5.79,223.337684,22189.91943,10
clean_6JVH,-8.5,-5.85,44356.627523,4407093.201532,10
clean_6JVL,-8.5,-2.84,6374.979196,633391.875018,10
clean_6PNF,-8.5,-11.75,13731.148284,1364270.767033,10
clean_6PUF,-8.5,-11.97,356.519187,35422.289146,1
clean_6PUG,-8.5,-10.70,8395228.897215,834115627.459854,10
clean_6PZ1,-8.5,-0.14,49362.591916,4904465.361613,8
clean_6QIO,-8.5,-11.22,2690.426444,267309.774294,10
clean_6T1V,-8.5,-4.51,269.885596,26814.729611,10
clean_6TA0,-8.5,-2.49,211169201086.786316,20980908659099.257813,10
clean_6Z58,-8.5,-6.09,544.787775,54127.886519,10
clean_7JWR,-8.5,-7.52,231.349102,22985.901083,10
clean_7MXG,-8.5,-11.97,775.705111,77070.889093,10
clean_7NKE,-8.5,-3.15,0.054589,5.423767,10
clean_7SVN,-8.5,-4.91,13497.783139,1341084.560032,10
clean_7TS6,-8.5,-12.17,1126.035022,111878.237036,10
clean_7US7,-8.5,-11.19,66439.682868,6601175.31547,10
clean_7ZT2,-8.5,-11.90,83723.868462,8318461.346352,6
clean_7ZT7,-8.5,-4.71,15746.154343,1564473.532562,3
clean_8CNH,-8.5,-10.33,881897.746072,87621755.264383,10
clean_8FGM,-8.5,-12.41,809.483761,80426.997675,10
clean_8QT8,-8.5,-4.54,272.861941,27110.447158,10
Q9UKU6,-8.5,-10.65,18175017.697693,1805795467.474875,10
clean_1FM9,-8.4,-1.40,115.796334,11505.050409,6
clean_1S1P,-8.4,-7.83,72345300.150676,7187933309.235984,10
clean_1XLS,-8.4,-4.47,36.690247,3645.392979,10
clean_2FB8,-8.4,-4.87,7767.943272,771791.091803,10
clean_2PVW,-8.4,-7.38,98841294.695967,9820467024.02837,10
clean_3EJ8,-8.4,1.13,11932.714147,1185585.702305,10
clean_3QVV,-8.4,-5.82,145966464.661844,14502631286.193867,10
clean_3R58,-8.4,-11.76,1392.942438,138397.066921,10
clean_3SJG,-8.4,-6.88,336870186.036116,33470044716.856178,10
clean_4C2S,-8.4,-1.20,789612.480301,78452668.47641,7
clean_4DBU,-8.4,-9.71,5636134.709773,559983306.881605,10
clean_4DLJ,-8.4,-5.42,228.557478,22708.536752,10
clean_4GKC,-8.4,-7.63,68752.381742,6830955.622317,10
clean_4JNM,-8.4,0.13,925216.175895,91925697.386138,10
clean_4JVN,-8.4,-3.40,3697347728336693.5,367353357260083264.0,4
clean_4LTS,-8.4,-4.87,7127743756.120576,708183484726.876343,10
clean_4MCS,-8.4,-10.20,520877879.030469,51752296955.426979,10
clean_4NQD,-8.4,-5.34,212829.418923,21145861.117117,4
clean_4O10,-8.4,-9.02,4765588.503658,473489394.227531,10
clean_4O13,-8.4,-5.74,39570858.644184,3931598767.731934,10
clean_4OUC,-8.4,0.21,21987911.13585,2184628974.165873,5
clean_4PJC,-8.4,-13.73,478.354902,47527.387799,10
clean_4QQD,-8.4,-12.01,1017.970971,101141.434653,10
clean_4RZV,-8.4,-3.23,4454255.162928,442556586.077638,10
clean_4WQ6,-8.4,-13.16,3670350.295849,364671002.720946,10
clean_4ZG6,-8.4,3.93,20092.687493,1996327.299821,10
clean_5BO7,-8.4,1.81,249104309352.079437,24749985955366.777344,3
clean_5BO9,-8.4,-1.98,734246.75829,72951756.646498,5
clean_5DN3,-8.4,-6.47,1574231.473244,156409204.459876,10
clean_5DNR,-8.4,-13.43,2961550.203188,294247522.757268,10
clean_5E6M,-8.4,-2.85,8419084.042571,836485777.193764,10
clean_5FSK,-8.4,-11.19,5265.805182,523188.878768,10
clean_5FVX,-8.4,-11.27,69.984794,6953.403102,10
clean_5LIH,-8.4,-6.68,2546028.339634,252962968.853479,10
clean_5UO5,-8.4,-1.38,21597.238525,2145813.340405,10
clean_5UO7,-8.4,-10.94,394.198865,39165.987917,10
clean_6ANL,-8.4,-8.70,9396.348429,933582.772001,10
clean_6EQ6,-8.4,-6.53,476.743325,47367.268044,10
clean_6F5L,-8.4,-13.57,15425205.174924,1532585335.15948,10
clean_6G22,-8.4,-13.46,99779.219423,9913655.391066,10
clean_6GLE,-8.4,-8.19,27577.366723,2739974.43418,10
clean_6GLU,-8.4,-5.91,2428.913781,241326.94498,10
clean_6HHG,-8.4,-5.97,17.759732,1764.534392,10
clean_6JVK,-8.4,-3.43,206653.86056,20532282.880942,10
clean_6K1S,-8.4,-10.81,1469.090653,145962.8423,10
clean_6NGC,-8.4,-11.17,52.433487,5209.576939,10
clean_6NGE,-8.4,-9.65,3439.980926,341782.443736,10
clean_6NGH,-8.4,-9.87,29.891721,2969.919216,10
clean_6NHC,-8.4,-9.64,29.914951,2972.227269,10
clean_6PO7,-8.4,-9.97,4100.529032,407411.803583,10
clean_6PO8,-8.4,-11.12,556.71399,55312.826458,10
clean_6R63,-8.4,-1.31,596.77131,59292.758025,8
clean_6T50,-8.4,0.16,0.280913,27.910323,10
clean_6TAC,-8.4,-8.64,17655122058.391785,1754140761844.013428,10
clean_6VBI,-8.4,-11.97,1716.048421,170499.55673,10
clean_6VF3,-8.4,-9.21,1441698.198601,143241240.025397,10
clean_6XL8,-8.4,NA,NA,NA,1
clean_6Z5C,-8.4,-6.10,6643.190409,660040.244821,10
clean_7A62,-8.4,-3.97,2.34903,233.390055,10
clean_7B9O,-8.4,-4.88,3.64925,362.574586,10
clean_7COB,-8.4,-9.37,2523.625266,250737.090984,10
clean_7COC,-8.4,-8.16,43358719.83703,4307945172.848981,10
clean_7F2L,-8.4,-10.28,891908.956814,88616428.242603,10
clean_7PPH,-8.4,-7.63,400279294.457362,39770114542.826363,10
clean_7S1S,-8.4,-10.49,705580.909519,70103635.085169,10
clean_7TS3,-8.4,-11.67,1109.518299,110237.203011,10
clean_7X3O,-8.4,-10.61,261528.327659,25984385.630745,10
clean_7ZT4,-8.4,NA,NA,NA,3
clean_7ZT9,-8.4,-1.23,812217.611503,80698621.913418,1
clean_8DD2,-8.4,-14.85,470.466667,46743.644985,10
clean_8DSE,-8.4,-9.48,557999230.86464,55440522738.953651,10
clean_8E9X,-8.4,NA,NA,NA,0
clean_8FGL,-8.4,-11.19,451.395653,44848.826958,10
clean_8Q7B,-8.4,-1.08,21722.242412,2158233.215722,10
clean_8QOO,-8.4,-4.31,3857.527803,383268.194775,8
clean_8RB6,-8.4,-9.88,235380703.852749,23386464608.631081,10
clean_8VLB,-8.4,-6.76,1823.121088,181137.859281,10
clean_9BTX,-8.4,-11.50,542.559198,53906.46422,4
Q6IS24,-8.4,-11.40,30496.581566,3030015.688647,10
Q6ZWT7,-8.4,-9.60,200.612036,19931.991909,10
Q9Y694,-8.4,-8.05,200092.41208,19880364.1801,10
clean_1FCK,-8.3,-7.69,189418979.518409,18819895548.79369,10
clean_1LQV,-8.3,-4.55,78.664523,7815.785436,10
clean_1SQY,-8.3,-8.15,309375.993863,30738334.165976,10
clean_1T8U,-8.3,-0.52,109415915723.840958,10871118145255.220703,10
clean_1Z4I,-8.3,-9.97,18817.153427,1869595.448767,10
clean_2ACL,-8.3,-11.81,0.058568,5.819038,10
clean_2E2X,-8.3,-5.87,31.148275,3094.76531,10
clean_2JAW,-8.3,-9.36,31963.556401,3175768.311946,10
clean_2NSI,-8.3,-4.92,356.102507,35380.889481,10
clean_2Z5Y,-8.3,-6.85,20897.812882,2076321.267443,10
clean_2ZK5,-8.3,6.59,0.892483,88.673415,2
clean_2ZKC,-8.3,-5.72,0.034466,3.424435,10
clean_2ZNP,-8.3,-4.43,6.341437,630.059264,10
clean_3B2D,-8.3,-7.57,8.848685,879.169128,10
clean_3BEJ,-8.3,-5.25,220.038868,21862.162486,10
clean_3BFX,-8.3,-12.13,8374048.166615,832011196.644391,10
clean_3BHX,-8.3,-11.34,133159216764.533508,13230155485153.728516,10
clean_3DPK,-8.3,-6.91,60.753282,6036.197765,10
clean_3E7G,-8.3,-8.72,88382.692001,8781343.010094,10
clean_3EWJ,-8.3,-8.13,34686.744246,3446333.12513,10
clean_3MS5,-8.3,-0.14,284301844.917534,28247069218.094528,2
clean_3P1S,-8.3,-4.84,196.553285,19528.730983,10
clean_3R43,-8.3,-12.86,93633.695552,9303061.259311,10
clean_3R8G,-8.3,-12.51,18792.656779,1867161.561956,10
clean_3SML,-8.3,-4.44,17.65264,1753.894149,7
clean_3TJM,-8.3,-11.83,100.142817,9949.780949,10
clean_3TWX,-8.3,-8.78,35114251.958153,3488808543.930697,10
clean_3UN9,-8.3,-12.26,426.543765,42379.645002,10
clean_3ZGF,-8.3,-7.16,54504.232152,5415317.718794,4
clean_4DBS,-8.3,-2.90,118549275.375094,11778571427.303133,10
clean_4DBW,-8.3,-14.09,6936.230582,689155.518565,10
clean_4DZ5,-8.3,-13.89,20820.341695,2068624.04698,10
clean_4FAL,-8.3,-13.07,409513.740225,40687611.328236,10
clean_4HMN,-8.3,-5.33,495162276.241388,49197299775.65522,10
clean_4HYF,-8.3,-10.01,67967.11826,6752935.052584,10
clean_4ICC,-8.3,-6.80,292075.232726,29019401.256776,9
clean_4IJU,-8.3,-10.07,15.243416,1514.52347,10
clean_4L4L,-8.3,-0.44,4158310445.689036,413152728656.315979,10
clean_4L6A,-8.3,-7.28,259117.425186,25744848.215706,10
clean_4LVG,-8.3,-8.34,73059.479775,7258891.277449,10
clean_4M6P,-8.3,-8.42,169462967.505023,16837147765.983009,10
clean_4MYQ,-8.3,-13.45,0.773011,76.803207,10
clean_4P4F,-8.3,-13.65,8951823.955799,889416637.38058,10
clean_4PJB,-8.3,-2.02,686.475684,68205.418011,5
clean_4RMH,-8.3,-8.09,32.282907,3207.497651,10
clean_4UH6,-8.3,-10.19,41.569614,4130.186966,10
clean_4WDU,-8.3,-9.24,7851083547.981781,780051569771.601929,10
clean_4WO5,-8.3,-2.34,46617.507337,4631724.97842,4
clean_4X3O,-8.3,2.46,113653790579.49646,11292176068463.708984,3
clean_5BO6,-8.3,-5.38,35230981602295.28125,3500406324236536.0,5
clean_5FSM,-8.3,-4.13,1874.428804,186235.584227,10
clean_5G4C,-8.3,-11.98,0.511764,50.846758,10
clean_5HK1,-8.3,-7.05,3.58043,355.736879,10
clean_5LX5,-8.3,0.01,1409591313.289052,140051231138.68692,10
clean_5N67,-8.3,5.16,535.406729,53195.824095,9
clean_5Q11,-8.3,-10.53,2.4665,245.061383,10
clean_5SDZ,-8.3,-2.60,25801.693936,2563550.844278,10
clean_5UO2,-8.3,-7.90,512.249299,50894.996535,10
clean_5W4V,-8.3,-3.52,4.715539,468.516706,10
clean_5Y3N,-8.3,-11.12,471.892831,46885.342814,10
clean_5YQN,-8.3,-7.90,68.7363,6829.3578,10
clean_5YQO,-8.3,-8.19,442.365958,43951.673419,10
clean_6AUY,-8.3,-12.38,58.851254,5847.220043,10
clean_6AV3,-8.3,-10.20,70.285591,6983.288999,10
clean_6CIC,-8.3,-9.53,32.906756,3269.48081,10
clean_6EQM,-8.3,-6.55,22938832.438585,2279108627.884342,10
clean_6F20,-8.3,-4.31,317449.769018,31540511.463493,10
clean_6G39,-8.3,-4.67,5881.657021,584377.400108,10
clean_6GEV,-8.3,-7.74,13.374804,1328.86589,10
clean_6GLM,-8.3,-2.64,13178.344215,1309346.4143,10
clean_6GZM,-8.3,-2.88,1110709.060163,110355512.158866,10
clean_6HHH,-8.3,-11.03,56098.189135,5573686.769287,10
clean_6IMZ,-8.3,-12.72,3167.312315,314691.205143,10
clean_6JVR,-8.3,-8.28,70553.309315,7009888.424583,4
clean_6NG1,-8.3,-11.02,95.245352,9463.188809,10
clean_6OO9,-8.3,-4.66,1358.536197,134978.603463,10
clean_6PND,-8.3,-9.00,16.971471,1686.216031,10
clean_6PUC,-8.3,NA,NA,NA,2
clean_6X3S,-8.3,-2.77,184645.171351,18345589.482379,10
clean_6XKG,-8.3,NA,NA,NA,1
clean_6Z59,-8.3,-2.81,58704462.081688,5832635396.064471,10
clean_7AH5,-8.3,-1.03,4297.110334,426943.318194,10
clean_7AXA,-8.3,-8.16,274.810334,27304.03152,10
clean_7C7F,-8.3,-9.94,38399849.827,3815252118.19263,10
clean_7CO8,-8.3,-4.06,2611065.817321,259424826.793701,10
clean_7F2K,-8.3,-8.39,3381549.377295,335976923.936511,10
clean_7F2M,-8.3,-6.97,3952.73489,392727.581746,10
clean_7MX7,-8.3,-6.48,239.500744,23795.814948,10
clean_7MXN,-8.3,0.71,2712.400551,269493.031712,10
clean_7N70,-8.3,-12.77,391.18769,38866.809875,10
clean_7NBJ,-8.3,-5.70,290590.218548,28871856.318088,10
clean_7OKU,-8.3,5.82,77698.734705,7719828.684225,3
clean_7PPG,-8.3,-9.33,137601.488883,13671521.484907,10
clean_7TS1,-8.3,-11.81,8.543096,848.807109,10
clean_7TS4,-8.3,-12.05,1802.051758,179044.496763,10
clean_7TS5,-8.3,-10.53,11102.706598,1103119.544901,10
clean_7UMG,-8.3,-0.40,3212248.440191,319155874.848866,3
clean_7XAA,-8.3,-9.64,975003.537946,96872366.172053,10
clean_8C3O,-8.3,-11.33,793.196167,78808.728918,10
clean_8CK4,-8.3,-8.53,0.021809,2.166826,10
clean_8E9W,-8.3,-8.69,839.838728,83442.943157,10
clean_8SVR,-8.3,-2.71,64088921.329414,6367613257.768609,10
clean_8XYD,-8.3,-11.48,790431.670688,78534059.884787,10
clean_1K74,-8.2,-5.17,121.642298,12085.881495,10
clean_1LCF,-8.2,-3.49,5119815628.235489,508683953410.85199,10
clean_1PY5,-8.2,-14.50,1162.305517,115481.925249,10
clean_1Q1Q,-8.2,-4.45,1364833134.437642,135604241438.502701,10
clean_1RKP,-8.2,-8.66,144212.836953,14328398.00508,10
clean_1S1R,-8.2,-12.76,1328613.426442,132005599.30132,10
clean_1S2C,-8.2,-4.19,8631460677.157354,857586651509.936646,10
clean_1Z4L,-8.2,-10.15,6705668899.832501,666247852250.608887,10
clean_1Z4M,-8.2,-12.48,802.044846,79687.897499,10
clean_1ZRH,-8.2,-2.36,160467988.889194,15943443457.977909,8
clean_2A14,-8.2,-12.07,1082.334543,107536.336133,10
clean_2E2R,-8.2,-3.95,0.585628,58.185609,2
clean_2EFK,-8.2,-2.77,20153127.060138,2002332328.141981,10
clean_2GPV,-8.2,-3.36,2.536301,251.996456,10
clean_2H59,-8.2,-0.00,6742792.108861,669936262.557393,7
clean_2JBK,-8.2,-15.35,140757173.470702,13985057406.586847,10
clean_2OR4,-8.2,-15.26,4504090.425831,447508014.096441,10
clean_2Q5S,-8.2,-5.12,3159308.010883,313895930.188499,10
clean_3AKM,-8.2,-8.42,20652.457187,2051943.728539,10
clean_3BI0,-8.2,-10.47,546925127.005169,54340245045.231422,10
clean_3D7G,-8.2,-11.71,16577595.178531,1647082095.486758,10
clean_3DHD,-8.2,-9.27,79333999.517932,7882301911.833586,10
clean_3G45,-8.2,-7.97,79120.982165,7861137.378368,10
clean_3G58,-8.2,-1.59,21065.28459,2092960.571835,10
clean_3HR4,-8.2,-10.15,95885602.494304,9526801528.357801,10
clean_3JTC,-8.2,-6.02,18.106072,1798.945296,10
clean_3KKT,-8.2,-10.49,3993.452222,396773.089371,10
clean_3KRJ,-8.2,-4.97,1616.67519,160626.238701,10
clean_3LGP,-8.2,NA,NA,NA,0
clean_3N7R,-8.2,-12.15,138674.728221,13778154.158665,10
clean_3NXX,-8.2,-1.30,137792770.488148,13690526443.332548,10
clean_3NXY,-8.2,-2.84,18832.765756,1871146.62594,10
clean_3PSB,-8.2,-8.21,116.682398,11593.086117,10
clean_3PSD,-8.2,-7.14,20381.783004,2025050.648055,10
clean_3R6I,-8.2,3.92,508081099301439.625,50480861228798304.0,6
clean_3R7M,-8.2,-14.26,3746.027627,372189.992998,10
clean_3S3V,-8.2,-8.08,88.991425,8841.824207,10
clean_3T7N,-8.2,-5.65,536406.658526,53295173.011677,10
clean_3TWW,-8.2,-6.85,190672191.033184,18944409522.359451,10
clean_3UWE,-8.2,-5.17,166941388.401061,16586613973.248814,10
clean_3V0O,-8.2,-3.50,74980.85013,7449790.782299,10
clean_3WFF,-8.2,-5.93,2444.016248,242827.464375,10
clean_3WFG,-8.2,1.37,1166.363098,115885.069889,2
clean_4AT3,-8.2,NA,NA,NA,2
clean_4BG1,-8.2,NA,NA,NA,0
clean_4BL9,-8.2,-7.10,81784.397657,8125763.454882,10
clean_4C5W,-8.2,NA,NA,NA,1
clean_4H7C,-8.2,-10.19,14469986868.814125,1437678748749.843262,10
clean_4JV6,-8.2,-10.38,0.00947,0.940893,10
clean_4K1L,-8.2,-3.03,15165.438501,1506775.980269,10
clean_4K84,-8.2,-1.37,5.342177,530.776886,10
clean_4LWW,-8.2,1.35,1137420084.805876,113009410385.226334,10
clean_4MUM,-8.2,-5.31,311615560.222729,30960848325.131187,10
clean_4NFL,-8.2,-9.64,160570.584115,15953636.900203,10
clean_4NQC,-8.2,-6.62,5939662.984467,590140635.573631,2
clean_4O28,-8.2,-0.22,75517.595405,7503119.598841,10
clean_4OC4,-8.2,-12.45,3010943.600581,299155048.82517,10
clean_4OEX,-8.2,-12.12,537.844758,53438.056735,10
clean_4P4B,-8.2,-4.74,706236.093779,70168731.515241,10
clean_4PJ9,-8.2,-7.27,97625.370093,9699657.725566,5
clean_4QYN,-8.2,-7.82,6.698181,665.503867,10
clean_4RMD,-8.2,-0.72,0.66447,66.018977,10
clean_4WDT,-8.2,-9.09,13996718.166849,1390656705.023547,10
clean_4WRH,-8.2,-11.29,8793690.875741,873705180.920089,10
clean_4XUE,-8.2,-4.03,4382944.598354,435471459.865755,7
clean_4XV3,-8.2,-4.41,22.726839,2258.04581,2
clean_4XVE,-8.2,-12.31,563564908.444795,55993505713.432205,10
clean_4ZFC,-8.2,-9.49,4005.777887,397997.717119,10
clean_5AVI,-8.2,-10.15,30.000393,2980.716385,10
clean_5BYZ,-8.2,-5.49,9932.888924,986891.242536,10
clean_5HNT,-8.2,-6.61,26308216695.13253,2613876875148.651367,10
clean_5HSR,-8.2,-4.16,21301.076245,2116387.866823,10
clean_5IV3,-8.2,2.79,422.412506,41969.179957,2
clean_5IV4,-8.2,-5.11,9491.01244,942988.20122,10
clean_5LXA,-8.2,-7.19,21.375675,2123.79972,10
clean_5M7M,-8.2,-6.20,215713.401421,21432401.829772,10
clean_5MWP,-8.2,-6.90,3.236321,321.547598,10
clean_5NGR,-8.2,-3.21,11817.110138,1174099.760503,2
clean_5OTM,-8.2,-1.38,6297.824069,625726.056934,2
clean_5U43,-8.2,-9.91,29418.980975,2922949.698676,10
clean_5UO3,-8.2,-10.27,10.360424,1029.369388,10
clean_5UO4,-8.2,-9.24,470.302345,46727.318592,10
clean_5UWG,-8.2,-8.59,1603.127281,159280.173852,10
clean_6AA3,-8.2,-10.49,790.10308,78501.412442,10
clean_6AV4,-8.2,-12.02,723964.264588,71930130.102291,10
clean_6AV5,-8.2,-9.66,442.819562,43996.741647,10
clean_6CVQ,-8.2,-11.65,285460.813441,28362219.593304,10
clean_6E46,-8.2,-3.40,92.532355,9193.636607,10
clean_6E7F,-8.2,-3.89,119064311.285671,11829743290.152248,10
clean_6EOQ,-8.2,-1.24,17054.571959,1694472.558717,6
clean_6ETY,-8.2,-13.44,411782.288717,40913005.033651,10
clean_6EZ9,-8.2,-1.38,19311616.018338,1918723230.732112,5
clean_6FE5,-8.2,-2.58,7751812613.089103,770188415453.796265,10
clean_6FZG,-8.2,-1.98,11.960343,1188.330814,2
clean_6GLN,-8.2,-3.76,25453.847107,2528990.205144,10
clean_6GX0,-8.2,-9.85,186810.485409,18560726.236369,10
clean_6HWT,-8.2,-5.44,618.56413,61458.003592,3
clean_6JVQ,-8.2,-0.04,130.869037,13002.612632,10
clean_6N3O,-8.2,4.10,12446355.179672,1236618975.776153,2
clean_6NBA,-8.2,6.42,1330936.134637,132236374.093425,2
clean_6NG4,-8.2,-11.92,1561.170145,155111.484294,10
clean_6NG6,-8.2,-11.95,29.478307,2928.844077,10
clean_6NGF,-8.2,-14.20,41.22942,4096.386617,10
clean_6NGI,-8.2,-9.96,34312.102687,3409110.27117,10
clean_6PVC,-8.2,-0.47,25486.668264,2532251.181102,1
clean_6PVE,-8.2,-0.26,5994757.945713,595614645.720663,3
clean_6RBC,-8.2,-6.85,5067799.699139,503515863.312568,10
clean_6S9X,-8.2,-12.58,164.820346,16375.875858,10
clean_6VFA,-8.2,-8.10,4714793.235831,468442584.043601,10
clean_6W89,-8.2,-6.83,134.398176,13353.253446,10
clean_6WV3,-8.2,-6.27,21.000985,2086.572024,10
clean_6WV7,-8.2,-2.19,3159.770213,313941.852652,10
clean_6WVH,-8.2,-1.99,6.991551,694.651961,10
clean_6Z5E,-8.2,-1.17,13910.761285,1382116.380587,10
clean_7AXH,-8.2,NA,NA,NA,0
clean_7B88,-8.2,-5.56,6.855045,681.089208,10
clean_7BG3,-8.2,-4.85,79949837.287152,7943489035.326702,10
clean_7BLE,-8.2,-7.52,3012913.593627,299350779.281844,10
clean_7BOS,-8.2,-6.32,25.776904,2561.087847,10
clean_7C7G,-8.2,-10.11,34607.484823,3438458.23278,10
clean_7MFF,-8.2,-7.83,33887.287721,3366902.392628,10
clean_7MHD,-8.2,-17.90,7245.019848,719835.557821,10
clean_7N2A,-8.2,-7.76,415.866186,41318.764341,10
clean_7NBQ,-8.2,-0.83,2775179.44685,275730486.203963,10
clean_7OKV,-8.2,NA,NA,NA,0
clean_7TS2,-8.2,-10.16,5828.391316,579085.137388,10
clean_7TS7,-8.2,-13.45,757.348827,75247.08376,10
clean_7U30,-8.2,-10.62,12402.726911,1232284.249311,10
clean_7UFJ,-8.2,-6.03,8956901.3071,889921102.251985,10
clean_7UW4,-8.2,-4.52,0.341826,33.962421,10
clean_7X8P,-8.2,-9.35,34354.044543,3413277.442553,10
clean_7XAB,-8.2,-11.65,3021159.851828,300170093.789829,10
clean_7ZT3,-8.2,-14.50,721.123778,71647.910935,10
clean_7ZT5,-8.2,-4.64,9289.756548,922992.238434,10
clean_8AX5,-8.2,-11.48,64.977849,6455.933449,10
clean_8B95,-8.2,-17.46,633764.700778,62968270.135788,10
clean_8BBS,-8.2,-4.39,1847993292.563362,183609059817.228027,10
clean_8D6H,-8.2,-7.08,2.331323,231.63077,10
clean_8F6G,-8.2,-7.62,3850.565097,382576.408707,10
clean_8GUR,-8.2,-12.88,35.796317,3556.575691,10
clean_8Q68,-8.2,1.47,0.053378,5.303373,10
clean_8QT1,-8.2,-2.96,743.283635,73849.623752,10
clean_8RDK,-8.2,7.17,1431972.868921,142274971.020941,3
clean_8UFP,-8.2,-11.39,15.841035,1573.90053,10
clean_8UFQ,-8.2,-6.65,37.63774,3739.531955,10
clean_8WRA,-8.2,3.01,395959.59577,39340926.938125,10
clean_9D8M,-8.2,-9.50,12.515313,1243.470361,10
clean_9FZI,-8.2,-5.01,173.634253,17251.589621,10
Q9HAY6,-8.2,-8.28,8.189883,813.713285,10
clean_1B0L,-8.1,-3.87,4844630897.054436,481342723347.11969,10
clean_1H43,-8.1,-9.68,144407991770.554077,14347787790023.214844,10
clean_1IAS,-8.1,-7.01,175.161785,17403.359003,10
clean_1OXN,-8.1,NA,NA,NA,0
clean_1Q92,-8.1,-10.48,1302.382192,129399.371083,10
clean_1RDT,-8.1,-3.89,0.746895,74.208388,10
clean_1YY4,-8.1,1.56,0.301589,29.964665,5
clean_1Z4Q,-8.1,-8.62,1143265.914249,113590228.103654,10
clean_1ZQ5,-8.1,-11.40,115015893.196918,11427509016.892584,10
clean_2GD5,-8.1,4.85,43224.052502,4294565.176874,1
clean_2GPU,-8.1,-7.31,0.754717,74.985584,10
clean_2H4F,-8.1,-11.81,34676.60267,3445325.499596,10
clean_2JAU,-8.1,-7.94,107779.966987,10708576.965782,10
clean_2OFW,-8.1,-4.83,640678.55408,63655202.339249,10
clean_2QYK,-8.1,-11.03,1705782.142408,169479541.230472,10
clean_2RJ5,-8.1,-2.98,7776.172291,772608.693507,10
clean_2WYA,-8.1,-9.47,587.600107,58381.544772,10
clean_2Z5X,-8.1,-11.34,1233.942398,122599.472868,10
clean_3D7D,-8.1,-6.04,172695.933108,17158362.013475,10
clean_3D7H,-8.1,-10.50,172243.396624,17113399.838109,10
clean_3DHF,-8.1,-8.56,1133261309793.52832,112596211499125.75,10
clean_3E8R,-8.1,3.20,488.707954,48556.024671,8
clean_3ECM,-8.1,-8.86,178.184345,17703.668162,10
clean_3FAL,-8.1,-5.11,3.083547,306.368659,10
clean_3HVL,-8.1,-7.85,53.810575,5346.398796,10
clean_3IAD,-8.1,-5.46,264214.04025,26251227.05584,10
clean_3MP5,-8.1,-12.49,422678.289003,41995587.084253,10
clean_3N0H,-8.1,-4.80,7489.338619,744110.072279,10
clean_3N7S,-8.1,-11.28,5548127.302814,551239250.659254,10
clean_3NXO,-8.1,-6.45,769.62642,76466.935184,10
clean_3OZ0,-8.1,-4.08,3.363545,334.188064,10
clean_3PCU,-8.1,NA,NA,NA,0
clean_3RSN,-8.1,NA,NA,NA,0
clean_3SFH,-8.1,6.34,2467.679891,245178.587225,2
clean_3SIE,-8.1,-12.36,95.736225,9511.959999,10
clean_3SJX,-8.1,-7.03,32037085.914701,3183073903.868275,10
clean_3SX5,-8.1,-4.02,10547.877013,1047993.945262,10
clean_3TWS,-8.1,-8.29,3025828.1126,300633913.098427,10
clean_3VHV,-8.1,-6.33,10.289201,1022.292942,10
clean_3ZMG,-8.1,-12.26,36320809.391887,3608687158.704307,10
clean_4AU8,-8.1,-3.84,157617.021044,15660182.94635,10
clean_4C9W,-8.1,-5.57,643.606666,63946.127571,10
clean_4EE3,-8.1,-8.17,370878.614461,36848983.1546,10
clean_4EH9,-8.1,-8.28,13.610475,1352.281169,10
clean_4EJI,-8.1,-6.25,256.972092,25531.696652,10
clean_4FA3,-8.1,-7.82,915.698511,90980.061066,10
clean_4FAM,-8.1,-5.07,217075044.501971,21567689120.507614,10
clean_4KEB,-8.1,-2.38,121925.283315,12113997.776637,10
clean_4KFO,-8.1,-5.58,7169517267.07995,712333930025.233887,10
clean_4LVA,-8.1,-1.44,83645287.947009,8310653907.616997,10
clean_4NW7,-8.1,-13.01,13182.715776,1309780.75471,10
clean_4O0Z,-8.1,-8.45,8805682272.111317,874896597048.203247,10
clean_4OC0,-8.1,-10.59,71808215.009429,7134570724.95435,10
clean_4OYW,-8.1,-8.23,7.24301,719.635879,10
clean_4PJ7,-8.1,-8.51,13317.394469,1323161.879145,3
clean_4PJH,-8.1,NA,NA,NA,0
clean_4QFD,-8.1,-7.01,63345617.151731,6293761592.953765,10
clean_4R06,-8.1,-1.50,0.125806,12.499572,2
clean_4RMI,-8.1,-6.27,9.80955,974.636818,10
clean_4UCH,-8.1,-8.54,102484.864765,10182477.252833,10
clean_4UEG,-8.1,-4.96,28339.979036,2815744.476399,10
clean_4X3P,-8.1,-0.77,112.822625,11209.594877,4
clean_4XVD,-8.1,-10.81,880485.965764,87481486.543666,10
clean_5ADR,-8.1,-9.50,19172.174401,1904868.881579,10
clean_5DY4,-8.1,-9.17,24.779056,2461.945714,10
clean_5EC9,-8.1,-0.62,1.591137,158.088883,6
clean_5FVU,-8.1,-10.13,123.662384,12286.589033,10
clean_5FWJ,-8.1,-9.58,59527.559139,5914414.955277,10
clean_5HNU,-8.1,-9.00,14337580.689752,1424523412.012704,10
clean_5ITA,-8.1,-8.08,1877.081339,186499.129214,10
clean_5JIX,-8.1,-6.93,2194.205621,218007.301599,10
clean_5JSM,-8.1,3.75,9.27617,921.642324,3
clean_5K1V,-8.1,-12.92,13053909.751867,1296983114.670578,10
clean_5L8O,-8.1,0.57,1074.334548,106741.489289,2
clean_5LIX,-8.1,-7.41,503.492715,50024.978134,10
clean_5N63,-8.1,-1.51,384.26409,38178.909303,5
clean_5NKN,-8.1,-10.10,46.320726,4602.238015,10
clean_5NR8,-8.1,-11.07,22994.821026,2284671.425107,10
clean_5NRA,-8.1,-15.45,239.246904,23770.594492,10
clean_5O1F,-8.1,-5.47,144.674981,14374.31477,10
clean_5O1V,-8.1,-1.04,3.181303,316.081223,8
clean_5O6J,-8.1,-7.10,1460.713029,145130.475814,10
clean_5OF0,-8.1,-5.57,13994383307.40181,1390424722932.729736,4
clean_5OMH,-8.1,-6.87,5.013513,498.122205,10
clean_5QIK,-8.1,-2.06,138.43745,13754.579123,10
clean_5QTZ,-8.1,-2.15,2.836179,281.791173,7
clean_5SKE,-8.1,-11.24,18106684.570776,1799006167.298298,10
clean_5VCC,-8.1,-3.62,243269.707931,24170283.807299,10
clean_5VUX,-8.1,-8.55,193.010541,19176.738453,10
clean_5VV2,-8.1,-9.98,67.017773,6658.612025,10
clean_5VV5,-8.1,-10.16,286.236947,28439.333034,10
clean_5Y7N,-8.1,-7.48,597872.017249,59402119.812806,10
clean_5YQM,-8.1,-9.25,12.641666,1256.024217,10
clean_6AD9,-8.1,NA,NA,NA,0
clean_6AZU,-8.1,-9.21,41.570647,4130.289579,10
clean_6AZV,-8.1,-11.20,1.404124,139.508049,10
clean_6FZP,-8.1,-2.11,145.652123,14471.399608,10
clean_6GG8,-8.1,-4.64,9.774384,971.142835,10
clean_6GGG,-8.1,0.61,970.404885,96415.462849,10
clean_6GJH,-8.1,-8.18,267.718606,26599.426367,10
clean_6GLG,-8.1,-8.43,87565.707375,8700170.757139,10
clean_6GLJ,-8.1,-9.49,3083792.36708,306393004.49284,10
clean_6GLT,-8.1,-8.54,147263.06813,14631456.506861,10
clean_6HHJ,-8.1,-10.62,1203.120336,119537.118766,10
clean_6L71,-8.1,-2.49,325323.360545,32322799.3341,10
clean_6LB4,-8.1,-1.57,0.34418,34.196311,9
clean_6MCQ,-8.1,-1.07,1027545.679927,102092738.631606,10
clean_6NG2,-8.1,-10.60,1128.033353,112076.783061,10
clean_6NG5,-8.1,-9.92,393.665884,39113.03316,10
clean_6NG7,-8.1,-10.12,491.822231,48865.44649,10
clean_6NG8,-8.1,-7.94,44.545642,4425.872881,10
clean_6NGB,-8.1,-10.66,43.956231,4367.311446,10
clean_6POC,-8.1,-12.57,3844.568461,381980.607503,10
clean_6SSU,-8.1,-4.22,4.434027,440.546799,10
clean_6SSW,-8.1,0.05,189.7128,18849.088346,10
clean_6W8B,-8.1,NA,NA,NA,0
clean_6WJY,-8.1,-6.42,58.426014,5804.969972,10
clean_6WNJ,-8.1,-0.47,85878.138558,8532500.817433,10
clean_7BKG,-8.1,0.66,430.141199,42737.071274,3
clean_7C7H,-8.1,-11.06,14960494.917941,1486413623.543703,10
clean_7CXF,-8.1,-1.41,0.237741,23.620992,1
clean_7FY0,-8.1,0.75,90569.297447,8998595.189447,10
clean_7OKS,-8.1,-4.94,68.562709,6812.110491,10
clean_7Q5D,-8.1,-11.00,1287.484062,127919.153749,10
clean_7S1Q,-8.1,-7.05,989525.553194,98315214.247944,10
clean_7SER,-8.1,-11.08,207494.596099,20615814.927593,10
clean_7UOH,-8.1,-12.58,370035.782707,36765242.836652,10
clean_7XVY,-8.1,-3.50,454.255466,45132.966366,7
clean_8B92,-8.1,-14.49,157595.460862,15658040.814712,10
clean_8COJ,-8.1,-5.41,4.148811,412.2089,10
clean_8DEW,-8.1,-6.27,41.344511,4107.821647,10
clean_8E9Y,-8.1,0.33,19085.665151,1896273.676177,10
clean_8FGI,-8.1,-10.16,115.925484,11517.882279,10
clean_8FGK,-8.1,-9.27,16982.865724,1687348.120365,10
clean_8FZ3,-8.1,-9.33,7536581837.73263,748803965377.076294,10
clean_8GUT,-8.1,-4.66,17.421129,1730.892194,10
clean_8OU2,-8.1,-3.74,437.782508,43496.280551,10
clean_8SVQ,-8.1,-0.99,82.316386,8178.619681,3
clean_8U7C,-8.1,-3.71,14.728754,1463.388778,4
clean_8VGY,-8.1,-9.96,3445.270207,342307.965082,10
clean_8XQO,-8.1,-1.04,20.515505,2038.336674,10
clean_9BTY,-8.1,-14.19,365048.335942,36269710.512418,10
clean_9CGR,-8.1,-8.47,2053937.432474,204070827.75549,10
clean_9D8N,-8.1,-9.63,7.248688,720.200042,10
clean_9FZJ,-8.1,-8.86,263.177601,26148.25065,10
clean_9IRX,-8.1,-5.75,123.706071,12290.929554,10
P04899,-8.1,-4.95,23175974136249332.0,2302670057639965952.0,10
P49619,-8.1,-8.15,16.935267,1682.618946,10
P85298,-8.1,-6.94,0.133648,13.278676,10
clean_1DLR,-8.0,-9.21,3233.403899,321257.794802,10
clean_1H44,-8.0,-7.70,3974593007.330892,394899314931.973755,10
clean_1LCT,-8.0,-8.84,199098784.50501,19781641405.748924,10
clean_1O6U,-8.0,-0.28,269.024321,26729.156893,10
clean_1OXQ,-8.0,NA,NA,NA,0
clean_1OY7,-8.0,4.59,306603.259284,30462846.591845,1
clean_1RW8,-8.0,-3.81,184.174485,18298.823994,10
clean_1SHJ,-8.0,10.66,2571866.069956,255530100.125746,2
clean_1TBF,-8.0,-12.89,95.439528,9482.481409,10
clean_1U3Q,-8.0,-3.84,0.137289,13.640503,10
clean_1U3R,-8.0,-4.55,0.281948,28.013163,10
clean_1U3S,-8.0,1.78,94.680172,9407.034911,4
clean_1U9E,-8.0,-0.76,0.053745,5.339898,10
clean_1UDU,-8.0,-10.02,29.286632,2909.800012,10
clean_1X76,-8.0,-4.46,1.600622,159.031306,10
clean_1X78,-8.0,-6.17,1.116902,110.970772,10
clean_1XF0,-8.0,-8.87,268108185270.892242,26638133387707.523438,10
clean_1XG5,-8.0,-11.74,21568850.455825,2142992817.922575,10
clean_1Z4P,-8.0,-3.00,21332062.752464,2119466559.593985,10
clean_2AGD,-8.0,-8.54,309458.027066,30746484.649708,10
clean_2AII,-8.0,-6.57,501214681.978859,49798642070.32766,10
clean_2AMB,-8.0,-3.40,77.884568,7738.292284,6
clean_2BJJ,-8.0,-6.13,389819681.394424,38730890142.896721,10
clean_2C2V,-8.0,NA,NA,NA,0
clean_2EWP,-8.0,-1.28,204.987142,20366.684526,8
clean_2H2D,-8.0,-6.10,29411495976.237049,2922206019765.577148,10
clean_2JBJ,-8.0,-5.67,969704163.064489,96345841945.212646,10
clean_2RCQ,-8.0,NA,NA,NA,0
clean_2W3A,-8.0,-2.06,2136.400061,212263.977444,6
clean_2WKR,-8.0,7.42,71645.19432,7118373.655643,3
clean_3CP9,-8.0,-8.46,1767.424316,175604.05565,10
clean_3EDZ,-8.0,4.91,3183.373769,316287.005514,1
clean_3F2N,-8.0,-2.81,13296.178085,1321053.905959,10
clean_3FAY,-8.0,0.88,245784.850411,24420178.083398,10
clean_3GG3,-8.0,-14.69,1436.134483,142688.451988,10
clean_3GI2,-8.0,-8.94,18.190859,1807.369378,10
clean_3IQ7,-8.0,-2.48,425.135774,42239.752789,10
clean_3KQ7,-8.0,6.48,369.340927,36696.204786,5
clean_3ROD,-8.0,-12.15,12424.231333,1234420.8408,10
clean_3S4Y,-8.0,-5.06,20346791.194114,2021574004.885434,7
clean_3SHY,-8.0,-10.30,110.638454,10992.584525,10
clean_3SJE,-8.0,-7.18,22390099328.42572,2224588749023.092773,10
clean_3SJF,-8.0,-9.20,10432667.769468,1036547225.710129,10
clean_3SMM,-8.0,-8.32,3174.514778,315406.812414,10
clean_3TWR,-8.0,-8.27,66793.843827,6636363.300672,10
clean_3TWV,-8.0,-8.08,140328851.49636,13942501085.995993,10
clean_3V0P,-8.0,-10.40,10327.322652,1026080.565425,10
clean_3ZR0,-8.0,-0.21,6799.474663,675568.009402,2
clean_4BUZ,-8.0,-8.00,3868.334037,384341.857959,10
clean_4D1N,-8.0,-10.80,102053.514956,10139620.099025,10
clean_4EEG,-8.0,-10.47,15999982.860607,1589692896.586659,10
clean_4EEJ,-8.0,-2.40,4808864.869061,477789157.000485,10
clean_4HYH,-8.0,NA,NA,NA,0
clean_4I9Z,-8.0,-14.21,6.110344,607.098769,10
clean_4J24,-8.0,-0.68,11.487608,1141.361812,10
clean_4J26,-8.0,-0.67,1145.198897,113782.281331,3
clean_4J3M,-8.0,-15.04,7417172.758306,736939967.333667,10
clean_4JII,-8.0,-12.30,550037.516986,54649479.391683,10
clean_4KAK,-8.0,0.38,5013.955943,498166.167838,10
clean_4KFJ,-8.0,-4.07,185751.977858,18455557.252784,10
clean_4L41,-8.0,-11.75,536762794.872439,53330557263.381966,10
clean_4L6C,-8.0,-14.44,106358.280924,10567324.049703,10
clean_4M6K,-8.0,-7.36,2433.284893,241761.240828,10
clean_4MNF,-8.0,0.84,1217914.947144,121007050.881788,10
clean_4NGM,-8.0,-5.30,866611929.572962,86103019018.306259,10
clean_4O12,-8.0,-7.31,6587247974.040042,654482033113.203125,10
clean_4OC2,-8.0,-5.81,1362404.589447,135362951.135023,10
clean_4OC3,-8.0,-8.70,53885198.512224,5353813066.697032,10
clean_4P45,-8.0,-16.08,24865515.742784,2470536005.609734,10
clean_4QJO,-8.0,-3.98,419055487.537075,41635640338.934952,10
clean_4R8M,-8.0,-9.99,156831.289253,15582115.847294,10
clean_4RUN,-8.0,5.90,1592.967109,158270.700596,1
clean_4TWE,-8.0,-8.23,6640.848251,659807.53749,10
clean_4WHZ,-8.0,-1.37,7600.712716,755175.747346,10
clean_4XHD,-8.0,-6.33,47.584835,4727.834709,10
clean_4XT2,-8.0,-9.39,0.307217,30.523867,10
clean_4YVV,-8.0,-9.62,1131.414887,112412.758445,10
clean_4ZG7,-8.0,-7.30,3.784532,376.015661,10
clean_4ZI1,-8.0,-1.94,0.049042,4.872596,10
clean_4ZZJ,-8.0,-6.38,21765352.947794,2162516502.314373,10
clean_5ADI,-8.0,-11.49,13.530717,1344.356697,10
clean_5ADQ,-8.0,-9.74,158441405.76861,15742090442.840147,10
clean_5ADS,-8.0,-5.86,26402.266242,2623221.253647,10
clean_5BMY,-8.0,-7.86,5793.386506,575607.202629,10
clean_5BV6,-8.0,1.68,538611.851341,53514271.955976,4
clean_5CXY,-8.0,-1.49,4886967295678.884766,485549094863057.125,5
clean_5E8X,-8.0,-7.38,71413.757121,7095379.001513,10
clean_5E8Z,-8.0,-2.15,290.631048,28875.912943,10
clean_5E90,-8.0,-2.24,1366.881579,135807.766482,10
clean_5FSI,-8.0,1.05,2168.365044,215439.887477,2
clean_5FSO,-8.0,-3.67,495576.439442,49238449.338405,10
clean_5FTO,-8.0,-12.45,348.109916,34586.778304,10
clean_5H2U,-8.0,-7.48,16158.819228,1605474.228842,10
clean_5H6Y,-8.0,-7.65,156068.200886,15506298.506238,10
clean_5HIE,-8.0,-2.08,33.721855,3350.465641,10
clean_5ICP,-8.0,-7.24,4236.540468,420925.343904,10
clean_5IUI,-8.0,-7.23,10543851.224243,1047593959.310611,10
clean_5IXD,-8.0,-5.94,5214.000228,518041.750295,10
clean_5KCV,-8.0,-9.15,235000.431852,23348682.337038,10
clean_5LX9,-8.0,-7.63,1.563132,155.306424,10
clean_5M96,-8.0,-3.00,0.05626,5.589804,3
clean_5MK4,-8.0,5.12,24559.434871,2440125.061255,2
clean_5N65,-8.0,-3.33,1554.277821,154426.69115,10
clean_5NRF,-8.0,-11.63,45108.335793,4481779.862667,10
clean_5SDB,-8.0,-3.92,8988.743158,893084.778387,10
clean_5SF4,-8.0,-13.92,1214687.526684,120686387.577063,10
clean_5SKO,-8.0,-4.73,13.877819,1378.843351,4
clean_5SKS,-8.0,-10.23,1163141.96218,115565030.982118,10
clean_5U17,-8.0,-9.27,134786.863189,13391871.780859,5
clean_5U2V,-8.0,-7.50,52666.978845,5232775.740062,2
clean_5UAN,-8.0,-2.78,19.259806,1913.575619,10
clean_5UC3,-8.0,-3.04,34.265889,3404.518679,10
clean_5VUY,-8.0,-10.58,24600.62168,2444217.214344,10
clean_5X73,-8.0,-8.53,1.124364,111.712189,10
clean_5Y3O,-8.0,-6.68,225370.896954,22391931.110543,10
clean_5ZKP,-8.0,-11.13,268.567992,26683.817946,10
clean_5ZTY,-8.0,-14.30,0.603448,59.956176,10
clean_6AUZ,-8.0,-10.00,37.669861,3742.723384,10
clean_6AV0,-8.0,-10.68,40.379655,4011.957504,10
clean_6BD7,-8.0,-5.49,465074.162637,46207867.794081,10
clean_6BG2,-8.0,-8.14,85529.070607,8497818.852714,10
clean_6EQ3,-8.0,-6.16,473036.980649,46999020.843414,5
clean_6F0A,-8.0,-2.26,11503.491784,1142939.922768,7
clean_6GXK,-8.0,-11.12,212926608.148995,21155517441.342556,10
clean_6HHF,-8.0,-10.34,13922.993979,1383331.771113,10
clean_6HL1,-8.0,-6.60,20.872704,2073.826535,10
clean_6JAT,-8.0,-9.21,80268502.209772,7975150279.485115,10
clean_6JVT,-8.0,-7.80,137890.964122,13700282.561426,10
clean_6KPF,-8.0,-7.79,17686.360965,1757244.53188,10
clean_6LB6,-8.0,-1.95,15.820152,1571.82568,10
clean_6NJH,-8.0,-9.17,4.219476,419.229886,10
clean_6NJI,-8.0,-10.27,0.011598,1.15231,10
clean_6PNA,-8.0,-11.06,146.014034,14507.357576,10
clean_6PNG,-8.0,-8.43,14.057678,1396.713392,10
clean_6POA,-8.0,-1.93,9248525.658422,918895705.775486,10
clean_6PXR,-8.0,-8.98,5.874432,583.659583,10
clean_6S1H,-8.0,-8.47,47285.457942,4698089.820242,10
clean_6SKH,-8.0,-8.75,4683835517999.458984,465366751740487.125,10
clean_6T8P,-8.0,-9.20,29727.225417,2953575.606487,10
clean_6VFB,-8.0,-7.84,1958020.650982,194540928.409344,10
clean_6X5Y,-8.0,0.72,297.197539,29528.332643,10
clean_7AXK,-8.0,-6.50,181.166117,17999.924825,10
clean_7BOT,-8.0,-1.60,94589.474155,9398023.514512,10
clean_7E7B,-8.0,1.85,1.363897,135.511238,5
clean_7JVG,-8.0,-9.65,1478064.757001,146854472.618491,10
clean_7JZ5,-8.0,-9.98,1606.020411,159567.62337,10
clean_7KTL,-8.0,-8.27,230932.531437,22944512.379457,10
clean_7LHN,-8.0,-10.46,178.608697,17745.830048,10
clean_7LHO,-8.0,-3.86,90.021275,8944.145887,8
clean_7NH4,-8.0,-11.59,275.857908,27408.11419,10
clean_7OKT,-8.0,-5.13,174.161713,17303.995895,10
clean_7PRM,-8.0,-1.82,1623.491866,161303.51577,10
clean_7R3Z,-8.0,-10.75,29750.988823,2955936.641303,4
clean_7RKL,-8.0,-14.61,467.980098,46496.589656,10
clean_7RRB,-8.0,-1.36,24.093061,2393.788106,10
clean_7US8,-8.0,-11.47,689.217213,68477.805116,10
clean_7UY1,-8.0,-9.12,52657.945176,5231878.191634,10
clean_7VQ2,-8.0,-8.56,1.750653,173.937729,10
clean_7X3M,-8.0,-2.00,1262229.311167,125409944.954714,10
clean_7XWR,-8.0,-2.31,0.385125,38.264439,9
clean_8A0T,-8.0,-12.11,110.03023,10932.153863,10
clean_8BPC,-8.0,-7.84,5116169.360013,508321675.104503,10
clean_8C8C,-8.0,-4.39,76.281295,7578.997669,10
clean_8DB2,-8.0,1.55,10555.145051,1048716.067768,7
clean_8ELL,-8.0,-8.45,254076.575629,25244010.008353,10
clean_8FGJ,-8.0,-10.31,110.215477,10950.559288,10
clean_8ID9,-8.0,-1.36,21.899657,2175.860433,10
clean_8IVU,-8.0,-1.92,589390491.665191,58559430099.31089,10
clean_8QT0,-8.0,11.78,1983820.409526,197104286.960963,1
clean_8QT2,-8.0,-2.37,2042.084615,202893.18028,10
clean_8QT3,-8.0,-5.47,3532.124863,350937.488716,10
clean_8RCE,-8.0,-3.66,7.479811,743.163448,7
clean_8SRX,-8.0,1.59,271.599695,26985.035476,3
clean_8XMM,-8.0,-10.07,1.770312,175.890964,10
clean_9CJ4,-8.0,2.38,476.708135,47363.771701,10
clean_9CK0,-8.0,-13.34,741.156174,73638.247932,10
O00519,-8.0,-4.00,15.23932,1514.116548,10
O75072,-8.0,-11.15,134792.508187,13392432.644761,10
Q96SL1,-8.0,-0.60,62416.347099,6201433.11895,10
Q9NY47,-8.0,-9.83,41771342.204074,4150229819.695498,10
A6NJ78,-7.9,0.58,194406.550322,19315440.196943,7
clean_1DRF,-7.9,-5.42,95.686832,9507.052517,10
clean_1EH3,-7.9,-1.65,1815257080.624543,180356523609.303436,10
clean_1KMV,-7.9,-10.59,41.560666,4129.297868,10
clean_1MH9,-7.9,-6.60,4035568.442764,400957584.957569,10
clean_1MVC,-7.9,-6.18,1.068246,106.136551,10
clean_1ROR,-7.9,-8.49,5825160.735485,578764160.146385,10
clean_1S3W,-7.9,-4.06,1065.805683,105894.096147,10
clean_1X7J,-7.9,-2.07,0.321333,31.926333,9
clean_1XMI,-7.9,-5.88,2351.199433,233605.565018,10
clean_1XP0,-7.9,-11.54,201.617007,20031.841735,10
clean_1Y0S,-7.9,-4.62,51535.214925,5120328.303146,10
clean_1YYE,-7.9,-3.90,0.075624,7.513706,10
clean_2CFT,-7.9,0.84,15104220.535366,1500693613.407968,10
clean_2E4A,-7.9,-6.50,7916.266489,786527.880347,10
clean_2ELA,-7.9,-7.78,225671.425313,22421790.379863,10
clean_2J60,-7.9,-4.06,1607465.841116,159711235.405136,10
clean_2JLP,-7.9,1.07,21854721236.735783,2171395770207.904541,10
clean_2O9I,-7.9,-10.70,305.000495,30303.602511,10
clean_2OOT,-7.9,-10.66,924904526.005071,91894733126.942505,10
clean_2P7G,-7.9,9.53,1.235284,122.732793,1
clean_2PLA,-7.9,-4.68,8099176.002837,804701022.000139,8
clean_2PNR,-7.9,-3.25,290.90977,28903.605647,1
clean_2RCT,-7.9,-5.39,40.003476,3974.581834,10
clean_2XEF,-7.9,-6.75,200874545.3178,19958073741.628513,10
clean_2XKW,-7.9,-10.76,1509.495282,149977.28109,10
clean_2YCQ,-7.9,-9.87,87493.337383,8692980.37055,10
clean_2ZEJ,-7.9,NA,NA,NA,0
clean_2ZY0,-7.9,-3.03,8.330122,827.6469,10
clean_3A7E,-7.9,-7.27,14186.449522,1409507.636921,10
clean_3BJC,-7.9,-12.83,156.188831,15518.283815,10
clean_3D5Q,-7.9,-8.45,11.115222,1104.363006,10
clean_3DQV,-7.9,-8.23,0.474475,47.141895,10
clean_3E7V,-7.9,-1.48,233116841.980199,23161536546.582466,10
clean_3EIG,-7.9,-3.89,23160670.938419,2301149594.455858,10
clean_3FZT,-7.9,-6.13,70675.121017,7021991.137377,10
clean_3GCP,-7.9,-0.14,9849.494636,978605.526956,10
clean_3HC5,-7.9,-3.36,10.823036,1075.332576,10
clean_3KCF,-7.9,-13.56,147.903536,14695.09076,10
clean_3MVH,-7.9,-10.16,1716921.859181,170586337.955003,10
clean_3NAX,-7.9,0.20,86.809457,8625.032828,7
clean_3NXR,-7.9,0.71,12.776841,1269.45465,5
clean_3O56,-7.9,-7.34,3894385.810364,386930255.690845,10
clean_3O64,-7.9,1.91,2739.405284,272176.11161,2
clean_3O96,-7.9,-11.57,4228454.586264,420121963.747443,10
clean_3OLS,-7.9,-4.47,27837.885152,2765858.480412,10
clean_3P89,-7.9,-7.17,15.070703,1497.363448,10
clean_3Q27,-7.9,-9.18,976689.303184,97039856.915507,10
clean_3Q93,-7.9,0.19,46735.043449,4643402.886111,6
clean_3QZS,-7.9,-7.40,30061.930135,2986830.499089,10
clean_3R9A,-7.9,-3.94,3563.005899,354005.702195,10
clean_3RUU,-7.9,-3.56,11.03393,1096.286207,10
clean_3S32,-7.9,NA,NA,NA,0
clean_3SX7,-7.9,-14.99,7550.229193,750159.910842,10
clean_3TGG,-7.9,-6.94,674.378582,67003.499354,10
clean_3TV6,-7.9,-7.58,786821.013761,78175319.771139,10
clean_3U9Y,-7.9,-7.16,26134721711.538357,2596639122745.043457,10
clean_3UVV,-7.9,1.46,1.61532,160.491567,10
clean_3V9H,-7.9,NA,NA,NA,0
clean_3VKK,-7.9,2.68,128.381167,12755.427981,8
clean_3VN2,-7.9,-1.93,32.161841,3195.469083,10
clean_3ZR1,-7.9,1.63,117389.536423,11663344.505491,2
clean_4BFP,-7.9,-9.43,5410690.792962,537584120.816561,10
clean_4BHG,-7.9,-4.72,13140490.480251,1305585421.941366,3
clean_4C02,-7.9,-2.10,444808.029962,44194307.689948,10
clean_4DJN,-7.9,-7.33,32742.552069,3253166.137348,10
clean_4GHI,-7.9,3.89,0.091036,9.044989,1
clean_4H1M,-7.9,-4.74,2.81307,279.495162,10
clean_4IA0,-7.9,-13.84,156.001702,15499.691452,10
clean_4L3O,-7.9,-6.32,60147681.162634,5976027744.74298,10
clean_4LQG,-7.9,-1.78,31518565.978958,3131555882.51967,10
clean_4MCP,-7.9,-7.80,260791.960627,25911223.212348,10
clean_4MWO,-7.9,-7.66,71297.294129,7083807.714639,10
clean_4NGP,-7.9,-5.41,378923319.597538,37648272173.986542,10
clean_4OC1,-7.9,-12.96,1545921.138153,153596405.284612,10
clean_4OC5,-7.9,-10.19,667198.611923,66290126.884901,10
clean_4P4I,-7.9,-4.93,864323.982306,85875697.929923,10
clean_4PJA,-7.9,-6.10,211.802979,21043.878265,3
clean_4PJE,-7.9,-5.57,7123.604394,707772.214637,1
clean_4QZT,-7.9,-6.33,41.038641,4077.431648,10
clean_4QZU,-7.9,-3.37,1.398445,138.94377,10
clean_4USW,-7.9,-0.34,9772.374952,970943.230351,10
clean_4UVS,-7.9,NA,NA,NA,1
clean_4UVU,-7.9,-10.17,345906.659708,34367871.804013,5
clean_4V3E,-7.9,-10.97,70.876951,7042.044185,10
clean_4X0U,-7.9,-4.77,492.895686,48972.100614,10
clean_4X2J,-7.9,-9.07,928.630068,92264.887756,10
clean_4X3R,-7.9,-4.30,8357848419.157154,830401655953.918823,10
clean_4Y63,-7.9,-9.74,48158.117435,4784793.700518,10
clean_4Z1H,-7.9,-3.08,118.407863,11764.521311,10
clean_4ZGU,-7.9,-10.73,112154.584897,11143221.119858,10
clean_4ZR2,-7.9,-3.75,83076.392715,8254130.802728,10
clean_5C1G,-7.9,-5.33,9685.177517,962279.649648,10
clean_5D7J,-7.9,-5.68,181425.094723,18025655.830748,3
clean_5DOT,-7.9,-7.18,264583.327684,26287917.945815,10
clean_5FE1,-7.9,-8.95,331981.796875,32984354.351289,10
clean_5FSL,-7.9,-5.45,91777.634935,9118650.663103,10
clean_5GHP,-7.9,1.59,4565033.244485,453563043.45218,9
clean_5HSU,-7.9,-6.90,1542.614164,153267.837816,10
clean_5HYN,-7.9,-5.72,4722.623591,469220.576166,10
clean_5HZI,-7.9,2.66,575124432.108938,57142012734.777618,10
clean_5K6J,-7.9,-10.14,15115967.959619,1501860789.463767,10
clean_5L0S,-7.9,-1.88,3958792676988.640625,393329458693524.5625,10
clean_5L7G,-7.9,-2.75,858.583058,85305.303143,10
clean_5LYQ,-7.9,0.94,1321.977702,131346.30086,10
clean_5ML3,-7.9,-5.08,1.70575,169.47633,10
clean_5NNE,-7.9,-7.86,1233.768431,122582.188278,10
clean_5O5R,-7.9,-7.26,3856156.093369,383131907.275389,10
clean_5O5U,-7.9,-7.03,65230689767.063492,6481054702718.380859,10
clean_5Q0L,-7.9,-10.92,23818.837551,2366542.338784,10
clean_5Q1E,-7.9,-6.84,33.81697,3359.915887,10
clean_5QIL,-7.9,-3.08,484.742034,48161.987064,10
clean_5SEA,-7.9,-10.68,18602028.884658,1848221553.589797,10
clean_5SF3,-7.9,-10.01,1482052.028061,147250631.572901,10
clean_5SJQ,-7.9,-11.37,40252.87099,3999360.726635,10
clean_5U1R,-7.9,-3.71,2.758724,274.095545,1
clean_5U3R,-7.9,-4.42,573.024014,56933.323804,10
clean_5U3S,-7.9,-10.74,113303.005732,11257323.519857,10
clean_5VXZ,-7.9,-3.55,3689258.980072,366549692.295506,10
clean_5XTE,-7.9,-9.12,48.602762,4828.971797,10
clean_5YJF,-7.9,-4.45,1340.168637,133153.677819,10
clean_5ZJ9,-7.9,-5.62,666184.10802,66189329.923906,7
clean_6AV2,-7.9,-10.58,1649.265334,163864.262122,10
clean_6BOJ,-7.9,-11.11,0.697324,69.283236,10
clean_6C6K,-7.9,NA,NA,NA,0
clean_6CHH,-7.9,-12.48,1107.819698,110068.436907,10
clean_6D6T,-7.9,-10.58,348.475153,34623.066775,10
clean_6D8X,-7.9,-7.42,1.322567,131.404837,10
clean_6DAV,-7.9,-4.11,851270.02955,84578710.542552,10
clean_6DK0,-7.9,1.18,642.912951,63877.202925,10
clean_6E43,-7.9,-8.84,833.663551,82829.402807,10
clean_6EA4,-7.9,-10.08,51030.139861,5070146.10922,10
clean_6G2N,-7.9,-5.05,127044125.831745,12622585045.702259,10
clean_6G38,-7.9,-6.88,5495.850194,546045.210764,10
clean_6H7Z,-7.9,-8.08,12052384621.661139,1197475671499.4646,10
clean_6HTY,-7.9,-6.86,372.265538,36986.782194,10
clean_6I63,-7.9,NA,NA,NA,0
clean_6I64,-7.9,NA,NA,NA,0
clean_6IE1,-7.9,-6.48,15761558.025393,1566003979.528995,10
clean_6IM5,-7.9,-1.15,0.030401,3.020472,10
clean_6IMR,-7.9,-6.89,131955246.339677,13110533905.007763,10
clean_6JVS,-7.9,1.51,0.499939,49.671912,10
clean_6K0T,-7.9,-7.21,337.451597,33527.811352,6
clean_6KE0,-7.9,-12.92,2909.22938,289049.139678,10
clean_6L65,-7.9,-3.42,275159613.900935,27338734513.44783,10
clean_6L6E,-7.9,-3.70,639.511593,63539.257844,10
clean_6LZZ,-7.9,-8.48,664039.451083,65976245.57705,10
clean_6NJJ,-7.9,-10.63,0.017504,1.739137,10
clean_6O4K,-7.9,0.59,21243.682324,2110685.441475,3
clean_6P1R,-7.9,-7.98,234816463.374933,23330403981.106297,10
clean_6PNE,-7.9,-11.25,1491.749055,148214.088575,10
clean_6T1S,-7.9,-1.32,3898.568731,387345.853595,6
clean_6T4K,-7.9,NA,NA,NA,0
clean_6UEL,-7.9,-7.35,511775.538295,50847925.586055,10
clean_6VR6,-7.9,NA,NA,NA,0
clean_6WAU,-7.9,-16.11,212889.241328,21151804.826793,10
clean_6WBW,-7.9,NA,NA,NA,0
clean_6WH4,-7.9,-3.96,35.411689,3518.360669,10
clean_6WV5,-7.9,-7.24,10.247103,1018.110245,10
clean_6X3T,-7.9,-3.63,4865.412597,483407.508109,10
clean_6X3V,-7.9,-8.38,18898.356989,1877663.502762,10
clean_6XEB,-7.9,-6.47,15037464.254801,1494060982.239524,10
clean_6YA6,-7.9,-8.25,3788837.752502,376443432.092741,10
clean_6YZ4,-7.9,-5.73,3.799137,377.466734,10
clean_6Z1W,-7.9,-0.99,2.053607,204.037973,7
clean_6ZE8,-7.9,-11.25,1915.675236,190333.661056,10
clean_7AVQ,-7.9,-7.41,2929599.595981,291073041.024328,10
clean_7D2S,-7.9,NA,NA,NA,0
clean_7ESE,-7.9,-5.24,18706.706508,1858621.894417,10
clean_7ET7,-7.9,-9.79,5818.465573,578098.956154,10
clean_7F5E,-7.9,-9.54,29210.066045,2902192.765186,10
clean_7JWD,-7.9,-3.09,81580617.115446,8105516653.201121,10
clean_7KTC,-7.9,-8.15,4430906.738167,440236782.030811,10
clean_7MRU,-7.9,-7.81,2302.182244,228735.417523,10
clean_7NH5,-7.9,-10.55,77.184293,7668.715905,10
clean_7ORF,-7.9,-5.99,113.636226,11290.430888,10
clean_7PAC,-7.9,-12.62,1889.487375,187731.742191,10
clean_7PAD,-7.9,NA,NA,NA,0
clean_7RWP,-7.9,-5.50,908352.7612,90250217.431821,10
clean_7RZJ,-7.9,1.09,157918705.371791,15690157067.966877,10
clean_7S1N,-7.9,0.15,305918.680589,30394829.650922,10
clean_7S8C,-7.9,-2.51,683.375692,67897.415466,10
clean_7SCE,-7.9,NA,NA,NA,0
clean_7SES,-7.9,-11.60,6658846.130138,661595733.243344,10
clean_7UKC,-7.9,-3.42,4.53866,450.942697,10
clean_7UW2,-7.9,-1.31,1.016868,101.031857,10
clean_7VUE,-7.9,-5.95,0.555415,55.183787,10
clean_7VUG,-7.9,-12.16,126849790.739426,12603276705.280325,10
clean_7W2P,-7.9,-0.11,1024680.448773,101808060.975853,7
clean_7W7W,-7.9,5.24,40.440841,4018.036624,5
clean_7WMT,-7.9,-8.00,11111.16851,1103960.285944,10
clean_7WQS,-7.9,-3.25,656074791.704715,65184909577.022385,10
clean_7X3L,-7.9,-8.97,24275742.754392,2411938572.199121,10
clean_7XVF,-7.9,-8.29,6.361109,632.013741,10
clean_7XVZ,-7.9,NA,NA,NA,0
clean_7ZJP,-7.9,0.02,81.572406,8104.700785,9
clean_7ZUY,-7.9,-4.88,491992811.665242,48882394730.657532,10
clean_8AG2,-7.9,-5.72,7026.187002,698093.220775,10
clean_8B8X,-7.9,1.19,545146.850353,54163562.745833,10
clean_8BEM,-7.9,-10.89,3488.323311,346585.545524,10
clean_8C3P,-7.9,-7.72,117.660646,11690.280844,10
clean_8CCY,-7.9,-9.91,13252.690014,1316733.109031,10
clean_8D6N,-7.9,-1.93,46.290125,4599.197593,10
clean_8IEO,-7.9,6.87,151530624.11256,15055463425.536781,5
clean_8JT9,-7.9,-13.95,1149.373012,114197.004412,10
clean_8QP9,-7.9,-5.15,20.264797,2013.42742,10
clean_8QTU,-7.9,-8.39,45408.900091,4511642.70273,10
clean_8QW6,-7.9,-17.25,1599.789408,158948.536422,10
clean_8SVU,-7.9,-9.81,860.848214,85530.359758,10
clean_8TOR,-7.9,-13.05,378231.077763,37579493.854839,10
clean_8V8U,-7.9,-7.19,10096.172139,1003114.395352,10
clean_8VME,-7.9,-2.04,79370.193378,7885897.985814,10
clean_8W4A,-7.9,0.61,4498636.055395,446966090.144864,10
clean_8XQL,-7.9,9.49,5.087784,505.501443,2
clean_9BFJ,-7.9,-11.31,199126.241852,19784369.455468,10
clean_9CHT,-7.9,8.33,52909.01035,5256823.001074,1
O15321,-7.9,-0.87,80.673208,8015.360197,10
O43593,-7.9,NA,NA,NA,0
P0DTE4,-7.9,1.69,9.883988,982.032612,10
P36897,-7.9,-4.59,33.41181,3319.660828,10
Q15392,-7.9,-7.98,1920.464525,190809.505211,10
Q9H2A9,-7.9,-4.96,151879.638929,15090140.111132,10
Q9UF12,-7.9,0.99,7315.696874,726857.738216,10
Q9Y6L6,-7.9,-2.62,3612.801976,358953.236895,10
clean_1B8M,-7.8,-2.18,15076414.926313,1497930961.748786,3
clean_1BND,-7.8,-2.08,2438259866.07244,242255533827.53479,2
clean_1HFR,-7.8,-5.96,58977.42278,5859755.655348,10
clean_1MKD,-7.8,-9.25,4684665.508465,465449216.200498,10
clean_1N0W,-7.8,NA,NA,NA,0
clean_1NST,-7.8,7.94,10560980.159739,1049295820.326422,3
clean_1OR2,-7.8,-5.46,1857.155465,184519.375868,10
clean_1Q20,-7.8,-7.72,385799789.758986,38331490141.4356,10
clean_1RO9,-7.8,-8.07,3606343.996539,358311598.449364,10
clean_1T8T,-7.8,-2.17,2772.898147,275503.82557,10
clean_1UHL,-7.8,0.00,556.306327,55272.322746,10
clean_1UNG,-7.8,-2.43,785666.305985,78060592.726458,10
clean_1X7B,-7.8,-3.58,0.221369,21.994323,10
clean_1XOZ,-7.8,-5.92,618.534991,61455.108435,10
clean_1Y2J,-7.8,-9.44,16469573.862485,1636349539.064989,10
clean_2AE7,-7.8,-8.45,116090.322618,11534259.93241,10
clean_2AES,-7.8,-10.39,113187697.56966,11245866972.17651,10
clean_2AH9,-7.8,-12.39,10529322.046412,1046150399.589854,10
clean_2BXR,-7.8,-4.43,20.412697,2028.122175,10
clean_2C3K,-7.8,-4.16,2562151.990325,254564948.88028,10
clean_2CIJ,-7.8,-13.26,242758.934801,24119535.47686,10
clean_2ELB,-7.8,-6.65,379.654887,37720.957686,10
clean_2FV5,-7.8,-5.33,17146.344126,1703590.666119,7
clean_2H42,-7.8,-11.01,5918.720244,588059.850523,10
clean_2I0G,-7.8,-7.61,0.046344,4.604581,10
clean_2J14,-7.8,-4.69,0.002791,0.277273,10
clean_2JJ3,-7.8,0.37,2.243353,222.890403,10
clean_2NV7,-7.8,-3.47,3.650955,362.743991,10
clean_2OAX,-7.8,-8.16,11.558808,1148.435929,10
clean_2P1T,-7.8,0.78,162.738438,16169.025989,10
clean_2P1U,-7.8,3.11,3.014462,299.504592,10
clean_2P1V,-7.8,-4.30,5.871342,583.352554,10
clean_2P2I,-7.8,-4.07,3904.155992,387900.980999,10
clean_2PG5,-7.8,-0.70,31.202877,3100.19031,10
clean_2PNU,-7.8,-3.35,0.84386,83.842492,10
clean_2PX6,-7.8,-10.08,37371.607808,3713090.194204,10
clean_2XEG,-7.8,-7.52,8326823.429257,827319139.773069,10
clean_2XEI,-7.8,-7.50,10659688885.560984,1059103115849.053223,10
clean_2XEJ,-7.8,-6.39,618634474.440838,61464992692.181381,10
clean_2Y74,-7.8,-14.44,232994.74842,23149405.829476,10
clean_2YIS,-7.8,-4.53,1275284.329069,126707038.170731,10
clean_2YIT,-7.8,-0.17,894925.6621,88916155.748927,10
clean_2Z4B,-7.8,-8.25,0.091101,9.051431,10
clean_2ZDU,-7.8,-9.51,3178.185339,315771.504306,10
clean_2ZXZ,-7.8,-3.47,7341.909683,729462.135857,10
clean_3ADX,-7.8,-5.46,2268.123814,225351.511164,10
clean_3B3K,-7.8,-6.01,1.60025,158.994291,10
clean_3BUV,-7.8,-1.42,266886.427797,26516744.559079,10
clean_3BV7,-7.8,-3.25,927328.499265,92135569.201962,10
clean_3BWM,-7.8,-11.88,23955398.85686,2380110511.956277,10
clean_3BZU,-7.8,-3.80,2243.163855,222871.591608,10
clean_3C4C,-7.8,0.28,3719457.296323,369550073.561648,10
clean_3CMF,-7.8,-4.18,19737.467937,1961034.136727,10
clean_3EQR,-7.8,-13.15,4374.513739,434633.804093,10
clean_3FEE,-7.8,-10.18,170399.220051,16930169.991994,10
clean_3GHC,-7.8,-1.66,4317.556712,428974.786725,10
clean_3GP0,-7.8,-0.18,131.518368,13067.127461,9
clean_3GYF,-7.8,-0.24,3211.859111,319117.19274,10
clean_3HC8,-7.8,-7.56,32.222127,3201.458799,10
clean_3HMM,-7.8,-4.65,91.725418,9113.462602,10
clean_3HV4,-7.8,-1.31,35.336944,3510.934328,10
clean_3IPU,-7.8,-2.68,72545.549693,7207829.285188,10
clean_3IWW,-7.8,-10.23,70329950.984845,6987696453.923322,10
clean_3L6R,-7.8,3.20,2571316474.48789,255475494566.538757,2
clean_3LAW,-7.8,-5.82,52543.142413,5220471.858348,10
clean_3MFU,-7.8,-3.65,4909997.816563,487837313.280115,10
clean_3NXT,-7.8,-0.17,593.918596,59009.324003,10
clean_3O0J,-7.8,-11.11,1397059.048547,138806076.539995,10
clean_3O57,-7.8,-7.68,413337.936786,41067567.866976,10
clean_3PTZ,-7.8,-5.70,52531781.075076,5219343042.279186,10
clean_3Q26,-7.8,-7.55,5771.930771,573475.448461,10
clean_3QZT,-7.8,-5.70,2987.943902,296869.892754,7
clean_3R8H,-7.8,-7.34,477005453.857787,47393312120.214516,10
clean_3RHK,-7.8,-2.97,220323.152893,21890407.893484,10
clean_3SKC,-7.8,-11.47,3770.016221,374573.401677,10
clean_3SMN,-7.8,-0.49,66.157714,6573.159998,6
clean_3TG5,-7.8,-7.62,10946818.191724,1087631110.059118,10
clean_3TGE,-7.8,-2.05,10.23514,1016.921693,10
clean_3UZW,-7.8,-14.52,2651.505082,263442.706806,10
clean_3UZX,-7.8,-6.29,1922493456.552008,191011091589.329712,10
clean_3UZZ,-7.8,-5.66,1405700.801078,139664685.748037,10
clean_3V0M,-7.8,-6.90,2544.223472,252783.644604,10
clean_3W6O,-7.8,-3.52,1261967626.193754,125383945005.455063,10
clean_4BKJ,-7.8,-7.05,27.548314,2737.08783,10
clean_4CLP,-7.8,NA,NA,NA,0
clean_4CWD,-7.8,-2.02,25157.118904,2499508.503753,2
clean_4E8A,-7.8,-3.03,12.037506,1195.99739,10
clean_4EE4,-7.8,-10.43,79476.585352,7896468.657515,10
clean_4EEA,-7.8,-12.93,7624423.220204,757531526.084991,10
clean_4EFG,-7.8,-7.47,106.963352,10627.441458,10
clean_4G2W,-7.8,-9.28,14884.582458,1478871.271781,10
clean_4GQG,-7.8,-6.13,424900988.588682,42216425429.749619,8
clean_4IHL,-7.8,-5.89,23107.300243,2295846.900354,10
clean_4J22,-7.8,-14.34,3050110.084701,303046470.593117,10
clean_4KC2,-7.8,-6.22,2478869907.88762,246290381587.442383,10
clean_4L8M,-7.8,-3.60,3.142361,312.212149,4
clean_4LSJ,-7.8,1.89,342.816195,34060.815866,10
clean_4MCR,-7.8,-4.27,96381589.683184,9576080788.081392,10
clean_4MJH,-7.8,-5.26,11575590.785417,1150103384.840315,10
clean_4MPG,-7.8,-5.91,376724.352789,37429791.820227,10
clean_4MPM,-7.8,-5.78,0.317446,31.540145,10
clean_4NGN,-7.8,-7.49,50142344.447091,4981938385.821455,10
clean_4NGS,-7.8,-8.09,851891397789.30542,84640447150927.859375,10
clean_4NY9,-7.8,-9.63,21.087085,2095.126536,10
clean_4PF3,-7.8,-7.85,8.291915,823.850785,10
clean_4QIZ,-7.8,1.21,10702.880699,1063394.477871,10
clean_4QK4,-7.8,1.49,11.977375,1190.022999,10
clean_4R3C,-7.8,-12.37,697443.313591,69295116.81652,10
clean_4RMG,-7.8,-10.80,2071.756477,205841.255194,10
clean_4UAL,-7.8,-5.71,26503.333626,2633262.895834,10
clean_4UFU,-7.8,NA,NA,NA,0
clean_4V3U,-7.8,-4.56,141.390079,14047.940293,10
clean_4X2K,-7.8,-9.07,928.630068,92264.887756,10
clean_4Y64,-7.8,-9.96,433.054571,43026.532001,10
clean_4YPE,-7.8,-4.14,23829854.605245,2367636948.281973,10
clean_4ZJS,-7.8,3.75,86330.778078,8577473.230003,2
clean_5ADT,-7.8,-5.55,179004.004055,17785106.158317,10
clean_5ANS,-7.8,-0.93,1433.287433,142405.580691,10
clean_5BVW,-7.8,-6.35,611627.828109,60768840.95257,10
clean_5C5Q,-7.8,-10.90,4213336.336607,418619876.257828,10
clean_5CBX,-7.8,-14.39,322314392.919091,32023840610.019867,10
clean_5D29,-7.8,-8.94,54719980.69012,5436753611.693824,10
clean_5D7P,-7.8,-5.41,18219.401023,1810205.21323,6
clean_5DGO,-7.8,-8.31,10008.627515,994416.319307,10
clean_5DH5,-7.8,-4.34,1727.847106,171671.825772,10
clean_5J1S,-7.8,-6.65,946.876316,94077.760379,10
clean_5K00,-7.8,-4.41,2373.651371,235836.297821,10
clean_5K6S,-7.8,-10.90,9342.995035,928281.796895,10
clean_5KHX,-7.8,-10.86,31826.897763,3162190.468291,10
clean_5KKN,-7.8,0.34,158.489122,15746.831371,10
clean_5L7H,-7.8,-9.16,89781.04047,8920277.19826,10
clean_5LIU,-7.8,-16.46,821.105555,81581.691671,10
clean_5LSA,-7.8,-8.15,77918.145486,7741628.44254,10
clean_5M7A,-7.8,-7.72,46631.509107,4633116.137122,10
clean_5MMW,-7.8,-3.74,187.366238,18615.943585,10
clean_5NK3,-7.8,-2.43,106.840429,10615.228343,10
clean_5NSD,-7.8,-1.74,5571220998.340927,553533745850.59729,10
clean_5O5T,-7.8,-7.50,22594082.425667,2244855675.777539,10
clean_5OPB,-7.8,-10.00,638412.643852,63430070.760944,10
clean_5Q12,-7.8,-5.13,16.60824,1650.126871,10
clean_5SB0,-7.8,-6.77,33434.822452,3321947.292876,10
clean_5SEW,-7.8,-12.13,328440.163873,32632472.172743,10
clean_5SFU,-7.8,2.62,2263551.546826,224897229.353035,9
clean_5SH8,-7.8,-13.48,478555.714575,47547339.688367,10
clean_5SHK,-7.8,-14.81,484585.262697,48146410.943786,10
clean_5SI7,-7.8,-10.87,5962171.559683,592376995.602582,10
clean_5SKJ,-7.8,-9.72,5125.521561,509250.871554,8
clean_5SKK,-7.8,-8.92,10792210.333172,1072269905.198024,10
clean_5SKV,-7.8,0.57,765324.501806,76039514.210968,6
clean_5TBE,-7.8,-7.00,253.880078,25224.486856,10
clean_5TF5,-7.8,-9.28,111.604176,11088.534699,10
clean_5TUD,-7.8,-13.25,4.894454,486.292916,10
clean_5U09,-7.8,-6.09,72.513627,7204.657588,10
clean_5U3V,-7.8,-5.91,2192345.445181,217822482.150892,10
clean_5UAP,-7.8,-4.01,4.527138,449.797945,10
clean_5UB5,-7.8,-0.48,532895334320.286926,52946302191289.140625,10
clean_5UNG,-7.8,-0.95,248.980848,24737.719324,6
clean_5VR8,-7.8,-8.31,161165.904122,16012785.462759,10
clean_5VV1,-7.8,-10.09,167.755267,16667.477583,10
clean_5YF2,-7.8,-9.27,16446.302051,1634037.346953,10
clean_6A6K,-7.8,-5.86,5.948254,590.994174,10
clean_6BD6,-7.8,-11.11,1320.413166,131190.854973,10
clean_6BTH,-7.8,-5.65,5081.815994,504908.465084,10
clean_6BTI,-7.8,-6.24,508.773255,50549.631032,10
clean_6E42,-7.8,-4.07,355.727371,35343.617554,10
clean_6F2U,-7.8,-5.11,7360356.440334,731294930.218526,10
clean_6F78,-7.8,-6.04,257588.501238,25592940.581759,10
clean_6F7B,-7.8,-9.55,96246.171707,9562626.211533,10
clean_6F8T,-7.8,-12.27,25185.155154,2502294.070994,10
clean_6FNF,-7.8,-6.11,18556.954334,1843743.130447,10
clean_6FNJ,-7.8,-4.17,5.066638,503.400442,10
clean_6FXT,-7.8,-12.64,2912.313537,289355.568879,10
clean_6FXY,-7.8,-19.48,152380.59026,15139912.587643,10
clean_6FZJ,-7.8,6.77,6464.868884,642322.946936,3
clean_6G35,-7.8,-2.91,714650.072721,71004710.070422,10
clean_6GLH,-7.8,-7.35,5712.505643,567571.210686,10
clean_6IPG,-7.8,-9.05,758075.15702,75319248.944953,10
clean_6JJR,-7.8,-16.00,28702.342441,2851747.423201,10
clean_6KK0,-7.8,-11.75,6743848.037263,670041175.287232,10
clean_6KXX,-7.8,-3.07,106.205355,10552.129991,2
clean_6LZG,-7.8,-5.83,64585.784783,6416979.579587,4
clean_6NGA,-7.8,-11.24,88523.161986,8795299.533653,10
clean_6NR0,-7.8,-12.16,534065.389393,53062554.080683,10
clean_6ODH,-7.8,-2.94,12151.896957,1207362.810336,10
clean_6PP9,-7.8,-7.35,73171.823925,7270053.333042,10
clean_6Q7B,-7.8,-6.06,1736475.838206,172529141.383479,10
clean_6S17,-7.8,-9.14,6352.237787,631132.381497,10
clean_6TL9,-7.8,-0.42,1853378.675584,184144129.461192,10
clean_6TLT,-7.8,NA,NA,NA,0
clean_6VCJ,-7.8,-7.80,33886.093733,3366783.762847,10
clean_6VF8,-7.8,-5.63,12992217.29255,1290853604.082774,10
clean_6VPQ,-7.8,2.24,15688.075843,1558703.090205,10
clean_6WCW,-7.8,-5.10,1184046.153608,117641985.995881,10
clean_6WPE,-7.8,-1.90,3186.667658,316614.272882,8
clean_6WV6,-7.8,4.12,19.774942,1964.757398,10
clean_6X2H,-7.8,-3.11,0.01455,1.445602,10
clean_6YX0,-7.8,NA,NA,NA,0
clean_6Z56,-7.8,3.15,342666.229618,34045915.915593,1
clean_6Z57,-7.8,-5.48,106026934.107581,10534402784.434752,10
clean_6Z5B,-7.8,3.07,11183.374738,1111134.401522,1
clean_6ZQS,-7.8,0.03,5758.370241,572128.129661,10
clean_7AX9,-7.8,-6.53,824.061276,81875.360013,10
clean_7BKN,-7.8,-11.59,17131539.789113,1702119767.727772,10
clean_7D3E,-7.8,-11.24,37922852.647118,3767859628.14088,10
clean_7LCI,-7.8,-5.11,2.892409,287.37795,10
clean_7M0X,-7.8,-8.49,1129297.113986,112202345.207476,10
clean_7M2E,-7.8,-5.68,2072709.887373,205935982.141255,10
clean_7MSR,-7.8,-5.58,2983867880.866479,296464915987.206726,10
clean_7MSS,-7.8,-6.86,51520612.558149,5118877471.621017,10
clean_7QK9,-7.8,-12.77,80088.194424,7957235.634903,10
clean_7RIU,-7.8,-3.81,2553.743141,253729.479996,10
clean_7RRC,-7.8,2.78,555181.11208,55160525.97565,10
clean_7RRD,-7.8,-2.31,1.542857,153.291925,10
clean_7RUU,-7.8,-3.28,339.00454,33682.105423,10
clean_7RUV,-7.8,-4.57,510.58909,50730.044973,10
clean_7RWN,-7.8,-6.30,145752.574131,14481379.997355,10
clean_7RWQ,-7.8,-9.34,45998.639722,4570236.82186,10
clean_7UAM,-7.8,-6.19,26639.509382,2646792.762391,10
clean_7UDP,-7.8,-7.29,98.597354,9796.230067,10
clean_7UDQ,-7.8,-6.49,7604.9047,755592.245746,10
clean_7URD,-7.8,0.15,54788.378877,5443549.37597,9
clean_7URE,-7.8,-5.60,17.518663,1740.582713,10
clean_7VFS,-7.8,4.74,62.81095,6240.639279,1
clean_7VWE,-7.8,1.33,54.31082,5396.101054,7
clean_7WQM,-7.8,-6.93,24331360.474642,2417464521.543959,10
clean_7XN5,-7.8,-7.52,5277844490.974516,524385055264.556396,10
clean_7YM8,-7.8,-6.56,161.532523,16049.211234,10
clean_7ZL7,-7.8,1.14,25710.015469,2554442.046516,10
clean_8A5V,-7.8,-12.90,48.453056,4814.097571,10
clean_8A5W,-7.8,-6.71,99340.549306,9870070.92136,10
clean_8C2Z,-7.8,-9.73,157.965379,15694.794406,10
clean_8D6L,-7.8,-10.37,42.290964,4201.857364,10
clean_8ES8,-7.8,-5.80,542.767912,53927.201188,10
clean_8FAV,-7.8,NA,NA,NA,0
clean_8FGF,-7.8,-11.37,2441.20313,242547.964541,10
clean_8FOB,-7.8,-9.89,1.272791,126.459278,10
clean_8FUR,-7.8,-8.44,1659.597915,164890.865159,10
clean_8I0C,-7.8,-10.27,595784191.860317,59194682016.243935,10
clean_8I5B,-7.8,-5.31,180.784994,17962.058046,10
clean_8JEW,-7.8,-4.27,19366.237904,1924150.23805,10
clean_8JP1,-7.8,-8.69,27366635.741999,2719037065.323536,10
clean_8KHM,-7.8,-9.61,339176.804513,33699220.900323,10
clean_8ONE,-7.8,-6.11,189150.114641,18793182.233578,10
clean_8OWG,-7.8,-3.73,19672.270315,1954556.367415,10
clean_8OX4,-7.8,-11.94,4376529.163661,434834048.498003,10
clean_8OX5,-7.8,-10.15,82.227356,8169.773991,10
clean_8R41,-7.8,-11.13,13141.874161,1305722.898762,10
clean_8R58,-7.8,-6.92,511.374133,50808.043638,10
clean_8UVY,-7.8,-12.51,18781.410557,1866044.183334,10
clean_8UW7,-7.8,-10.63,1544587.479016,153463898.364134,10
clean_8XQJ,-7.8,-6.31,1320113725.295355,131161103738.144562,3
O76074,-7.8,-10.05,264986.769787,26328002.304114,10
O94823,-7.8,5.07,1176.16187,116858.635795,10
O95674,-7.8,NA,NA,NA,0
P50747,-7.8,-5.97,1743193.081095,173196539.179927,10
Q15067,-7.8,-13.11,74838.957285,7435692.889164,10
Q6H9L7,-7.8,NA,NA,NA,0
Q6ZQW0,-7.8,-10.28,0.699462,69.495685,10
Q8N6C5,-7.8,-4.51,770751.331236,76578701.800841,10
Q9BZF3,-7.8,-4.26,303.058594,30110.663169,10
Q9H9B1,-7.8,-9.75,127685031.566235,12686262819.758358,10
Q9HAW8,-7.8,-0.97,310330667.454928,30833186631.762936,10
Q9ULP9,-7.8,-7.59,0.71495,71.034513,10
Q9Y2W3,-7.8,-6.19,363103.73798,36076503.207477,10
clean_1ISG,-7.7,-14.21,6658.732456,661584.439029,10
clean_1LFG,-7.7,-7.63,1452113452.719037,144276057101.841064,10
clean_1MX1,-7.7,-3.37,1.640452,162.988613,10
clean_1RXD,-7.7,-10.10,12131.046161,1205291.160551,10
clean_1UNL,-7.7,-8.88,71203.155593,7074454.494506,10
clean_1VKG,-7.7,-3.96,9193.354658,913414.140717,10
clean_1W0G,-7.7,-8.49,33.54171,3332.567217,10
clean_1XM2,-7.7,-4.09,748426.305711,74360578.518903,10
clean_1XM6,-7.7,-16.99,23092.210106,2294347.605984,10
clean_1XOT,-7.7,-1.67,9402.760756,934219.874607,10
clean_1XOX,-7.7,-15.11,162907007.86987,16185774414.329483,10
clean_1Z70,-7.7,-6.04,83967099.559206,8342627793.989578,10
clean_1ZZ2,-7.7,-9.23,34990.580725,3476521.075685,10
clean_2A5U,-7.7,-5.81,64402802.27948,6398799185.968775,10
clean_2AEC,-7.7,-13.36,134418288.430779,13355251699.416037,10
clean_2C2S,-7.7,-1.72,820.8864,81559.917333,10
clean_2C2T,-7.7,-7.50,2240.003438,222557.585544,10
clean_2D4Q,-7.7,-4.10,267.503849,26578.089008,10
clean_2DHF,-7.7,-6.23,82.048064,8151.960235,10
clean_2E9M,-7.7,-5.84,2.965839,294.67366,10
clean_2G56,-7.7,-5.53,1019.862545,101329.373713,10
clean_2GPP,-7.7,NA,NA,NA,0
clean_2IWZ,-7.7,-14.06,28027.590221,2784706.800657,10
clean_2JAM,-7.7,-11.19,11718.334401,1164285.80703,10
clean_2Q3G,-7.7,NA,NA,NA,0
clean_2Q61,-7.7,-7.78,15162.921246,1506525.876117,10
clean_2QTU,-7.7,-6.74,0.115927,11.518018,10
clean_2QYN,-7.7,-7.28,13.601773,1351.41654,3
clean_2R2N,-7.7,-11.35,75601.010656,7511407.397272,10
clean_2VWX,-7.7,-1.19,168.827528,16774.013079,10
clean_2W7X,-7.7,-6.06,5734.956164,569801.802599,10
clean_2WOU,-7.7,-9.71,2313.298949,229839.927849,10
clean_2Y73,-7.7,-10.14,32792399.617542,3258118786.013591,10
clean_2YJD,-7.7,-2.85,2.776392,275.850913,10
clean_2Z0N,-7.7,-7.60,28411.101359,2822810.899755,10
clean_2ZK3,-7.7,-7.89,29.286479,2909.784845,10
clean_3B2R,-7.7,-11.36,297.617082,29570.016798,10
clean_3BEA,-7.7,-4.74,265.349026,26363.99458,10
clean_3BI1,-7.7,-5.31,21638598.431475,2149922691.686108,10
clean_3C5U,-7.7,-2.20,26.086976,2591.895328,6
clean_3CAV,-7.7,-5.71,151833387.977538,15085544805.603943,10
clean_3CUK,-7.7,-8.02,2428548.33201,241290635.49934,10
clean_3DC1,-7.7,-6.49,283758.842524,28193118.719841,10
clean_3DCT,-7.7,NA,NA,NA,0
clean_3DCU,-7.7,0.22,55.968896,5560.840734,7
clean_3E94,-7.7,-4.54,2.218286,220.399853,10
clean_3EE5,-7.7,-3.88,9458228.323521,939730905.413347,10
clean_3EQP,-7.7,5.08,3622.760299,359942.655172,1
clean_3F7G,-7.7,9.84,18188.115854,1807096.846761,2
clean_3F91,-7.7,-9.14,456.933653,45399.059997,10
clean_3G1R,-7.7,-7.89,1102611.720795,109550993.617386,10
clean_3GC8,-7.7,-1.92,22438.017798,2229349.732267,4
clean_3GHV,-7.7,-9.33,1006.195333,99971.455418,10
clean_3IOJ,-7.7,0.01,13230.059042,1314484.588132,10
clean_3JWQ,-7.7,-9.52,512.004557,50870.679932,10
clean_3KWY,-7.7,-1.82,0.533386,52.995093,10
clean_3LJT,-7.7,-9.29,3416813.23,339480596.199072,10
clean_3MP4,-7.7,-7.33,801760383.001722,79659634433.764786,10
clean_3MQM,-7.7,-8.66,70.388179,6993.481711,10
clean_3NNX,-7.7,4.53,12.177945,1209.95088,3
clean_3NZD,-7.7,-1.15,1795.196175,178363.354001,10
clean_3OEF,-7.7,-0.25,26.945525,2677.197271,10
clean_3OQ1,-7.7,-3.42,46.966046,4666.354358,10
clean_3P0Q,-7.7,-1.51,2955682847.781509,293664566307.111267,10
clean_3P88,-7.7,-5.28,3.993136,396.741638,10
clean_3QC4,-7.7,-5.42,792062.693372,78696111.631739,10
clean_3QFV,-7.7,-9.18,652.444831,64824.251485,10
clean_3RIN,-7.7,-14.26,5263.564314,522966.235245,10
clean_3RUT,-7.7,-3.97,4.854027,482.276259,10
clean_3S95,-7.7,2.35,6877.502682,683320.554446,10
clean_3SPR,-7.7,-4.28,3542.963485,352014.369937,10
clean_3U5N,-7.7,-13.36,669.718817,66540.524154,10
clean_3U8D,-7.7,-6.22,1645.809687,163520.923247,10
clean_3UQR,-7.7,-7.65,24995085.50424,2483409527.487396,10
clean_3UZY,-7.7,-9.98,3150426.413519,313013490.978201,10
clean_3W4I,-7.7,-7.99,708888943.668614,70432307836.614868,10
clean_4AF3,-7.7,-1.32,132.89218,13203.62381,10
clean_4BGM,-7.7,-2.45,701452.732605,69693476.301106,2
clean_4EEM,-7.7,-11.87,4939027.171439,490721551.322193,10
clean_4EGC,-7.7,-8.05,11805.575456,1172953.721649,10
clean_4EH4,-7.7,-3.94,26895.951712,2672271.824036,10
clean_4F9C,-7.7,-7.75,177782.537092,17663746.19364,10
clean_4FGY,-7.7,-2.14,108.145014,10744.846564,10
clean_4FRD,-7.7,0.65,104053519.674553,10338332392.763847,10
clean_4FRL,-7.7,-8.09,12959.081174,1287561.33483,10
clean_4FRQ,-7.7,-7.46,40056.799142,3979879.829266,10
clean_4G6L,-7.7,4.74,75940.661267,7545153.693618,3
clean_4H1J,-7.7,-7.69,1084.671035,107768.480409,10
clean_4HEE,-7.7,-13.00,0.736439,73.169537,10
clean_4I91,-7.7,-2.33,0.113796,11.306269,3
clean_4IFP,-7.7,-14.51,6745.92753,670247.785201,10
clean_4IJW,-7.7,-3.03,82.362612,8183.212477,10
clean_4IVD,-7.7,-7.86,59657839.408044,5927359070.250795,10
clean_4JIH,-7.7,4.29,556325.527766,55274230.440429,3
clean_4KBN,-7.7,0.17,1178.681048,117108.931069,10
clean_4KC1,-7.7,-9.33,209327.413655,20797916.188278,10
clean_4KU7,-7.7,-2.86,1717217.827476,170615744.155055,10
clean_4L57,-7.7,-8.13,398496.282799,39592961.792606,10
clean_4NM3,-7.7,-6.71,2345602.080751,233049435.019667,10
clean_4NW5,-7.7,-5.86,1373667210.021347,136481959078.932358,10
clean_4NW6,-7.7,-6.18,1492586.440031,148297287.6865,10
clean_4OBQ,-7.7,-2.35,353.59339,35131.593879,7
clean_4OME,-7.7,-10.01,50703775.266709,5037719857.192217,10
clean_4OMK,-7.7,-2.47,697.392113,69290.02969,10
clean_4OTH,-7.7,0.81,17879808.477049,1776464685.988893,10
clean_4OYM,-7.7,-7.51,3322.408717,330100.949633,10
clean_4OZ2,-7.7,-3.51,168.147714,16706.469556,10
clean_4P4J,-7.7,-1.59,656372133.291779,65214452221.71965,10
clean_4PJ5,-7.7,-12.22,1622.272451,161182.359604,10
clean_4PJD,-7.7,1.29,1.050357,104.359212,2
clean_4PJF,-7.7,NA,NA,NA,4
clean_4PM0,-7.7,NA,NA,NA,0
clean_4PRG,-7.7,-5.02,13.326409,1324.057525,10
clean_4QPM,-7.7,-12.25,221393.199357,21996723.336282,10
clean_4QXK,-7.7,-0.90,24175.492668,2401978.133341,7
clean_4RME,-7.7,0.95,0.261707,26.002109,10
clean_4RSU,-7.7,-9.56,37319.976014,3707960.270135,10
clean_4RWV,-7.7,-2.51,274.009791,27224.492826,10
clean_4RXO,-7.7,-8.97,196.008616,19474.614925,10
clean_4UFY,-7.7,NA,NA,NA,0
clean_4V3D,-7.7,-10.10,1165.417451,115791.114291,10
clean_4W4W,-7.7,-4.61,7582.724709,753388.532451,10
clean_4W5I,-7.7,NA,NA,NA,0
clean_4X2F,-7.7,-6.38,61109.149076,6071555.26658,10
clean_4XMO,-7.7,-2.59,34315818.392315,3409479448.451835,10
clean_4XZM,-7.7,-8.47,160978.932121,15994208.688977,10
clean_4Y6Q,-7.7,-5.46,9.480037,941.897679,10
clean_4Z1F,-7.7,-7.86,808.43711,80323.006739,10
clean_4ZS2,-7.7,-15.60,22752.935355,2260638.653559,10
clean_5A86,-7.7,-6.10,76.734468,7624.023056,10
clean_5AL5,-7.7,NA,NA,NA,0
clean_5B3X,-7.7,-10.49,19885.208529,1975713.03806,10
clean_5C2E,-7.7,-0.43,191931375.472642,19069516941.30727,5
clean_5C4T,-7.7,0.67,13.487743,1340.087008,7
clean_5C4U,-7.7,-0.95,0.372829,37.042807,5
clean_5D5M,-7.7,NA,NA,NA,0
clean_5DCZ,-7.7,-1.46,4177234343.412357,415032929782.066223,3
clean_5FTQ,-7.7,-9.65,832.97009,82760.503318,10
clean_5HCV,-7.7,-7.18,0.504715,50.146398,10
clean_5HT5,-7.7,-9.26,91.008826,9042.264934,10
clean_5I9Y,-7.7,-3.13,6102.739381,606343.239783,10
clean_5IDN,-7.7,-5.50,330.257118,32812.997348,10
clean_5IUG,-7.7,-6.42,2117.625175,210398.581486,10
clean_5IUH,-7.7,-5.42,80115.198392,7959918.638763,10
clean_5J1T,-7.7,-4.57,10802.954655,1073337.417095,10
clean_5J6S,-7.7,-6.15,3160.391342,314003.565498,10
clean_5JAX,-7.7,-8.05,40067803.872296,3980973214.317598,10
clean_5L0R,-7.7,-7.20,2391122.611081,237572168.846615,10
clean_5L0T,-7.7,-5.56,735615.950587,73087793.996487,10
clean_5LWE,-7.7,-4.85,209.912021,20856.000389,10
clean_5MJ5,-7.7,0.13,76.25889,7576.771632,2
clean_5MJY,-7.7,-6.98,115810.927789,11506500.404212,10
clean_5MQV,-7.7,NA,NA,NA,0
clean_5NGS,-7.7,1.79,3283308.028118,326216065.046896,4
clean_5NNG,-7.7,-4.01,19639.965878,1951346.730685,8
clean_5NTP,-7.7,NA,NA,NA,0
clean_5O8V,-7.7,-7.86,39626.763011,3937153.197154,10
clean_5PGU,-7.7,-3.76,350.762452,34850.323445,10
clean_5Q0W,-7.7,-5.74,14.351202,1425.876728,10
clean_5Q1G,-7.7,-6.19,2.810943,279.283823,10
clean_5SAZ,-7.7,3.86,36.826435,3658.924024,10
clean_5SD6,-7.7,-3.69,1862.671712,185067.447573,10
clean_5SD7,-7.7,-0.66,14425.626816,1433271.315224,10
clean_5SD8,-7.7,13.24,13218.332223,1313319.459368,1
clean_5SD9,-7.7,-2.92,1299.01397,129064.718294,10
clean_5SDY,-7.7,-3.39,642.001969,63786.691437,10
clean_5SE1,-7.7,-5.20,16711.24509,1660361.004428,10
clean_5SEE,-7.7,-1.57,61189.741203,6079562.570949,10
clean_5SF2,-7.7,-4.93,127.206454,12638.713341,10
clean_5SFG,-7.7,-3.36,7396.766188,734912.453913,10
clean_5SHW,-7.7,-11.34,58372.175972,5799620.806475,10
clean_5SI2,-7.7,-5.75,18751.927931,1863114.910149,10
clean_5SW9,-7.7,-4.11,4313.236137,428545.512125,10
clean_5U3T,-7.7,-8.90,937.803522,93176.324632,10
clean_5UFR,-7.7,-3.60,58.855935,5847.685134,10
clean_5VCE,-7.7,-6.84,701.036117,69652.083122,10
clean_5VX3,-7.7,-9.09,265833.145659,26412094.751208,10
clean_5WBG,-7.7,-0.92,262.011146,26032.356476,10
clean_5X02,-7.7,-7.28,3052.160858,303250.227052,10
clean_5Y0Z,-7.7,-2.03,865.195004,85962.239116,10
clean_5Y86,-7.7,-2.74,670331.196748,66601367.708622,9
clean_5Z0S,-7.7,-3.27,35829574.875006,3559880105.043823,10
clean_5ZXI,-7.7,-6.21,5.126435,509.341638,10
clean_6A3N,-7.7,-9.95,60383.390291,5999446.840251,10
clean_6A7E,-7.7,-2.95,28631.778924,2844736.520557,10
clean_6AVI,-7.7,-12.18,3532.399051,350964.730944,10
clean_6BKG,-7.7,-10.07,29341.580429,2915259.496777,3
clean_6C7J,-7.7,3.16,113.78893,11305.60301,4
clean_6CZ3,-7.7,-8.27,262347.24701,26065750.110126,10
clean_6D94,-7.7,4.27,20.360193,2022.905603,5
clean_6DPQ,-7.7,4.09,116.707249,11595.55525,5
clean_6F22,-7.7,1.66,35281.928041,3505468.15418,7
clean_6FAD,-7.7,-8.87,3420786.729465,339875386.864183,10
clean_6FXR,-7.7,-12.59,20919.764514,2078502.291914,10
clean_6GE4,-7.7,-1.28,0.507578,50.430873,9
clean_6GLI,-7.7,-6.72,2154.357034,214048.108906,10
clean_6GX1,-7.7,-8.25,320740.414165,31867456.514666,10
clean_6H7Y,-7.7,-6.67,3286969.327277,326579836.765668,10
clean_6HEX,-7.7,0.19,827.688492,82235.745364,10
clean_6HK3,-7.7,-4.48,3700.344006,367651.055191,10
clean_6HKJ,-7.7,-6.79,11580134815.846741,1150554861129.978271,10
clean_6KXY,-7.7,2.44,357.426543,35512.440274,2
clean_6L66,-7.7,-6.63,5.950402,591.20762,10
clean_6LU6,-7.7,-14.50,758.484766,75359.945973,10
clean_6MCP,-7.7,-6.30,123908777.883394,12311069689.38942,10
clean_6N2E,-7.7,-10.24,10927446.104272,1085706378.633998,10
clean_6NX1,-7.7,-11.84,32.71372,3250.301523,10
clean_6O67,-7.7,-5.01,235827.533925,23430859.818158,10
clean_6P2B,-7.7,-8.12,7.283973,723.705775,10
clean_6PNH,-7.7,-4.25,1875.503356,186342.347268,10
clean_6PNM,-7.7,4.21,689.165809,68472.697801,10
clean_6POT,-7.7,-11.46,26064.939799,2589705.877132,10
clean_6PXU,-7.7,-17.63,231.651205,23015.916864,10
clean_6QVO,-7.7,-12.70,773445.684545,76846401.732311,10
clean_6R7D,-7.7,-4.46,4027.465962,400152.555571,10
clean_6RTI,-7.7,-2.03,2152015.105982,213815424.499594,10
clean_6SEO,-7.7,-2.21,46969.987747,4666745.991202,10
clean_6SGP,-7.7,-8.17,19675925.460261,1954919527.754972,10
clean_6SHH,-7.7,-8.10,513596192.695674,51028818365.328148,10
clean_6SK3,-7.7,-7.82,1841.547472,182968.629423,10
clean_6T4J,-7.7,NA,NA,NA,0
clean_6U6Z,-7.7,-9.45,883.545082,87785.42781,10
clean_6U9M,-7.7,-13.14,2652873.420472,263578659.352876,10
clean_6W9U,-7.7,-7.66,3225.277543,320450.393258,1
clean_6XDS,-7.7,-6.07,9117.620787,905889.532803,10
clean_6XFP,-7.7,-5.21,3752.805412,372863.405995,5
clean_6YG2,-7.7,-2.58,9.086258,902.773464,10
clean_6YLC,-7.7,-6.49,59453237.828703,5907030693.643065,10
clean_6YXD,-7.7,-6.75,3.010372,299.098256,10
clean_6Z5A,-7.7,-9.71,6740.735972,669731.973233,10
clean_6Z5D,-7.7,-6.24,129.695103,12885.97529,10
clean_7AH6,-7.7,0.60,6.637483,659.473168,10
clean_7AK1,-7.7,-1.90,75.541794,7505.523859,10
clean_7B5F,-7.7,NA,NA,NA,0
clean_7BFZ,-7.7,-5.87,4987.380226,495525.713198,10
clean_7C05,-7.7,-1.85,776.99004,77198.554394,10
clean_7C7C,-7.7,-5.01,808.29047,80308.437204,4
clean_7DEJ,-7.7,-8.06,5879.322396,584145.441331,10
clean_7EKH,-7.7,-7.87,769.590715,76463.387704,10
clean_7F80,-7.7,-4.87,5.910129,587.206279,10
clean_7JS8,-7.7,-3.27,2331625.642788,231660793.272773,10
clean_7KDZ,-7.7,-15.52,136.696412,13581.596753,10
clean_7KSI,-7.7,NA,NA,NA,0
clean_7KSJ,-7.7,NA,NA,NA,1
clean_7KSZ,-7.7,-5.27,395066852.834027,39252227649.154068,10
clean_7KTK,-7.7,-3.98,1312913.038482,130445672.929456,10
clean_7KTN,-7.7,-9.32,45073.219917,4478290.892739,10
clean_7LEL,-7.7,-6.43,250.696538,24908.183252,10
clean_7LTL,-7.7,2.33,3463418.116585,344111067.231215,6
clean_7LV3,-7.7,NA,NA,NA,2
clean_7MFZ,-7.7,-6.80,112894.860299,11216771.857915,10
clean_7OPO,-7.7,-1.28,338493898.335547,33631370133.951519,10
clean_7P7P,-7.7,-11.87,13116.088389,1303160.929896,10
clean_7QGP,-7.7,-0.59,58985.559845,5860564.120787,4
clean_7QGW,-7.7,-1.64,946627879.165495,94053076702.059372,10
clean_7QWK,-7.7,-7.53,143059.793976,14213836.367983,10
clean_7S1R,-7.7,-12.01,2844506491.459646,282618537979.89386,10
clean_7S88,-7.7,-4.70,15.362224,1526.327756,10
clean_7SOK,-7.7,-3.57,698321.115521,69382331.628193,10
clean_7SQM,-7.7,-1.58,6511.826073,646988.421353,10
clean_7T4V,-7.7,4.03,625095.540242,62106937.780378,2
clean_7U8X,-7.7,-5.35,44.673065,4438.533129,10
clean_7U9U,-7.7,-7.01,2027990.782725,201492874.694215,10
clean_7URA,-7.7,-6.14,88.562153,8799.17356,10
clean_7VP9,-7.7,-7.76,0.036172,3.593914,10
clean_7VYK,-7.7,-2.44,49.277838,4896.04451,10
clean_7Y21,-7.7,-2.80,2950.843569,293183.755333,10
clean_7ZPG,-7.7,-1.22,61282341.355545,6088762943.550675,2
clean_8A44,-7.7,-7.17,21264788460042.898438,2112782460884853.25,10
clean_8AW1,-7.7,-8.79,3651567.397486,362804810.715341,10
clean_8BO8,-7.7,-7.60,16923101.424869,1681410183.855016,10
clean_8BOC,-7.7,-2.41,11373.95474,1130069.651536,10
clean_8BOM,-7.7,6.67,57392.310949,5702265.422948,2
clean_8C3Q,-7.7,-1.87,389429.092771,38692082.853802,10
clean_8CF9,-7.7,-5.59,4.558256,452.889647,10
clean_8CGP,-7.7,-13.33,14667.183489,1457271.398908,10
clean_8CTB,-7.7,-9.59,513175781.460255,50987048023.421333,10
clean_8EQZ,-7.7,-3.95,23968.714377,2381433.487588,10
clean_8FGH,-7.7,-10.77,10539.745106,1047185.9922,10
clean_8FPE,-7.7,3.96,3620.87348,359755.188541,10
clean_8GG1,-7.7,-8.94,994857.512487,98844975.928677,10
clean_8GG7,-7.7,-5.44,6242979.722389,620276946.836725,10
clean_8HKN,-7.7,-11.60,35697.039272,3546711.909282,10
clean_8HN9,-7.7,-7.01,3257519.649118,323653837.120298,10
clean_8HUM,-7.7,-0.70,25.557144,2539.2534,4
clean_8JPE,-7.7,-9.92,23.999065,2384.448994,10
clean_8PK8,-7.7,-9.04,12348784.42258,1226924744.175114,10
clean_8PM3,-7.7,-6.61,155.165522,15416.611999,10
clean_8QLS,-7.7,-4.36,122860.763695,12206943.283411,10
clean_8SC9,-7.7,-17.16,106.443364,10575.777566,10
clean_8SVO,-7.7,-5.07,976.080666,96979.385257,10
clean_8SVX,-7.7,6.41,5816.848053,577938.245955,10
clean_8TGP,-7.7,1.23,36.454517,3621.971792,8
clean_8TRT,-7.7,-15.36,517613.154253,51427927.246205,10
clean_8V8V,-7.7,-7.10,599446.236527,59558527.805558,10
clean_8VKJ,-7.7,-0.40,19184.72778,1906116.134035,10
clean_8W50,-7.7,-3.27,3610325.106331,358707145.245325,8
clean_8W9B,-7.7,-6.53,2.551366,253.493312,10
clean_8WFE,-7.7,-14.19,182.932225,18175.398183,10
clean_8WPN,-7.7,-5.03,2198.277984,218411.91499,10
clean_8ZFN,-7.7,-11.78,4886.652978,485517.865495,10
clean_9AVM,-7.7,-3.16,251.921587,25029.899098,10
clean_9B4Q,-7.7,-5.85,98099772305.437149,9746792390301.859375,10
clean_9CUJ,-7.7,-10.27,1.404705,139.565795,10
clean_9DF1,-7.7,-11.72,67.66059,6722.479643,10
clean_9IJY,-7.7,-3.02,681.800677,67740.928363,10
O95450,-7.7,-4.82,3652.346339,362882.203123,10
P36639,-7.7,-2.25,378.500123,37606.225074,10
P40261,-7.7,NA,NA,NA,1
P50416,-7.7,-10.56,82.964537,8243.017308,10
Q08J23,-7.7,-8.68,14474.442528,1438121.444808,10
Q58F21,-7.7,-7.27,336.679535,33451.102372,10
Q8TF76,-7.7,-8.80,45650.329884,4535630.180126,10
Q8WTX9,-7.7,-5.62,244.804462,24322.770652,8
Q8WWX8,-7.7,-7.64,424126609752.731934,42139486313907.90625,10
Q9H5Y7,-7.7,-6.58,1685962.69163,167510361.613727,10
clean_1HSE,-7.6,-6.89,10693839.611972,1062496192.433056,10
clean_1MVT,-7.6,-13.26,40.353954,4009.403898,10
clean_1MZN,-7.6,-0.46,81.957627,8142.974771,10
clean_1N76,-7.6,-4.99,14025204.093799,1393486950.288181,10
clean_1PD8,-7.6,-7.47,270.167134,26842.702153,10
clean_1Q22,-7.6,-7.37,16761.902913,1665394.15862,10
clean_1R42,-7.6,7.03,4930.668601,489891.077913,2
clean_1RY0,-7.6,-5.69,158945107.897291,15792136227.447283,10
clean_1S2A,-7.6,-6.39,151086.927297,15011379.523547,10
clean_1S3U,-7.6,-10.19,5053.170701,502062.385848,10
clean_1U72,-7.6,-7.97,29201.16805,2901308.696735,10
clean_1VJY,-7.6,-5.43,1493.596317,148397.624966,10
clean_1WBW,-7.6,7.60,44.511232,4422.454101,1
clean_1Y8O,-7.6,-1.45,4923.822462,489210.873522,10
clean_1Z6T,-7.6,-5.03,1096172.326643,108911201.735732,10
clean_1ZEO,-7.6,-7.10,741.365908,73659.086232,10
clean_1ZYS,-7.6,-8.11,98044.841272,9741334.66738,10
clean_2AMA,-7.6,-5.45,3.667334,364.371361,10
clean_2B1P,-7.6,-0.85,6749.746357,670627.208236,10
clean_2B2T,-7.6,-9.37,3930.921223,390560.264914,10
clean_2BBW,-7.6,-4.85,2307993.239952,229312774.325173,10
clean_2C9H,-7.6,-7.06,3181027.090661,316053849.17776,10
clean_2CHM,-7.6,-7.58,102.752909,10209.109074,10
clean_2E82,-7.6,NA,NA,NA,1
clean_2E9V,-7.6,-5.14,7902.455185,785155.645643,10
clean_2F38,-7.6,-6.48,73002.20202,7253200.393864,10
clean_2G0G,-7.6,-6.80,1.202448,119.470287,10
clean_2HCT,-7.6,-4.09,5161676694.677201,512843097864.048584,10
clean_2J4Z,-7.6,-2.54,610579.222559,60664655.791269,10
clean_2OPG,-7.6,-6.98,4138086.334439,411143343.629259,10
clean_2Q12,-7.6,-1.95,122270.060968,12148253.474938,10
clean_2QLR,-7.6,-5.08,84449.701383,8390577.138531,10
clean_2QQI,-7.6,-9.13,86679.592943,8612130.049196,10
clean_2R9S,-7.6,-9.75,511234306.10705,50794150968.169762,10
clean_2RJP,-7.6,-9.99,44273.965431,4398880.233958,10
clean_2VX1,-7.6,-1.25,120.8912,12011.255488,9
clean_2W3M,-7.6,-2.77,2555.097723,253864.065709,10
clean_2WAJ,-7.6,-3.67,2509.073612,249291.298149,10
clean_2WB8,-7.6,-2.67,455931.477943,45299488.013841,10
clean_2WOT,-7.6,-5.62,1857.151896,184519.021238,10
clean_2XH1,-7.6,-9.56,2703751232.091513,268633670750.714142,10
clean_2XK9,-7.6,-3.90,3536.717116,351393.756186,10
clean_2YCF,-7.6,-2.84,295.044602,29314.425641,10
clean_2Z0O,-7.6,-3.16,541057.582946,53757269.851241,10
clean_2ZK6,-7.6,-12.31,3.354681,333.307416,10
clean_2ZV2,-7.6,-1.85,6718.985201,667570.905475,10
clean_3AHQ,-7.6,-9.71,184.137225,18295.122058,10
clean_3ANR,-7.6,-8.32,5568.699323,553283.202453,10
clean_3BWY,-7.6,0.61,22822.750684,2267575.219196,2
clean_3COT,-7.6,-9.75,464440685.047907,46144928050.160515,10
clean_3CPC,-7.6,-1.77,3.018242,299.880168,6
clean_3D3P,-7.6,-4.69,6246255.412387,620602406.005436,10
clean_3E50,-7.6,-7.85,8902.339922,884500.106024,10
clean_3ET2,-7.6,14.97,98.532642,9789.800587,2
clean_3F8Y,-7.6,-2.10,20199482.723696,2006938037.392791,10
clean_3F8Z,-7.6,-8.96,23.603013,2345.098876,10
clean_3GB8,-7.6,-10.25,279130.08946,27733224.735536,10
clean_3GHW,-7.6,-0.46,790.94675,78585.236065,4
clean_3HMV,-7.6,-14.65,419543.115749,41684089.084873,10
clean_3HP2,-7.6,3.51,1531.576382,152171.168898,2
clean_3HUB,-7.6,-13.21,49839.245481,4951823.71145,10
clean_3KJD,-7.6,-4.96,19091119.159044,1896815564.080591,10
clean_3L8P,-7.6,0.69,809.68847,80447.336785,10
clean_3NXU,-7.6,-2.26,1.221499,121.363125,10
clean_3NXV,-7.6,-4.41,97563.170704,9693477.848546,10
clean_3O2Y,-7.6,-8.64,7886.776672,783597.892703,10
clean_3O8I,-7.6,-7.29,70.062463,6961.119941,10
clean_3OZJ,-7.6,-1.80,29715.037702,2952364.684922,10
clean_3PG7,-7.6,-6.04,180.698383,17953.452745,10
clean_3Q28,-7.6,-7.25,11216.328564,1114408.558981,10
clean_3Q29,-7.6,-10.74,88826.165941,8825404.768083,10
clean_3QJZ,-7.6,-4.87,104100902.159128,10343040122.753801,10
clean_3QUE,-7.6,NA,NA,NA,0
clean_3QZ2,-7.6,-7.00,1205298.953186,119753577.290389,10
clean_3R5N,-7.6,-3.02,92.33251,9173.780778,10
clean_3SHZ,-7.6,-10.46,212.193588,21082.687519,10
clean_3SQO,-7.6,-10.12,2093.569765,208008.534304,10
clean_3TKU,-7.6,-3.68,671758.149837,66743143.934768,10
clean_3TWT,-7.6,-7.60,1775543.754766,176410769.881465,10
clean_3TZM,-7.6,-6.08,78.872114,7836.410864,10
clean_3U0T,-7.6,-8.80,14607162.275642,1451307936.463431,10
clean_3U6J,-7.6,-8.55,1.883168,187.103827,10
clean_3UV2,-7.6,-6.96,24429.580292,2427223.241157,10
clean_3V0N,-7.6,-7.96,20221.080817,2009083.935644,10
clean_3VHU,-7.6,-6.02,0.115613,11.486808,10
clean_3VZB,-7.6,1.31,64.76174,6434.461751,5
clean_3W4K,-7.6,-3.32,3133786769.922692,311360244005.563538,10
clean_3WD9,-7.6,-5.24,1.69419,168.327824,10
clean_3WS9,-7.6,-3.96,886389.469312,88068034.525429,10
clean_3ZC5,-7.6,2.91,1556291.46131,154626758.204504,10
clean_3ZKS,-7.6,-4.07,29549.224515,2935890.164394,10
clean_3ZNP,-7.6,-5.92,321829361.6295,31975649883.667049,10
clean_4AG1,-7.6,-11.20,6131376518.450431,609188508675.018799,10
clean_4BB5,-7.6,-8.81,753.954674,74909.854581,10
clean_4BGQ,-7.6,-6.97,27552.201822,2737474.152482,10
clean_4C7J,-7.6,-7.19,6653.373277,661051.972882,10
clean_4CYF,-7.6,-7.27,461432.343314,45846031.512178,8
clean_4E4Q,-7.6,-10.22,1080.535731,107357.613516,10
clean_4E6C,-7.6,-7.05,0.644645,64.049331,10
clean_4E90,-7.6,-10.72,185537044.022539,18434202305.4599,10
clean_4EBV,-7.6,3.67,2.010407,199.745799,4
clean_4EBW,-7.6,-3.56,506.449885,50318.790441,10
clean_4EHG,-7.6,-1.86,57887.438038,5751459.226653,10
clean_4EJN,-7.6,-10.09,134484.627401,13361842.868346,10
clean_4FHK,-7.6,-3.69,20873647314.444336,2073920275460.157959,10
clean_4FK3,-7.6,-9.62,895.005182,88924.056555,10
clean_4G95,-7.6,-6.55,157.137218,15612.511712,10
clean_4GAB,-7.6,-9.17,124197253.576086,12339731455.061668,8
clean_4GDY,-7.6,-5.47,432196395.08672,42941267199.186623,10
clean_4GH6,-7.6,-7.93,1499956.905996,149029587.057776,10
clean_4HAB,-7.6,-8.15,856819.01176,85130034.733299,10
clean_4HEU,-7.6,-7.51,16.560426,1645.376217,10
clean_4HYI,-7.6,NA,NA,NA,0
clean_4I4F,-7.6,-4.73,128847.126288,12801723.801257,10
clean_4IE5,-7.6,-6.02,84012.662363,8347154.727963,10
clean_4JV8,-7.6,-8.90,0.133454,13.259432,10
clean_4JYW,-7.6,-8.20,1897801.186002,188557768.517973,10
clean_4KC4,-7.6,-10.60,912961.213507,90708094.415801,10
clean_4LZG,-7.6,-9.93,46751016.868017,4644989939.72495,10
clean_4M6L,-7.6,-7.77,8681.945807,862602.647665,10
clean_4MCQ,-7.6,-1.73,1529077005.11734,151922841077.147156,10
clean_4MSU,-7.6,-5.16,1789.164602,177764.081585,10
clean_4MZ7,-7.6,-3.75,138418.048503,13752651.511063,10
clean_4N73,-7.6,-13.41,18124.956478,1800821.589292,10
clean_4NGR,-7.6,-4.36,296236245543.506287,29432822482045.753906,10
clean_4O18,-7.6,-9.56,1484701.154319,147513837.929506,10
clean_4OAU,-7.6,1.31,158862.289421,15783907.722151,10
clean_4OMJ,-7.6,-0.49,89.575038,8899.809666,10
clean_4ORS,-7.6,-6.93,22833.188989,2268612.326557,10
clean_4OYB,-7.6,-6.87,97.89032,9725.982072,10
clean_4OZ3,-7.6,3.11,13681.908465,1359378.499814,6
clean_4P8X,-7.6,-7.85,6349.281908,630838.697454,10
clean_4PJG,-7.6,-6.69,204.981318,20366.105936,4
clean_4POH,-7.6,1.35,5.185784,515.238288,10
clean_4POJ,-7.6,1.95,0.720969,71.632569,10
clean_4PX3,-7.6,-8.93,30552.052424,3035527.046371,10
clean_4PXS,-7.6,-7.96,1076359.382342,106942668.576002,10
clean_4QA0,-7.6,-9.74,138.472921,13758.103378,10
clean_4QBM,-7.6,NA,NA,NA,0
clean_4QHV,-7.6,-2.89,846.554011,84110.14622,10
clean_4QJC,-7.6,-0.55,132763.580062,13190846.639599,2
clean_4QJR,-7.6,-2.16,226.838925,22537.788407,10
clean_4QVE,-7.6,-7.00,7067.443415,702192.289289,10
clean_4R8Q,-7.6,-13.22,3998608.651056,397285411.127809,10
clean_4XZL,-7.6,-14.33,4605.897168,457623.115892,10
clean_4YLL,-7.6,-5.16,1139.558339,113221.858618,10
clean_4YOL,-7.6,-6.52,83892118.916204,8335178023.786676,10
clean_4Z9L,-7.6,-3.45,4178.111485,415120.078955,8
clean_4ZCV,-7.6,-6.14,955653.282623,94949803.897982,10
clean_4ZUD,-7.6,-3.56,84.540479,8399.596418,10
clean_4ZV8,-7.6,-6.52,0.451941,44.902992,10
clean_4ZW9,-7.6,-8.95,20.329736,2019.879492,10
clean_5AJO,-7.6,-2.12,16301.555565,1619655.927833,10
clean_5AL4,-7.6,NA,NA,NA,1
clean_5AO1,-7.6,-11.98,46228.142861,4593039.315694,10
clean_5BNW,-7.6,-4.43,2748144.631899,273044417.496107,2
clean_5C4O,-7.6,0.02,1.570045,155.993223,3
clean_5C6C,-7.6,-15.28,22968.304078,2282036.809469,10
clean_5CEI,-7.6,-6.95,501.492366,49826.231571,10
clean_5EK2,-7.6,-9.05,727191.776387,72250802.482079,10
clean_5FE6,-7.6,-12.94,838.487707,83308.711223,10
clean_5FFH,-7.6,-8.90,11.482428,1140.847147,10
clean_5FRI,-7.6,-3.93,661.782518,65752.005926,10
clean_5GHJ,-7.6,2.91,36888.901911,3665130.509306,7
clean_5HBE,-7.6,-6.81,194.011818,19276.221198,9
clean_5HQY,-7.6,-8.35,81095.398834,8057307.348144,10
clean_5HUI,-7.6,NA,NA,NA,0
clean_5HVE,-7.6,-8.77,569993.893874,56632263.426952,10
clean_5HZJ,-7.6,-2.94,943003.39826,93692963.094468,10
clean_5KVI,-7.6,-9.66,5689.548652,565290.297857,10
clean_5KWY,-7.6,-2.11,10.215772,1014.997302,10
clean_5KXA,-7.6,-9.41,1664.209785,165349.081767,10
clean_5L04,-7.6,0.53,5547.349979,551162.018895,10
clean_5L0V,-7.6,-3.94,20762.928383,2062919.694959,10
clean_5LIK,-7.6,-11.44,429666.376119,42689894.856055,10
clean_5LIW,-7.6,-11.73,282.971243,28114.866032,10
clean_5M2F,-7.6,-0.80,860305928.119777,85476480489.901001,10
clean_5MHP,-7.6,-4.01,226.90652,22544.504299,10
clean_5MKU,-7.6,NA,NA,NA,0
clean_5NKF,-7.6,-3.52,40525.086001,4026406.897513,10
clean_5NPS,-7.6,4.12,88900161.148545,8832756629.45883,2
clean_5NU1,-7.6,1.81,11.010642,1093.972393,10
clean_5OWC,-7.6,-2.45,6657.257391,661437.882623,10
clean_5Q0M,-7.6,-0.17,6.567618,652.531673,10
clean_5Q19,-7.6,-3.24,16.094667,1599.100338,10
clean_5SHC,-7.6,-3.88,3.33126,330.980359,10
clean_5SHS,-7.6,-8.99,200690.048661,19939742.907945,10
clean_5SHY,-7.6,-7.86,14028.294224,1393793.973001,10
clean_5SWF,-7.6,-5.22,2370.436951,235516.926167,10
clean_5T53,-7.6,-3.81,6355.34275,631440.878011,10
clean_5TE8,-7.6,-5.99,282.668169,28084.753879,10
clean_5TJ2,-7.6,2.88,10873647.873454,1080361206.321834,4
clean_5TTO,-7.6,-7.27,10.611862,1054.35121,10
clean_5U3Z,-7.6,-8.41,16372.021615,1626657.146503,10
clean_5UYJ,-7.6,-5.60,447214.205129,44433375.419229,10
clean_5V6Y,-7.6,-12.36,156.766057,15575.634686,10
clean_5VCG,-7.6,-6.19,6.748555,670.508835,10
clean_5VMU,-7.6,-6.74,2103.781993,209023.179518,7
clean_5VV0,-7.6,-13.91,4108.115762,408165.590074,10
clean_5X74,-7.6,-10.49,0.052975,5.263368,10
clean_5X8X,-7.6,-3.90,5.386649,535.195452,10
clean_5XQX,-7.6,-5.01,6635.927437,659318.625541,10
clean_5XUI,-7.6,-5.84,307.727048,30574.501673,10
clean_5Y49,-7.6,-7.24,12.04696,1196.936704,10
clean_5YXJ,-7.6,-8.27,15.188478,1509.065085,10
clean_5ZMD,-7.6,1.94,2179939534.654132,216589881590.45343,10
clean_6A5Z,-7.6,-3.32,105.746407,10506.530776,10
clean_6AAH,-7.6,-5.46,181061823.370341,17989562674.065552,10
clean_6AKR,-7.6,-11.01,171.373475,17026.968021,10
clean_6BLE,-7.6,-2.55,3586.680769,356357.940486,10
clean_6C1I,-7.6,-9.72,205.715464,20439.047632,10
clean_6C58,-7.6,-8.40,811791.922651,80656327.209098,10
